2026-03-25T15:41:49.704552Z  INFO ThreadId(01) Starting Satellite Ground Control Simulation (TCP MODE)
2026-03-25T15:41:49.705723Z  INFO ThreadId(01) GCS listening for satellite connection on port 8888...
2026-03-25T15:41:53.797381Z  INFO ThreadId(10) Satellite connected from: 127.0.0.1:57989
2026-03-25T15:41:53.807523Z  INFO ThreadId(22) uplink_tx: sent cmd=Heartbeat dispatch_us=206 queue_latency_us=37 seq=0 elapsed_us=4103866
2026-03-25T15:41:53.948885Z  INFO ThreadId(23) telemetry_rx sensor=Thermal latency_us=4141204 drift_us=0 decode_us=0 seq=0 value=68.26593891945976 elapsed_us=4245194
2026-03-25T15:41:53.998678Z  INFO ThreadId(02) telemetry_rx sensor=Thermal latency_us=4091414 drift_us=-50176 decode_us=1 seq=1 value=76.81247828616284 elapsed_us=4295018
2026-03-25T15:41:53.998789Z  INFO ThreadId(02) telemetry_rx sensor=Power latency_us=4091403 drift_us=0 decode_us=0 seq=0 value=2.169085406444584 elapsed_us=4295092
2026-03-25T15:41:54.148787Z  INFO ThreadId(22) telemetry_rx sensor=Thermal latency_us=4141481 drift_us=50111 decode_us=1 seq=2 value=28.748163439465223 elapsed_us=4445129
2026-03-25T15:41:54.198659Z  INFO ThreadId(02) telemetry_rx sensor=Thermal latency_us=4091333 drift_us=-50127 decode_us=0 seq=3 value=38.553504592916504 elapsed_us=4495002
2026-03-25T15:41:54.198702Z  INFO ThreadId(02) telemetry_rx sensor=Power latency_us=4091335 drift_us=-33 decode_us=0 seq=1 value=4.057839953315928 elapsed_us=4495059
2026-03-25T15:41:54.298460Z  INFO ThreadId(22) telemetry_rx sensor=Imu latency_us=4091347 drift_us=0 decode_us=0 seq=0 value=-0.06308447059786873 elapsed_us=4594759
2026-03-25T15:41:54.298501Z  INFO ThreadId(22) telemetry_rx sensor=Thermal latency_us=4091459 drift_us=-144 decode_us=0 seq=4 value=75.58492624727114 elapsed_us=4594858
2026-03-25T15:41:54.399730Z  INFO ThreadId(22) telemetry_rx sensor=Power latency_us=4091396 drift_us=1010 decode_us=1 seq=2 value=1.1031190453156277 elapsed_us=4696069
2026-03-25T15:41:54.399780Z  INFO ThreadId(22) telemetry_rx sensor=Thermal latency_us=4091441 drift_us=1280 decode_us=0 seq=5 value=27.689092152838146 elapsed_us=4696138
2026-03-25T15:41:54.548988Z  INFO ThreadId(23) telemetry_rx sensor=Thermal latency_us=4140895 drift_us=49191 decode_us=1 seq=6 value=50.350389480381494 elapsed_us=4845329
2026-03-25T15:41:54.599483Z  INFO ThreadId(02) telemetry_rx sensor=Power latency_us=4091324 drift_us=-248 decode_us=1 seq=3 value=4.53137818085865 elapsed_us=4895821
2026-03-25T15:41:54.599540Z  INFO ThreadId(02) telemetry_rx sensor=Thermal latency_us=4091423 drift_us=-49432 decode_us=0 seq=7 value=79.4989462864894 elapsed_us=4895897
2026-03-25T15:41:54.749015Z  INFO ThreadId(23) telemetry_rx sensor=Thermal latency_us=4141379 drift_us=49461 decode_us=1 seq=8 value=57.49137507049843 elapsed_us=5045358
2026-03-25T15:41:54.798768Z  INFO ThreadId(23) telemetry_rx sensor=Imu latency_us=4091336 drift_us=348 decode_us=1 seq=1 value=-0.08778556060566972 elapsed_us=5095107
2026-03-25T15:41:54.798823Z  INFO ThreadId(23) telemetry_rx sensor=Power latency_us=4091420 drift_us=-641 decode_us=0 seq=4 value=1.9854997251700988 elapsed_us=5095180
2026-03-25T15:41:54.798845Z  INFO ThreadId(23) telemetry_rx sensor=Thermal latency_us=4091443 drift_us=-50156 decode_us=0 seq=9 value=72.07951894329743 elapsed_us=5095202
2026-03-25T15:41:54.948451Z  INFO ThreadId(10) telemetry_rx sensor=Thermal latency_us=4140219 drift_us=49584 decode_us=1 seq=10 value=42.591793060725195 elapsed_us=5244786
2026-03-25T15:41:54.999496Z  INFO ThreadId(23) telemetry_rx sensor=Thermal latency_us=4091337 drift_us=-48947 decode_us=0 seq=11 value=61.17388708967183 elapsed_us=5295839
2026-03-25T15:41:54.999540Z  INFO ThreadId(23) telemetry_rx sensor=Power latency_us=4091338 drift_us=717 decode_us=0 seq=5 value=2.7914955135450197 elapsed_us=5295897
2026-03-25T15:41:55.149746Z  INFO ThreadId(22) telemetry_rx sensor=Thermal latency_us=4142511 drift_us=50242 decode_us=1 seq=12 value=48.855080945327444 elapsed_us=5446081
2026-03-25T15:41:55.199637Z  INFO ThreadId(22) telemetry_rx sensor=Power latency_us=4091333 drift_us=81 decode_us=1 seq=6 value=4.222669588937743 elapsed_us=5495978
2026-03-25T15:41:55.199676Z  INFO ThreadId(22) telemetry_rx sensor=Thermal latency_us=4091385 drift_us=-50048 decode_us=0 seq=13 value=66.71024913729855 elapsed_us=5496033
2026-03-25T15:41:55.298323Z  INFO ThreadId(23) telemetry_rx sensor=Imu latency_us=4091350 drift_us=-450 decode_us=1 seq=2 value=-0.0010175484628597992 elapsed_us=5594657
2026-03-25T15:41:55.298379Z  INFO ThreadId(23) telemetry_rx sensor=Thermal latency_us=4091406 drift_us=-1298 decode_us=0 seq=14 value=20.119084588694164 elapsed_us=5594735
2026-03-25T15:41:55.449578Z  INFO ThreadId(23) telemetry_rx sensor=Power latency_us=4141254 drift_us=49941 decode_us=1 seq=7 value=4.4987127584257465 elapsed_us=5745919
2026-03-25T15:41:55.449627Z  INFO ThreadId(23) telemetry_rx sensor=Thermal latency_us=4141325 drift_us=51250 decode_us=0 seq=15 value=74.32125307847528 elapsed_us=5745985
2026-03-25T15:41:55.548618Z  INFO ThreadId(23) telemetry_rx sensor=Thermal latency_us=4141230 drift_us=-1030 decode_us=1 seq=16 value=70.29025903181156 elapsed_us=5844955
2026-03-25T15:41:55.598274Z  INFO ThreadId(23) telemetry_rx sensor=Thermal latency_us=4091313 drift_us=-50338 decode_us=0 seq=17 value=76.09513708711687 elapsed_us=5894617
2026-03-25T15:41:55.598315Z  INFO ThreadId(23) telemetry_rx sensor=Power latency_us=4091347 drift_us=-51246 decode_us=0 seq=8 value=1.7579235790482652 elapsed_us=5894673
2026-03-25T15:41:55.748645Z  INFO ThreadId(23) telemetry_rx sensor=Thermal latency_us=4140880 drift_us=50371 decode_us=1 seq=18 value=47.299456553911234 elapsed_us=6044988
2026-03-25T15:41:55.798373Z  INFO ThreadId(22) telemetry_rx sensor=Imu latency_us=4091351 drift_us=55 decode_us=1 seq=3 value=-0.0199026994114381 elapsed_us=6094712
2026-03-25T15:41:55.798434Z  INFO ThreadId(22) telemetry_rx sensor=Power latency_us=4091391 drift_us=118 decode_us=0 seq=9 value=4.706851187309798 elapsed_us=6094791
2026-03-25T15:41:55.798468Z  INFO ThreadId(22) telemetry_rx sensor=Thermal latency_us=4091404 drift_us=-50162 decode_us=0 seq=19 value=57.97835555479294 elapsed_us=6094826
2026-03-25T15:41:55.949292Z  INFO ThreadId(23) telemetry_rx sensor=Thermal latency_us=4140936 drift_us=50806 decode_us=1 seq=20 value=31.75569884701445 elapsed_us=6245632
2026-03-25T15:41:56.049647Z  INFO ThreadId(23) telemetry_rx sensor=Power latency_us=4142269 drift_us=51198 decode_us=0 seq=10 value=0.6419850889483876 elapsed_us=6345989
2026-03-25T15:41:56.049695Z  INFO ThreadId(23) telemetry_rx sensor=Thermal latency_us=4142327 drift_us=420 decode_us=0 seq=21 value=31.543195782037824 elapsed_us=6346052
2026-03-25T15:41:56.149600Z  INFO ThreadId(23) telemetry_rx sensor=Thermal latency_us=4141317 drift_us=-111 decode_us=1 seq=22 value=66.81928509758256 elapsed_us=6445941
2026-03-25T15:41:56.199049Z  INFO ThreadId(22) telemetry_rx sensor=Thermal latency_us=4091339 drift_us=-50550 decode_us=0 seq=23 value=22.486890176825646 elapsed_us=6495391
2026-03-25T15:41:56.199090Z  INFO ThreadId(22) telemetry_rx sensor=Power latency_us=4091377 drift_us=-50541 decode_us=0 seq=11 value=1.8525350060679768 elapsed_us=6495448
2026-03-25T15:41:56.299467Z  INFO ThreadId(22) telemetry_rx sensor=Thermal latency_us=4091364 drift_us=416 decode_us=1 seq=24 value=61.73637543086404 elapsed_us=6595807
2026-03-25T15:41:56.299523Z  INFO ThreadId(22) telemetry_rx sensor=Imu latency_us=4091398 drift_us=1168 decode_us=0 seq=4 value=-0.06438885098345945 elapsed_us=6595880
2026-03-25T15:41:56.399519Z  INFO ThreadId(10) telemetry_rx sensor=Thermal latency_us=4091344 drift_us=54 decode_us=0 seq=25 value=44.220350094520455 elapsed_us=6695861
2026-03-25T15:41:56.399561Z  INFO ThreadId(10) telemetry_rx sensor=Power latency_us=4091381 drift_us=470 decode_us=0 seq=12 value=2.6604010967300273 elapsed_us=6695918
2026-03-25T15:41:56.549385Z  INFO ThreadId(10) telemetry_rx sensor=Thermal latency_us=4141151 drift_us=49865 decode_us=1 seq=26 value=69.7420726758892 elapsed_us=6845726
2026-03-25T15:41:56.598796Z  INFO ThreadId(10) telemetry_rx sensor=Thermal latency_us=4091351 drift_us=-50589 decode_us=1 seq=27 value=75.65983586568005 elapsed_us=6895137
2026-03-25T15:41:56.598837Z  INFO ThreadId(10) telemetry_rx sensor=Power latency_us=4091366 drift_us=-723 decode_us=0 seq=13 value=2.6429992810259613 elapsed_us=6895195
2026-03-25T15:41:56.749031Z  INFO ThreadId(22) telemetry_rx sensor=Thermal latency_us=4141239 drift_us=50235 decode_us=0 seq=28 value=76.37793904052072 elapsed_us=7045372
2026-03-25T15:41:56.798677Z  INFO ThreadId(10) telemetry_rx sensor=Imu latency_us=4091340 drift_us=-861 decode_us=0 seq=5 value=-0.04416066926186342 elapsed_us=7095019
2026-03-25T15:41:56.798718Z  INFO ThreadId(10) telemetry_rx sensor=Power latency_us=4091423 drift_us=-119 decode_us=0 seq=14 value=1.133277603888305 elapsed_us=7095076
2026-03-25T15:41:56.798740Z  INFO ThreadId(10) telemetry_rx sensor=Thermal latency_us=4091413 drift_us=-50275 decode_us=0 seq=29 value=69.65998471384734 elapsed_us=7095097
2026-03-25T15:41:56.898647Z  INFO ThreadId(10) telemetry_rx sensor=Thermal latency_us=4091346 drift_us=-108 decode_us=0 seq=30 value=73.3925498149928 elapsed_us=7194989
2026-03-25T15:41:56.998354Z  INFO ThreadId(10) telemetry_rx sensor=Power latency_us=4091405 drift_us=-381 decode_us=1 seq=15 value=1.9408711118769504 elapsed_us=7294695
2026-03-25T15:41:56.998395Z  INFO ThreadId(10) telemetry_rx sensor=Thermal latency_us=4091495 drift_us=-237 decode_us=0 seq=31 value=49.609500553121165 elapsed_us=7294752
2026-03-25T15:41:57.149641Z  INFO ThreadId(23) telemetry_rx sensor=Thermal latency_us=4142260 drift_us=51226 decode_us=1 seq=32 value=25.377588338736384 elapsed_us=7445978
2026-03-25T15:41:57.198868Z  INFO ThreadId(22) telemetry_rx sensor=Power latency_us=4091334 drift_us=514 decode_us=0 seq=16 value=0.7164116349050842 elapsed_us=7495209
2026-03-25T15:41:57.198909Z  INFO ThreadId(22) telemetry_rx sensor=Thermal latency_us=4091405 drift_us=-50711 decode_us=0 seq=33 value=31.19351479910016 elapsed_us=7495267
2026-03-25T15:41:57.298540Z  INFO ThreadId(23) telemetry_rx sensor=Thermal latency_us=4091334 drift_us=-385 decode_us=0 seq=34 value=54.73280176503745 elapsed_us=7594882
2026-03-25T15:41:57.298582Z  INFO ThreadId(23) telemetry_rx sensor=Imu latency_us=4091372 drift_us=-80 decode_us=0 seq=6 value=0.01949917384357916 elapsed_us=7594939
2026-03-25T15:41:57.398609Z  INFO ThreadId(22) telemetry_rx sensor=Thermal latency_us=4091322 drift_us=66 decode_us=1 seq=35 value=41.79262948556238 elapsed_us=7694948
2026-03-25T15:41:57.398668Z  INFO ThreadId(22) telemetry_rx sensor=Power latency_us=4091352 drift_us=-184 decode_us=0 seq=17 value=2.3335886940003943 elapsed_us=7695025
2026-03-25T15:41:57.499654Z  INFO ThreadId(10) telemetry_rx sensor=Thermal latency_us=4091346 drift_us=1048 decode_us=0 seq=36 value=38.39897089733101 elapsed_us=7795996
2026-03-25T15:41:57.599023Z  INFO ThreadId(10) telemetry_rx sensor=Power latency_us=4091395 drift_us=337 decode_us=1 seq=18 value=4.336580406937301 elapsed_us=7895362
2026-03-25T15:41:57.599079Z  INFO ThreadId(10) telemetry_rx sensor=Thermal latency_us=4091477 drift_us=-560 decode_us=0 seq=37 value=44.28757661266269 elapsed_us=7895436
2026-03-25T15:41:57.700076Z  INFO ThreadId(10) telemetry_rx sensor=Thermal latency_us=4091341 drift_us=982 decode_us=1 seq=38 value=32.53582711247607 elapsed_us=7996418
2026-03-25T15:41:57.799484Z  INFO ThreadId(02) telemetry_rx sensor=Imu latency_us=4091369 drift_us=887 decode_us=0 seq=7 value=0.09399141466971656 elapsed_us=8095826
2026-03-25T15:41:57.799526Z  INFO ThreadId(02) telemetry_rx sensor=Power latency_us=4091453 drift_us=522 decode_us=0 seq=19 value=2.7093046367053066 elapsed_us=8095884
2026-03-25T15:41:57.799551Z  INFO ThreadId(02) telemetry_rx sensor=Thermal latency_us=4091469 drift_us=-509 decode_us=0 seq=39 value=44.010978807295075 elapsed_us=8095909
2026-03-25T15:41:57.948352Z  INFO ThreadId(22) telemetry_rx sensor=Thermal latency_us=4141329 drift_us=48785 decode_us=0 seq=40 value=24.619592746392147 elapsed_us=8244694
2026-03-25T15:41:58.048340Z  INFO ThreadId(22) telemetry_rx sensor=Power latency_us=4140249 drift_us=48797 decode_us=0 seq=20 value=4.709643017784659 elapsed_us=8344681
2026-03-25T15:41:58.048429Z  INFO ThreadId(22) telemetry_rx sensor=Thermal latency_us=4140338 drift_us=91 decode_us=0 seq=41 value=46.68502818098946 elapsed_us=8344785
2026-03-25T15:41:58.098730Z  INFO ThreadId(10) telemetry_rx sensor=Thermal latency_us=4091375 drift_us=-49713 decode_us=0 seq=42 value=64.56461830165614 elapsed_us=8395072
2026-03-25T15:41:58.199279Z  INFO ThreadId(22) telemetry_rx sensor=Thermal latency_us=4091329 drift_us=548 decode_us=0 seq=43 value=77.33996114652044 elapsed_us=8495620
2026-03-25T15:41:58.199322Z  INFO ThreadId(22) telemetry_rx sensor=Power latency_us=4091371 drift_us=-49001 decode_us=0 seq=21 value=2.088429753429229 elapsed_us=8495680
2026-03-25T15:41:58.299516Z  INFO ThreadId(02) telemetry_rx sensor=Thermal latency_us=4091362 drift_us=237 decode_us=0 seq=44 value=74.49605925325329 elapsed_us=8595857
2026-03-25T15:41:58.299557Z  INFO ThreadId(02) telemetry_rx sensor=Imu latency_us=4091392 drift_us=88 decode_us=0 seq=8 value=-0.07287670287610548 elapsed_us=8595914
2026-03-25T15:41:58.398730Z  INFO ThreadId(10) telemetry_rx sensor=Thermal latency_us=4091337 drift_us=-786 decode_us=1 seq=45 value=46.54435071885867 elapsed_us=8695071
2026-03-25T15:41:58.398772Z  INFO ThreadId(10) telemetry_rx sensor=Power latency_us=4091340 drift_us=-551 decode_us=0 seq=22 value=0.9742769305471527 elapsed_us=8695129
2026-03-25T15:41:58.499309Z  INFO ThreadId(10) telemetry_rx sensor=Thermal latency_us=4091334 drift_us=580 decode_us=0 seq=46 value=28.189538731482223 elapsed_us=8795651
2026-03-25T15:41:58.599632Z  INFO ThreadId(10) telemetry_rx sensor=Power latency_us=4091342 drift_us=842 decode_us=1 seq=23 value=3.9560257272577672 elapsed_us=8895971
2026-03-25T15:41:58.599689Z  INFO ThreadId(10) telemetry_rx sensor=Thermal latency_us=4091441 drift_us=395 decode_us=0 seq=47 value=46.6688426998966 elapsed_us=8896046
2026-03-25T15:41:58.748502Z  INFO ThreadId(22) telemetry_rx sensor=Thermal latency_us=4141250 drift_us=48798 decode_us=0 seq=48 value=58.3678060565266 elapsed_us=9044844
2026-03-25T15:41:58.799701Z  INFO ThreadId(23) telemetry_rx sensor=Power latency_us=4091352 drift_us=70 decode_us=0 seq=24 value=1.724993878297033 elapsed_us=9096041
2026-03-25T15:41:58.799756Z  INFO ThreadId(23) telemetry_rx sensor=Imu latency_us=4091401 drift_us=199 decode_us=0 seq=9 value=-0.05280115676556845 elapsed_us=9096113
2026-03-25T15:41:58.799787Z  INFO ThreadId(23) telemetry_rx sensor=Thermal latency_us=4091370 drift_us=-48700 decode_us=0 seq=49 value=43.28770800473941 elapsed_us=9096144
2026-03-25T15:41:58.812801Z  INFO ThreadId(23) uplink_tx: sent cmd=Heartbeat dispatch_us=95 queue_latency_us=13028 seq=1 elapsed_us=9109147
2026-03-25T15:41:58.948679Z  INFO ThreadId(22) telemetry_rx sensor=Thermal latency_us=4140686 drift_us=48877 decode_us=1 seq=50 value=70.332616793572 elapsed_us=9245021
2026-03-25T15:41:58.998775Z  INFO ThreadId(10) telemetry_rx sensor=Thermal latency_us=4091343 drift_us=-49909 decode_us=1 seq=51 value=63.67622713731706 elapsed_us=9295112
2026-03-25T15:41:58.998844Z  INFO ThreadId(10) telemetry_rx sensor=Power latency_us=4091391 drift_us=-841 decode_us=0 seq=25 value=3.223852356636878 elapsed_us=9295200
2026-03-25T15:41:59.148631Z  INFO ThreadId(23) telemetry_rx sensor=Thermal latency_us=4140501 drift_us=49861 decode_us=0 seq=52 value=51.026961686706755 elapsed_us=9444973
2026-03-25T15:41:59.198658Z  INFO ThreadId(10) telemetry_rx sensor=Power latency_us=4091453 drift_us=-201 decode_us=1 seq=26 value=1.0954462943779357 elapsed_us=9494999
2026-03-25T15:41:59.198703Z  INFO ThreadId(10) telemetry_rx sensor=Thermal latency_us=4091497 drift_us=-49912 decode_us=0 seq=53 value=26.524225825757348 elapsed_us=9495061
2026-03-25T15:41:59.298599Z  INFO ThreadId(22) telemetry_rx sensor=Imu latency_us=4091402 drift_us=-1175 decode_us=1 seq=10 value=0.07580968121518392 elapsed_us=9594938
2026-03-25T15:41:59.298657Z  INFO ThreadId(22) telemetry_rx sensor=Thermal latency_us=4091514 drift_us=-47 decode_us=0 seq=54 value=34.02041802647149 elapsed_us=9595014
2026-03-25T15:41:59.398669Z  INFO ThreadId(22) telemetry_rx sensor=Power latency_us=4091367 drift_us=-1 decode_us=1 seq=27 value=2.708845895480573 elapsed_us=9694998
2026-03-25T15:41:59.398725Z  INFO ThreadId(22) telemetry_rx sensor=Thermal latency_us=4091472 drift_us=69 decode_us=0 seq=55 value=28.996218154554015 elapsed_us=9695083
2026-03-25T15:41:59.499595Z  INFO ThreadId(22) telemetry_rx sensor=Thermal latency_us=4091368 drift_us=849 decode_us=0 seq=56 value=60.573725901831125 elapsed_us=9795932
2026-03-25T15:41:59.599164Z  INFO ThreadId(10) telemetry_rx sensor=Power latency_us=4091417 drift_us=505 decode_us=1 seq=28 value=3.8455613997717815 elapsed_us=9895503
2026-03-25T15:41:59.599217Z  INFO ThreadId(10) telemetry_rx sensor=Thermal latency_us=4091499 drift_us=-358 decode_us=0 seq=57 value=73.26415788185463 elapsed_us=9895574
2026-03-25T15:41:59.748824Z  INFO ThreadId(10) telemetry_rx sensor=Thermal latency_us=4140974 drift_us=49582 decode_us=1 seq=58 value=44.259420721979765 elapsed_us=10045156
2026-03-25T15:41:59.799513Z  INFO ThreadId(23) telemetry_rx sensor=Imu latency_us=4091391 drift_us=916 decode_us=0 seq=11 value=-0.035092308331484245 elapsed_us=10095854
2026-03-25T15:41:59.799557Z  INFO ThreadId(23) telemetry_rx sensor=Power latency_us=4091495 drift_us=411 decode_us=0 seq=29 value=4.597876464167301 elapsed_us=10095914
2026-03-25T15:41:59.799580Z  INFO ThreadId(23) telemetry_rx sensor=Thermal latency_us=4091491 drift_us=-49218 decode_us=0 seq=59 value=47.48023894977749 elapsed_us=10095938
2026-03-25T15:41:59.948775Z  INFO ThreadId(02) telemetry_rx sensor=Thermal latency_us=4141716 drift_us=49164 decode_us=1 seq=60 value=65.35437348313569 elapsed_us=10245102
2026-03-25T15:41:59.999721Z  INFO ThreadId(10) telemetry_rx sensor=Thermal latency_us=4091338 drift_us=-49039 decode_us=0 seq=61 value=24.987901896784752 elapsed_us=10296063
2026-03-25T15:41:59.999763Z  INFO ThreadId(10) telemetry_rx sensor=Power latency_us=4091367 drift_us=206 decode_us=0 seq=30 value=0.5312446801850533 elapsed_us=10296120
2026-03-25T15:42:00.148774Z  INFO ThreadId(02) telemetry_rx sensor=Thermal latency_us=4140729 drift_us=49042 decode_us=1 seq=62 value=29.771644239470515 elapsed_us=10445105
2026-03-25T15:42:00.198578Z  INFO ThreadId(23) telemetry_rx sensor=Power latency_us=4091341 drift_us=-1201 decode_us=1 seq=31 value=2.911061678897376 elapsed_us=10494919
2026-03-25T15:42:00.198621Z  INFO ThreadId(23) telemetry_rx sensor=Thermal latency_us=4091415 drift_us=-50127 decode_us=0 seq=63 value=24.078713856901768 elapsed_us=10494978
2026-03-25T15:42:00.298661Z  INFO ThreadId(10) telemetry_rx sensor=Imu latency_us=4091313 drift_us=-860 decode_us=1 seq=12 value=-0.07229555959426365 elapsed_us=10594994
2026-03-25T15:42:00.298755Z  INFO ThreadId(10) telemetry_rx sensor=Thermal latency_us=4091445 drift_us=133 decode_us=0 seq=64 value=71.81676123715677 elapsed_us=10595111
2026-03-25T15:42:00.398458Z  INFO ThreadId(10) telemetry_rx sensor=Power latency_us=4091392 drift_us=-123 decode_us=1 seq=32 value=2.3074361396339214 elapsed_us=10694796
2026-03-25T15:42:00.398512Z  INFO ThreadId(10) telemetry_rx sensor=Thermal latency_us=4091481 drift_us=-242 decode_us=0 seq=65 value=31.061216557097335 elapsed_us=10694869
2026-03-25T15:42:00.549489Z  INFO ThreadId(23) telemetry_rx sensor=Thermal latency_us=4142002 drift_us=50961 decode_us=0 seq=66 value=24.684571968196888 elapsed_us=10845830
2026-03-25T15:42:00.598768Z  INFO ThreadId(02) telemetry_rx sensor=Thermal latency_us=4091340 drift_us=-50721 decode_us=0 seq=67 value=73.41720474535845 elapsed_us=10895109
2026-03-25T15:42:00.598810Z  INFO ThreadId(02) telemetry_rx sensor=Power latency_us=4091357 drift_us=371 decode_us=0 seq=33 value=3.2001161059856713 elapsed_us=10895167
2026-03-25T15:42:00.699690Z  INFO ThreadId(02) telemetry_rx sensor=Thermal latency_us=4091333 drift_us=923 decode_us=0 seq=68 value=47.09031165695947 elapsed_us=10996032
2026-03-25T15:42:00.799354Z  INFO ThreadId(02) telemetry_rx sensor=Power latency_us=4091346 drift_us=529 decode_us=0 seq=34 value=2.616611109720522 elapsed_us=11095696
2026-03-25T15:42:00.799398Z  INFO ThreadId(02) telemetry_rx sensor=Imu latency_us=4091374 drift_us=761 decode_us=0 seq=13 value=-0.059174522984385594 elapsed_us=11095755
2026-03-25T15:42:00.799419Z  INFO ThreadId(02) telemetry_rx sensor=Thermal latency_us=4091384 drift_us=-255 decode_us=0 seq=69 value=74.95573462684031 elapsed_us=11095777
2026-03-25T15:42:00.898737Z  INFO ThreadId(02) telemetry_rx sensor=Thermal latency_us=4091389 drift_us=-699 decode_us=0 seq=70 value=79.33822696715649 elapsed_us=11195078
2026-03-25T15:42:00.999742Z  INFO ThreadId(10) telemetry_rx sensor=Thermal latency_us=4091336 drift_us=1006 decode_us=0 seq=71 value=26.10915351302408 elapsed_us=11296084
2026-03-25T15:42:00.999783Z  INFO ThreadId(10) telemetry_rx sensor=Power latency_us=4091374 drift_us=444 decode_us=0 seq=35 value=2.308814572055993 elapsed_us=11296140
2026-03-25T15:42:01.148744Z  INFO ThreadId(22) telemetry_rx sensor=Thermal latency_us=4141697 drift_us=49001 decode_us=1 seq=72 value=75.540349952087 elapsed_us=11445085
2026-03-25T15:42:01.198836Z  INFO ThreadId(02) telemetry_rx sensor=Thermal latency_us=4091314 drift_us=-49907 decode_us=0 seq=73 value=53.72583391358458 elapsed_us=11495178
2026-03-25T15:42:01.198879Z  INFO ThreadId(02) telemetry_rx sensor=Power latency_us=4091356 drift_us=-904 decode_us=0 seq=36 value=0.6677645774890947 elapsed_us=11495236
2026-03-25T15:42:01.298649Z  INFO ThreadId(02) telemetry_rx sensor=Thermal latency_us=4091344 drift_us=-188 decode_us=1 seq=74 value=23.466782176103823 elapsed_us=11594990
2026-03-25T15:42:01.298691Z  INFO ThreadId(02) telemetry_rx sensor=Imu latency_us=4091328 drift_us=-706 decode_us=0 seq=14 value=-0.03171853962617269 elapsed_us=11595049
2026-03-25T15:42:01.399670Z  INFO ThreadId(22) telemetry_rx sensor=Power latency_us=4091359 drift_us=772 decode_us=1 seq=37 value=1.3800133919901216 elapsed_us=11696008
2026-03-25T15:42:01.399728Z  INFO ThreadId(22) telemetry_rx sensor=Thermal latency_us=4091430 drift_us=1094 decode_us=0 seq=75 value=70.17018134531345 elapsed_us=11696084
2026-03-25T15:42:01.499997Z  INFO ThreadId(02) telemetry_rx sensor=Thermal latency_us=4091345 drift_us=254 decode_us=0 seq=76 value=29.40433659298225 elapsed_us=11796338
2026-03-25T15:42:01.599259Z  INFO ThreadId(22) telemetry_rx sensor=Thermal latency_us=4091279 drift_us=-736 decode_us=0 seq=77 value=78.86813363877323 elapsed_us=11895602
2026-03-25T15:42:01.599301Z  INFO ThreadId(22) telemetry_rx sensor=Power latency_us=4091324 drift_us=-349 decode_us=0 seq=38 value=2.356963574276466 elapsed_us=11895659
2026-03-25T15:42:01.748745Z  INFO ThreadId(02) telemetry_rx sensor=Thermal latency_us=4141490 drift_us=49483 decode_us=1 seq=78 value=79.58779445344263 elapsed_us=12045085
2026-03-25T15:42:01.798827Z  INFO ThreadId(23) telemetry_rx sensor=Imu latency_us=4091329 drift_us=117 decode_us=1 seq=15 value=0.05070471928966072 elapsed_us=12095166
2026-03-25T15:42:01.798871Z  INFO ThreadId(23) telemetry_rx sensor=Power latency_us=4091415 drift_us=-431 decode_us=0 seq=39 value=4.443700768226478 elapsed_us=12095228
2026-03-25T15:42:01.798893Z  INFO ThreadId(23) telemetry_rx sensor=Thermal latency_us=4091416 drift_us=-49835 decode_us=0 seq=79 value=48.18759490098947 elapsed_us=12095250
2026-03-25T15:42:01.898762Z  INFO ThreadId(23) telemetry_rx sensor=Thermal latency_us=4091372 drift_us=-150 decode_us=1 seq=80 value=62.94664182400334 elapsed_us=12195100
2026-03-25T15:42:01.998437Z  INFO ThreadId(02) telemetry_rx sensor=Power latency_us=4091340 drift_us=-449 decode_us=0 seq=40 value=4.647966642161898 elapsed_us=12294779
2026-03-25T15:42:01.998481Z  INFO ThreadId(02) telemetry_rx sensor=Thermal latency_us=4091412 drift_us=-262 decode_us=0 seq=81 value=70.09006141836332 elapsed_us=12294838
2026-03-25T15:42:02.149320Z  INFO ThreadId(23) telemetry_rx sensor=Thermal latency_us=4142079 drift_us=50820 decode_us=1 seq=82 value=61.56669293252959 elapsed_us=12445658
2026-03-25T15:42:02.198579Z  INFO ThreadId(22) telemetry_rx sensor=Power latency_us=4091329 drift_us=142 decode_us=0 seq=41 value=1.1339763879826426 elapsed_us=12494921
2026-03-25T15:42:02.198651Z  INFO ThreadId(22) telemetry_rx sensor=Thermal latency_us=4091442 drift_us=-50650 decode_us=0 seq=83 value=72.886067832561 elapsed_us=12495008
2026-03-25T15:42:02.298485Z  INFO ThreadId(23) telemetry_rx sensor=Imu latency_us=4091369 drift_us=-340 decode_us=0 seq=16 value=-0.07053613199212277 elapsed_us=12594826
2026-03-25T15:42:02.298527Z  INFO ThreadId(23) telemetry_rx sensor=Thermal latency_us=4091439 drift_us=-123 decode_us=0 seq=84 value=74.87646223696663 elapsed_us=12594885
2026-03-25T15:42:02.398713Z  INFO ThreadId(22) telemetry_rx sensor=Thermal latency_us=4091352 drift_us=169 decode_us=0 seq=85 value=71.55011801452395 elapsed_us=12695054
2026-03-25T15:42:02.398754Z  INFO ThreadId(22) telemetry_rx sensor=Power latency_us=4091388 drift_us=190 decode_us=0 seq=42 value=3.7498272280377414 elapsed_us=12695111
2026-03-25T15:42:02.549599Z  INFO ThreadId(02) telemetry_rx sensor=Thermal latency_us=4142181 drift_us=50886 decode_us=0 seq=86 value=20.990301505111248 elapsed_us=12845940
2026-03-25T15:42:02.598713Z  INFO ThreadId(22) telemetry_rx sensor=Thermal latency_us=4091374 drift_us=-50886 decode_us=0 seq=87 value=53.5827667799507 elapsed_us=12895054
2026-03-25T15:42:02.598753Z  INFO ThreadId(22) telemetry_rx sensor=Power latency_us=4091402 drift_us=0 decode_us=0 seq=43 value=1.1813105859999764 elapsed_us=12895111
2026-03-25T15:42:02.698393Z  INFO ThreadId(02) telemetry_rx sensor=Thermal latency_us=4091350 drift_us=-320 decode_us=0 seq=88 value=63.58521709524713 elapsed_us=12994734
2026-03-25T15:42:02.798717Z  INFO ThreadId(10) telemetry_rx sensor=Imu latency_us=4091378 drift_us=233 decode_us=0 seq=17 value=-0.04904728850298326 elapsed_us=13095059
2026-03-25T15:42:02.798762Z  INFO ThreadId(10) telemetry_rx sensor=Power latency_us=4091451 drift_us=8 decode_us=0 seq=44 value=4.545077611630364 elapsed_us=13095119
2026-03-25T15:42:02.798784Z  INFO ThreadId(10) telemetry_rx sensor=Thermal latency_us=4091451 drift_us=407 decode_us=0 seq=89 value=66.18462361301562 elapsed_us=13095141
2026-03-25T15:42:02.899652Z  INFO ThreadId(10) telemetry_rx sensor=Thermal latency_us=4091425 drift_us=852 decode_us=1 seq=90 value=53.96253240924902 elapsed_us=13195993
2026-03-25T15:42:02.998355Z  INFO ThreadId(10) telemetry_rx sensor=Power latency_us=4091328 drift_us=-425 decode_us=1 seq=45 value=2.96517791315244 elapsed_us=13294694
2026-03-25T15:42:02.998412Z  INFO ThreadId(10) telemetry_rx sensor=Thermal latency_us=4091417 drift_us=-1224 decode_us=0 seq=91 value=72.54446324543986 elapsed_us=13294769
2026-03-25T15:42:03.099466Z  INFO ThreadId(22) telemetry_rx sensor=Thermal latency_us=4091363 drift_us=1038 decode_us=0 seq=92 value=44.432542507624426 elapsed_us=13395807
2026-03-25T15:42:03.198303Z  INFO ThreadId(02) telemetry_rx sensor=Thermal latency_us=4091293 drift_us=-1163 decode_us=1 seq=93 value=31.99015754089406 elapsed_us=13494644
2026-03-25T15:42:03.198346Z  INFO ThreadId(02) telemetry_rx sensor=Power latency_us=4091342 drift_us=9 decode_us=0 seq=46 value=0.8360784139636213 elapsed_us=13494703
2026-03-25T15:42:03.298719Z  INFO ThreadId(02) telemetry_rx sensor=Thermal latency_us=4091342 drift_us=413 decode_us=0 seq=94 value=34.92117839867839 elapsed_us=13595057
2026-03-25T15:42:03.298777Z  INFO ThreadId(02) telemetry_rx sensor=Imu latency_us=4091400 drift_us=75 decode_us=0 seq=18 value=0.041866983818021175 elapsed_us=13595134
2026-03-25T15:42:03.398461Z  INFO ThreadId(23) telemetry_rx sensor=Thermal latency_us=4091353 drift_us=-254 decode_us=0 seq=95 value=77.4449743198474 elapsed_us=13694803
2026-03-25T15:42:03.398502Z  INFO ThreadId(23) telemetry_rx sensor=Power latency_us=4091380 drift_us=156 decode_us=0 seq=47 value=3.578827754835409 elapsed_us=13694859
2026-03-25T15:42:03.548474Z  INFO ThreadId(23) telemetry_rx sensor=Thermal latency_us=4140238 drift_us=50012 decode_us=0 seq=96 value=35.53862553657938 elapsed_us=13844815
2026-03-25T15:42:03.598738Z  INFO ThreadId(23) telemetry_rx sensor=Power latency_us=4091340 drift_us=221 decode_us=1 seq=48 value=0.9215902112321889 elapsed_us=13895080
2026-03-25T15:42:03.598779Z  INFO ThreadId(23) telemetry_rx sensor=Thermal latency_us=4091404 drift_us=-49678 decode_us=0 seq=97 value=59.23967835842069 elapsed_us=13895137
2026-03-25T15:42:03.749629Z  INFO ThreadId(10) telemetry_rx sensor=Thermal latency_us=4142063 drift_us=50833 decode_us=1 seq=98 value=54.07463190208047 elapsed_us=14045970
2026-03-25T15:42:03.799054Z  INFO ThreadId(22) telemetry_rx sensor=Power latency_us=4091362 drift_us=318 decode_us=0 seq=49 value=1.9208310713984276 elapsed_us=14095398
2026-03-25T15:42:03.799077Z  INFO ThreadId(23) uplink_tx: sent cmd=Heartbeat dispatch_us=49 queue_latency_us=3 seq=2 elapsed_us=14095433
2026-03-25T15:42:03.799094Z  INFO ThreadId(22) telemetry_rx sensor=Imu latency_us=4091367 drift_us=318 decode_us=0 seq=19 value=-0.00518639159167833 elapsed_us=14095452
2026-03-25T15:42:03.799116Z  INFO ThreadId(22) telemetry_rx sensor=Thermal latency_us=4091416 drift_us=-50496 decode_us=0 seq=99 value=78.01745498574299 elapsed_us=14095474
2026-03-25T15:42:03.898479Z  INFO ThreadId(10) telemetry_rx sensor=Thermal latency_us=4091398 drift_us=-660 decode_us=0 seq=100 value=35.57212171577762 elapsed_us=14194814
2026-03-25T15:42:03.898559Z  WARN ThreadId(10) fault_mgr: fault received fault=DelayedSensor severity=2 elapsed_us=14194912
2026-03-25T15:42:03.898566Z  INFO ThreadId(10) fault_mgr: interlock APPLIED interlock_latency_us=10 elapsed_us=14194922
2026-03-25T15:42:03.914625Z  INFO ThreadId(10) uplink_tx: sent cmd=SafeMode dispatch_us=125 queue_latency_us=15915 seq=3 elapsed_us=14210968
2026-03-25T15:42:03.961155Z  INFO ThreadId(22) fault_mgr: interlock CLEARED, reset command sent
2026-03-25T15:42:03.961297Z  INFO ThreadId(23) uplink_tx: sent cmd=ResetSensor dispatch_us=123 queue_latency_us=33 seq=4 elapsed_us=14257647
2026-03-25T15:42:03.998847Z  INFO ThreadId(10) telemetry_rx sensor=Thermal latency_us=4091357 drift_us=375 decode_us=1 seq=101 value=70.13374526662085 elapsed_us=14295189
2026-03-25T15:42:03.998889Z  INFO ThreadId(10) telemetry_rx sensor=Power latency_us=4091396 drift_us=-152 decode_us=0 seq=50 value=4.069098698722802 elapsed_us=14295246
2026-03-25T15:42:04.149253Z  INFO ThreadId(10) telemetry_rx sensor=Thermal latency_us=4142191 drift_us=50406 decode_us=0 seq=102 value=60.16416269298381 elapsed_us=14445595
2026-03-25T15:42:04.198853Z  INFO ThreadId(10) telemetry_rx sensor=Thermal latency_us=4091444 drift_us=-50401 decode_us=0 seq=103 value=77.44585567133984 elapsed_us=14495194
2026-03-25T15:42:04.198897Z  INFO ThreadId(10) telemetry_rx sensor=Power latency_us=4091449 drift_us=8 decode_us=0 seq=51 value=3.882698880408345 elapsed_us=14495254
2026-03-25T15:42:04.299457Z  INFO ThreadId(22) telemetry_rx sensor=Imu latency_us=4091357 drift_us=347 decode_us=0 seq=20 value=0.08661323477089802 elapsed_us=14595799
2026-03-25T15:42:04.299501Z  INFO ThreadId(22) telemetry_rx sensor=Thermal latency_us=4091458 drift_us=664 decode_us=0 seq=104 value=73.16133440125242 elapsed_us=14595858
2026-03-25T15:42:04.398369Z  INFO ThreadId(22) telemetry_rx sensor=Power latency_us=4091352 drift_us=-543 decode_us=0 seq=52 value=4.257479589299351 elapsed_us=14694711
2026-03-25T15:42:04.398414Z  INFO ThreadId(22) telemetry_rx sensor=Thermal latency_us=4091424 drift_us=-1087 decode_us=0 seq=105 value=34.256935699911836 elapsed_us=14694771
2026-03-25T15:42:04.549372Z  INFO ThreadId(22) telemetry_rx sensor=Thermal latency_us=4142285 drift_us=50939 decode_us=1 seq=106 value=26.41672834564638 elapsed_us=14845710
2026-03-25T15:42:04.598492Z  INFO ThreadId(10) telemetry_rx sensor=Power latency_us=4091404 drift_us=123 decode_us=0 seq=53 value=4.259009367409831 elapsed_us=14894834
2026-03-25T15:42:04.598535Z  INFO ThreadId(10) telemetry_rx sensor=Thermal latency_us=4091472 drift_us=-50817 decode_us=0 seq=107 value=20.224531474148904 elapsed_us=14894893
2026-03-25T15:42:04.699277Z  INFO ThreadId(10) telemetry_rx sensor=Thermal latency_us=4091333 drift_us=727 decode_us=0 seq=108 value=77.55283109948351 elapsed_us=14995620
2026-03-25T15:42:04.798414Z  INFO ThreadId(10) telemetry_rx sensor=Imu latency_us=4091372 drift_us=-1043 decode_us=0 seq=21 value=-0.09716354933074181 elapsed_us=15094756
2026-03-25T15:42:04.798457Z  INFO ThreadId(10) telemetry_rx sensor=Power latency_us=4091443 drift_us=-20 decode_us=0 seq=54 value=4.614884239642209 elapsed_us=15094814
2026-03-25T15:42:04.798480Z  INFO ThreadId(10) telemetry_rx sensor=Thermal latency_us=4091468 drift_us=-782 decode_us=0 seq=109 value=26.54577312627346 elapsed_us=15094838
2026-03-25T15:42:04.948360Z  INFO ThreadId(22) telemetry_rx sensor=Thermal latency_us=4140667 drift_us=49863 decode_us=1 seq=110 value=30.273593375941417 elapsed_us=15244701
2026-03-25T15:42:05.048671Z  INFO ThreadId(22) telemetry_rx sensor=Power latency_us=4141503 drift_us=50198 decode_us=0 seq=55 value=2.229644087043196 elapsed_us=15345012
2026-03-25T15:42:05.048713Z  INFO ThreadId(22) telemetry_rx sensor=Thermal latency_us=4141546 drift_us=370 decode_us=0 seq=111 value=60.12546926122566 elapsed_us=15345071
2026-03-25T15:42:05.148645Z  INFO ThreadId(22) telemetry_rx sensor=Thermal latency_us=4141559 drift_us=-85 decode_us=0 seq=112 value=40.29074774431216 elapsed_us=15444986
2026-03-25T15:42:05.198516Z  INFO ThreadId(10) telemetry_rx sensor=Thermal latency_us=4091362 drift_us=-50128 decode_us=0 seq=113 value=33.43627514562837 elapsed_us=15494858
2026-03-25T15:42:05.198560Z  INFO ThreadId(10) telemetry_rx sensor=Power latency_us=4091394 drift_us=-50095 decode_us=0 seq=56 value=0.7809076095571791 elapsed_us=15494917
2026-03-25T15:42:05.348692Z  INFO ThreadId(02) telemetry_rx sensor=Imu latency_us=4141262 drift_us=50277 decode_us=1 seq=22 value=0.02125824927271705 elapsed_us=15645033
2026-03-25T15:42:05.348730Z  INFO ThreadId(02) telemetry_rx sensor=Thermal latency_us=4141327 drift_us=50230 decode_us=0 seq=114 value=68.21544374432466 elapsed_us=15645088
2026-03-25T15:42:05.398413Z  INFO ThreadId(22) telemetry_rx sensor=Thermal latency_us=4091318 drift_us=-50333 decode_us=0 seq=115 value=29.34042016501579 elapsed_us=15694755
2026-03-25T15:42:05.398453Z  INFO ThreadId(22) telemetry_rx sensor=Power latency_us=4091348 drift_us=-107 decode_us=0 seq=57 value=2.8496693850752175 elapsed_us=15694810
2026-03-25T15:42:05.548459Z  INFO ThreadId(02) telemetry_rx sensor=Thermal latency_us=4141235 drift_us=50046 decode_us=0 seq=116 value=24.875495723751662 elapsed_us=15844801
2026-03-25T15:42:05.599103Z  INFO ThreadId(22) telemetry_rx sensor=Power latency_us=4091315 drift_us=635 decode_us=1 seq=58 value=2.511331122297826 elapsed_us=15895445
2026-03-25T15:42:05.599142Z  INFO ThreadId(22) telemetry_rx sensor=Thermal latency_us=4091390 drift_us=-49302 decode_us=0 seq=117 value=47.98061874202199 elapsed_us=15895499
2026-03-25T15:42:05.699725Z  INFO ThreadId(23) telemetry_rx sensor=Thermal latency_us=4091341 drift_us=568 decode_us=1 seq=118 value=34.89028360240369 elapsed_us=15996067
2026-03-25T15:42:05.798885Z  INFO ThreadId(23) telemetry_rx sensor=Power latency_us=4091456 drift_us=-222 decode_us=1 seq=59 value=2.645667134504682 elapsed_us=16095223
2026-03-25T15:42:05.798945Z  INFO ThreadId(23) telemetry_rx sensor=Imu latency_us=4091493 drift_us=-49731 decode_us=0 seq=23 value=0.000296775546752448 elapsed_us=16095302
2026-03-25T15:42:05.798976Z  INFO ThreadId(23) telemetry_rx sensor=Thermal latency_us=4091539 drift_us=-734 decode_us=0 seq=119 value=52.988814435773584 elapsed_us=16095333
2026-03-25T15:42:05.898684Z  INFO ThreadId(02) telemetry_rx sensor=Thermal latency_us=4091317 drift_us=-307 decode_us=0 seq=120 value=42.563028740336456 elapsed_us=16195026
2026-03-25T15:42:05.998445Z  INFO ThreadId(22) telemetry_rx sensor=Thermal latency_us=4091363 drift_us=-238 decode_us=0 seq=121 value=68.19281340597524 elapsed_us=16294788
2026-03-25T15:42:05.998485Z  INFO ThreadId(22) telemetry_rx sensor=Power latency_us=4091395 drift_us=-381 decode_us=0 seq=60 value=2.4067221668266834 elapsed_us=16294842
2026-03-25T15:42:06.098705Z  INFO ThreadId(02) telemetry_rx sensor=Thermal latency_us=4091372 drift_us=256 decode_us=0 seq=122 value=35.36382460796211 elapsed_us=16395044
2026-03-25T15:42:06.198760Z  INFO ThreadId(23) telemetry_rx sensor=Power latency_us=4091398 drift_us=260 decode_us=1 seq=61 value=4.524316789584366 elapsed_us=16495102
2026-03-25T15:42:06.198800Z  INFO ThreadId(23) telemetry_rx sensor=Thermal latency_us=4091465 drift_us=113 decode_us=0 seq=123 value=75.49330523299332 elapsed_us=16495157
2026-03-25T15:42:06.298724Z  INFO ThreadId(23) telemetry_rx sensor=Thermal latency_us=4091401 drift_us=-93 decode_us=1 seq=124 value=49.950871290769655 elapsed_us=16595064
2026-03-25T15:42:06.298765Z  INFO ThreadId(23) telemetry_rx sensor=Imu latency_us=4091410 drift_us=-179 decode_us=0 seq=24 value=0.08514405642856768 elapsed_us=16595123
2026-03-25T15:42:06.399582Z  INFO ThreadId(23) telemetry_rx sensor=Thermal latency_us=4091398 drift_us=859 decode_us=1 seq=125 value=59.51400169953202 elapsed_us=16695923
2026-03-25T15:42:06.399622Z  INFO ThreadId(23) telemetry_rx sensor=Power latency_us=4091415 drift_us=877 decode_us=0 seq=62 value=2.1964661185568817 elapsed_us=16695979
2026-03-25T15:42:06.549473Z  INFO ThreadId(23) telemetry_rx sensor=Thermal latency_us=4141850 drift_us=49891 decode_us=1 seq=126 value=34.85587635807438 elapsed_us=16845814
2026-03-25T15:42:06.598630Z  INFO ThreadId(02) telemetry_rx sensor=Power latency_us=4091325 drift_us=-1007 decode_us=0 seq=63 value=4.03869704429663 elapsed_us=16894972
2026-03-25T15:42:06.598669Z  INFO ThreadId(02) telemetry_rx sensor=Thermal latency_us=4091391 drift_us=-50788 decode_us=0 seq=127 value=37.67473831894215 elapsed_us=16895026
2026-03-25T15:42:06.698578Z  INFO ThreadId(02) telemetry_rx sensor=Thermal latency_us=4091275 drift_us=-105 decode_us=1 seq=128 value=67.4517931367491 elapsed_us=16994921
2026-03-25T15:42:06.798448Z  INFO ThreadId(10) telemetry_rx sensor=Power latency_us=4091368 drift_us=-186 decode_us=0 seq=64 value=4.3588585169658085 elapsed_us=17094786
2026-03-25T15:42:06.798516Z  INFO ThreadId(10) telemetry_rx sensor=Imu latency_us=4091405 drift_us=-251 decode_us=0 seq=25 value=-0.0635936976666791 elapsed_us=17094872
2026-03-25T15:42:06.798548Z  INFO ThreadId(10) telemetry_rx sensor=Thermal latency_us=4091411 drift_us=-16 decode_us=0 seq=129 value=69.74857878194635 elapsed_us=17094905
2026-03-25T15:42:06.898416Z  INFO ThreadId(23) telemetry_rx sensor=Thermal latency_us=4091333 drift_us=-147 decode_us=0 seq=130 value=58.852335803186456 elapsed_us=17194758
2026-03-25T15:42:06.999638Z  INFO ThreadId(23) telemetry_rx sensor=Power latency_us=4091392 drift_us=1190 decode_us=0 seq=65 value=4.366340110770539 elapsed_us=17295976
2026-03-25T15:42:06.999695Z  INFO ThreadId(23) telemetry_rx sensor=Thermal latency_us=4091457 drift_us=1294 decode_us=0 seq=131 value=23.42218860822518 elapsed_us=17296052
2026-03-25T15:42:07.148762Z  INFO ThreadId(23) telemetry_rx sensor=Thermal latency_us=4140706 drift_us=49047 decode_us=1 seq=132 value=70.19082988847772 elapsed_us=17445099
2026-03-25T15:42:07.198338Z  INFO ThreadId(02) telemetry_rx sensor=Thermal latency_us=4091287 drift_us=-50419 decode_us=1 seq=133 value=61.31609306496049 elapsed_us=17494680
2026-03-25T15:42:07.198376Z  INFO ThreadId(02) telemetry_rx sensor=Power latency_us=4091269 drift_us=-1242 decode_us=0 seq=66 value=0.8862588196171081 elapsed_us=17494734
2026-03-25T15:42:07.298592Z  INFO ThreadId(10) telemetry_rx sensor=Thermal latency_us=4091351 drift_us=251 decode_us=1 seq=134 value=36.86293638873828 elapsed_us=17594931
2026-03-25T15:42:07.298650Z  INFO ThreadId(10) telemetry_rx sensor=Imu latency_us=4091416 drift_us=135 decode_us=0 seq=26 value=-0.08612265367065777 elapsed_us=17595007
2026-03-25T15:42:07.398671Z  INFO ThreadId(23) telemetry_rx sensor=Thermal latency_us=4091331 drift_us=78 decode_us=1 seq=135 value=69.30144211180716 elapsed_us=17695009
2026-03-25T15:42:07.398727Z  INFO ThreadId(23) telemetry_rx sensor=Power latency_us=4091378 drift_us=350 decode_us=0 seq=67 value=4.045471753086266 elapsed_us=17695084
2026-03-25T15:42:07.548696Z  INFO ThreadId(23) telemetry_rx sensor=Thermal latency_us=4141182 drift_us=50028 decode_us=0 seq=136 value=63.30672446498785 elapsed_us=17845037
2026-03-25T15:42:07.599563Z  INFO ThreadId(10) telemetry_rx sensor=Power latency_us=4091275 drift_us=821 decode_us=0 seq=68 value=0.6233456235988643 elapsed_us=17895905
2026-03-25T15:42:07.599607Z  INFO ThreadId(10) telemetry_rx sensor=Thermal latency_us=4091357 drift_us=-49073 decode_us=0 seq=137 value=58.892500153250225 elapsed_us=17895964
2026-03-25T15:42:07.749553Z  INFO ThreadId(10) telemetry_rx sensor=Thermal latency_us=4142590 drift_us=49931 decode_us=1 seq=138 value=77.64760959892459 elapsed_us=18045895
2026-03-25T15:42:07.799992Z  INFO ThreadId(02) telemetry_rx sensor=Imu latency_us=4091330 drift_us=1328 decode_us=0 seq=27 value=0.06713411577207692 elapsed_us=18096335
2026-03-25T15:42:07.800031Z  INFO ThreadId(02) telemetry_rx sensor=Power latency_us=4091400 drift_us=483 decode_us=0 seq=69 value=4.107696066505255 elapsed_us=18096388
2026-03-25T15:42:07.800050Z  INFO ThreadId(02) telemetry_rx sensor=Thermal latency_us=4091391 drift_us=-49487 decode_us=0 seq=139 value=26.768333583879908 elapsed_us=18096408
2026-03-25T15:42:07.949348Z  INFO ThreadId(10) telemetry_rx sensor=Thermal latency_us=4140335 drift_us=49281 decode_us=0 seq=140 value=70.32866092666566 elapsed_us=18245689
2026-03-25T15:42:07.998458Z  INFO ThreadId(02) telemetry_rx sensor=Power latency_us=4091421 drift_us=-1591 decode_us=1 seq=70 value=3.357183896806875 elapsed_us=18294797
2026-03-25T15:42:07.998517Z  INFO ThreadId(02) telemetry_rx sensor=Thermal latency_us=4091479 drift_us=-50815 decode_us=0 seq=141 value=38.303981907866245 elapsed_us=18294874
2026-03-25T15:42:08.149517Z  INFO ThreadId(10) telemetry_rx sensor=Thermal latency_us=4141998 drift_us=50978 decode_us=1 seq=142 value=25.048091925154385 elapsed_us=18445852
2026-03-25T15:42:08.198616Z  INFO ThreadId(02) telemetry_rx sensor=Power latency_us=4091384 drift_us=157 decode_us=1 seq=71 value=0.5192185396445844 elapsed_us=18494954
2026-03-25T15:42:08.198676Z  INFO ThreadId(02) telemetry_rx sensor=Thermal latency_us=4091474 drift_us=-50819 decode_us=0 seq=143 value=65.11415282205017 elapsed_us=18495033
2026-03-25T15:42:08.298297Z  INFO ThreadId(23) telemetry_rx sensor=Thermal latency_us=4091318 drift_us=-394 decode_us=1 seq=144 value=59.362813607848366 elapsed_us=18594639
2026-03-25T15:42:08.298338Z  INFO ThreadId(23) telemetry_rx sensor=Imu latency_us=4091339 drift_us=-1640 decode_us=0 seq=28 value=-0.004818073864874789 elapsed_us=18594695
2026-03-25T15:42:08.398508Z  INFO ThreadId(10) telemetry_rx sensor=Thermal latency_us=4091369 drift_us=210 decode_us=0 seq=145 value=64.83129488680837 elapsed_us=18694849
2026-03-25T15:42:08.398547Z  INFO ThreadId(10) telemetry_rx sensor=Power latency_us=4091397 drift_us=-49 decode_us=0 seq=72 value=4.978413535237794 elapsed_us=18694905
2026-03-25T15:42:08.549080Z  INFO ThreadId(23) telemetry_rx sensor=Thermal latency_us=4141744 drift_us=50563 decode_us=1 seq=146 value=71.06511053431979 elapsed_us=18845412
2026-03-25T15:42:08.599614Z  INFO ThreadId(10) telemetry_rx sensor=Thermal latency_us=4091382 drift_us=-49457 decode_us=0 seq=147 value=58.02911256190208 elapsed_us=18895955
2026-03-25T15:42:08.599656Z  INFO ThreadId(10) telemetry_rx sensor=Power latency_us=4091402 drift_us=1108 decode_us=0 seq=73 value=4.709386345588931 elapsed_us=18896013
2026-03-25T15:42:08.748708Z  INFO ThreadId(10) telemetry_rx sensor=Thermal latency_us=4140574 drift_us=49095 decode_us=0 seq=148 value=30.568442121275265 elapsed_us=19045050
2026-03-25T15:42:08.798390Z  INFO ThreadId(22) telemetry_rx sensor=Imu latency_us=4091311 drift_us=38 decode_us=0 seq=29 value=0.04459020619653367 elapsed_us=19094733
2026-03-25T15:42:08.798430Z  INFO ThreadId(22) telemetry_rx sensor=Power latency_us=4091382 drift_us=-1226 decode_us=0 seq=74 value=0.6672115709465581 elapsed_us=19094787
2026-03-25T15:42:08.798450Z  INFO ThreadId(22) telemetry_rx sensor=Thermal latency_us=4091396 drift_us=-50243 decode_us=0 seq=149 value=52.19863430164811 elapsed_us=19094807
2026-03-25T15:42:08.810305Z  INFO ThreadId(22) uplink_tx: sent cmd=Heartbeat dispatch_us=135 queue_latency_us=11763 seq=5 elapsed_us=19106644
2026-03-25T15:42:08.899178Z  INFO ThreadId(02) telemetry_rx sensor=Thermal latency_us=4091411 drift_us=709 decode_us=1 seq=150 value=37.623487443283295 elapsed_us=19195516
2026-03-25T15:42:08.999496Z  INFO ThreadId(02) telemetry_rx sensor=Power latency_us=4091378 drift_us=1048 decode_us=1 seq=75 value=4.651687402328324 elapsed_us=19295835
2026-03-25T15:42:08.999550Z  INFO ThreadId(02) telemetry_rx sensor=Thermal latency_us=4091465 drift_us=391 decode_us=0 seq=151 value=68.80221931588252 elapsed_us=19295907
2026-03-25T15:42:09.149280Z  INFO ThreadId(10) telemetry_rx sensor=Thermal latency_us=4142126 drift_us=49716 decode_us=0 seq=152 value=50.19651285390621 elapsed_us=19445623
2026-03-25T15:42:09.198960Z  INFO ThreadId(02) telemetry_rx sensor=Power latency_us=4091367 drift_us=-534 decode_us=0 seq=76 value=3.1727288937581637 elapsed_us=19495301
2026-03-25T15:42:09.199000Z  INFO ThreadId(02) telemetry_rx sensor=Thermal latency_us=4091400 drift_us=-50266 decode_us=0 seq=153 value=49.422074223675324 elapsed_us=19495357
2026-03-25T15:42:09.348486Z  INFO ThreadId(02) telemetry_rx sensor=Imu latency_us=4141512 drift_us=50094 decode_us=0 seq=30 value=-0.013534012363149592 elapsed_us=19644827
2026-03-25T15:42:09.348526Z  INFO ThreadId(02) telemetry_rx sensor=Thermal latency_us=4141548 drift_us=49527 decode_us=0 seq=154 value=42.32987822456495 elapsed_us=19644884
2026-03-25T15:42:09.399055Z  INFO ThreadId(22) telemetry_rx sensor=Power latency_us=4091302 drift_us=97 decode_us=0 seq=77 value=2.8706350388116877 elapsed_us=19695398
2026-03-25T15:42:09.399093Z  INFO ThreadId(22) telemetry_rx sensor=Thermal latency_us=4091348 drift_us=-49433 decode_us=0 seq=155 value=49.890575390938466 elapsed_us=19695451
2026-03-25T15:42:09.548557Z  INFO ThreadId(02) telemetry_rx sensor=Thermal latency_us=4141404 drift_us=49447 decode_us=0 seq=156 value=74.33018544611102 elapsed_us=19844898
2026-03-25T15:42:09.599820Z  INFO ThreadId(23) telemetry_rx sensor=Thermal latency_us=4091357 drift_us=-48736 decode_us=0 seq=157 value=45.97600279756081 elapsed_us=19896162
2026-03-25T15:42:09.599859Z  INFO ThreadId(23) telemetry_rx sensor=Power latency_us=4091395 drift_us=818 decode_us=0 seq=78 value=1.3784874607909168 elapsed_us=19896216
2026-03-25T15:42:09.748620Z  INFO ThreadId(23) telemetry_rx sensor=Thermal latency_us=4141223 drift_us=48799 decode_us=0 seq=158 value=27.54929300693105 elapsed_us=20044961
2026-03-25T15:42:09.799300Z  INFO ThreadId(02) telemetry_rx sensor=Imu latency_us=4091277 drift_us=-49185 decode_us=0 seq=31 value=-0.09748512141166482 elapsed_us=20095642
2026-03-25T15:42:09.799342Z  INFO ThreadId(02) telemetry_rx sensor=Power latency_us=4091367 drift_us=-517 decode_us=0 seq=79 value=4.07205196279771 elapsed_us=20095699
2026-03-25T15:42:09.799362Z  INFO ThreadId(02) telemetry_rx sensor=Thermal latency_us=4091403 drift_us=-49242 decode_us=0 seq=159 value=51.77766362840832 elapsed_us=20095719
2026-03-25T15:42:09.898463Z  INFO ThreadId(22) telemetry_rx sensor=Thermal latency_us=4091321 drift_us=-914 decode_us=0 seq=160 value=39.71635120375705 elapsed_us=20194805
2026-03-25T15:42:09.998441Z  INFO ThreadId(23) telemetry_rx sensor=Thermal latency_us=4091341 drift_us=-23 decode_us=1 seq=161 value=60.67229222171095 elapsed_us=20294782
2026-03-25T15:42:09.998481Z  INFO ThreadId(23) telemetry_rx sensor=Power latency_us=4091342 drift_us=-861 decode_us=0 seq=80 value=4.610698055777022 elapsed_us=20294838
2026-03-25T15:42:10.148914Z  INFO ThreadId(22) telemetry_rx sensor=Thermal latency_us=4141712 drift_us=50474 decode_us=0 seq=162 value=65.27870894822357 elapsed_us=20445256
2026-03-25T15:42:10.198478Z  INFO ThreadId(10) telemetry_rx sensor=Power latency_us=4091323 drift_us=-17 decode_us=0 seq=81 value=3.4070997675284813 elapsed_us=20494821
2026-03-25T15:42:10.198516Z  INFO ThreadId(10) telemetry_rx sensor=Thermal latency_us=4091392 drift_us=-50383 decode_us=0 seq=163 value=30.833537924440844 elapsed_us=20494873
2026-03-25T15:42:10.298678Z  INFO ThreadId(23) telemetry_rx sensor=Thermal latency_us=4091308 drift_us=147 decode_us=0 seq=164 value=70.937663146945 elapsed_us=20595020
2026-03-25T15:42:10.298717Z  INFO ThreadId(23) telemetry_rx sensor=Imu latency_us=4091325 drift_us=-567 decode_us=0 seq=32 value=0.03615903963069372 elapsed_us=20595075
2026-03-25T15:42:10.399421Z  INFO ThreadId(10) telemetry_rx sensor=Power latency_us=4091319 drift_us=942 decode_us=0 seq=82 value=1.807243427492172 elapsed_us=20695763
2026-03-25T15:42:10.399460Z  INFO ThreadId(10) telemetry_rx sensor=Thermal latency_us=4091384 drift_us=797 decode_us=0 seq=165 value=49.56421542597816 elapsed_us=20695817
2026-03-25T15:42:10.548496Z  INFO ThreadId(22) telemetry_rx sensor=Thermal latency_us=4139960 drift_us=49020 decode_us=1 seq=166 value=29.86104011835304 elapsed_us=20844837
2026-03-25T15:42:10.598538Z  INFO ThreadId(02) telemetry_rx sensor=Power latency_us=4091376 drift_us=-883 decode_us=1 seq=83 value=4.8613657186723565 elapsed_us=20894880
2026-03-25T15:42:10.598577Z  INFO ThreadId(02) telemetry_rx sensor=Thermal latency_us=4091410 drift_us=-49903 decode_us=0 seq=167 value=44.66364972626541 elapsed_us=20894934
2026-03-25T15:42:10.698715Z  INFO ThreadId(22) telemetry_rx sensor=Thermal latency_us=4091397 drift_us=118 decode_us=1 seq=168 value=27.75600819603185 elapsed_us=20995052
2026-03-25T15:42:10.799371Z  INFO ThreadId(22) telemetry_rx sensor=Power latency_us=4091336 drift_us=833 decode_us=0 seq=84 value=4.018216116555471 elapsed_us=21095713
2026-03-25T15:42:10.799410Z  INFO ThreadId(22) telemetry_rx sensor=Imu latency_us=4091355 drift_us=692 decode_us=0 seq=33 value=-0.09596489490735408 elapsed_us=21095767
2026-03-25T15:42:10.799430Z  INFO ThreadId(22) telemetry_rx sensor=Thermal latency_us=4091354 drift_us=735 decode_us=0 seq=169 value=42.13465561891352 elapsed_us=21095787
2026-03-25T15:42:10.899053Z  INFO ThreadId(10) telemetry_rx sensor=Thermal latency_us=4091358 drift_us=-392 decode_us=0 seq=170 value=55.78405771898077 elapsed_us=21195395
2026-03-25T15:42:10.998769Z  INFO ThreadId(02) telemetry_rx sensor=Power latency_us=4091299 drift_us=-601 decode_us=0 seq=85 value=2.498812795447162 elapsed_us=21295112
2026-03-25T15:42:10.998810Z  INFO ThreadId(02) telemetry_rx sensor=Thermal latency_us=4091373 drift_us=-228 decode_us=0 seq=171 value=58.756986846404494 elapsed_us=21295167
2026-03-25T15:42:11.148490Z  INFO ThreadId(22) telemetry_rx sensor=Thermal latency_us=4141119 drift_us=49664 decode_us=1 seq=172 value=52.43303708076151 elapsed_us=21444831
2026-03-25T15:42:11.199734Z  INFO ThreadId(02) telemetry_rx sensor=Thermal latency_us=4091371 drift_us=-48758 decode_us=0 seq=173 value=66.27137313127739 elapsed_us=21496073
2026-03-25T15:42:11.199792Z  INFO ThreadId(02) telemetry_rx sensor=Power latency_us=4091423 drift_us=1037 decode_us=0 seq=86 value=2.0484307075663875 elapsed_us=21496149
2026-03-25T15:42:11.298641Z  INFO ThreadId(02) telemetry_rx sensor=Imu latency_us=4091346 drift_us=-784 decode_us=0 seq=34 value=-0.046140147359562136 elapsed_us=21594983
2026-03-25T15:42:11.298681Z  INFO ThreadId(02) telemetry_rx sensor=Thermal latency_us=4091400 drift_us=-1035 decode_us=0 seq=174 value=71.40470596799958 elapsed_us=21595038
2026-03-25T15:42:11.399182Z  INFO ThreadId(10) telemetry_rx sensor=Thermal latency_us=4091289 drift_us=485 decode_us=1 seq=175 value=50.81607064792905 elapsed_us=21695523
2026-03-25T15:42:11.399221Z  INFO ThreadId(10) telemetry_rx sensor=Power latency_us=4091333 drift_us=-570 decode_us=0 seq=87 value=1.757534728130632 elapsed_us=21695579
2026-03-25T15:42:11.498761Z  INFO ThreadId(02) telemetry_rx sensor=Thermal latency_us=4091368 drift_us=-422 decode_us=1 seq=176 value=53.01257132528556 elapsed_us=21795101
2026-03-25T15:42:11.598789Z  INFO ThreadId(02) telemetry_rx sensor=Thermal latency_us=4091319 drift_us=30 decode_us=0 seq=177 value=59.85314121450312 elapsed_us=21895131
2026-03-25T15:42:11.598829Z  INFO ThreadId(02) telemetry_rx sensor=Power latency_us=4091353 drift_us=-392 decode_us=0 seq=88 value=3.945168734061679 elapsed_us=21895187
2026-03-25T15:42:11.748405Z  INFO ThreadId(22) telemetry_rx sensor=Thermal latency_us=4141094 drift_us=49615 decode_us=0 seq=178 value=61.919913985221044 elapsed_us=22044746
2026-03-25T15:42:11.799927Z  INFO ThreadId(02) telemetry_rx sensor=Imu latency_us=4091326 drift_us=1286 decode_us=0 seq=35 value=0.01922269298560106 elapsed_us=22096269
2026-03-25T15:42:11.799966Z  INFO ThreadId(02) telemetry_rx sensor=Power latency_us=4091398 drift_us=1136 decode_us=0 seq=89 value=3.873729188421912 elapsed_us=22096323
2026-03-25T15:42:11.799985Z  INFO ThreadId(02) telemetry_rx sensor=Thermal latency_us=4091391 drift_us=-48403 decode_us=0 seq=179 value=45.994181830180636 elapsed_us=22096343
2026-03-25T15:42:11.898769Z  INFO ThreadId(10) telemetry_rx sensor=Thermal latency_us=4091338 drift_us=-1232 decode_us=0 seq=180 value=54.467183821336164 elapsed_us=22195111
2026-03-25T15:42:12.048698Z  INFO ThreadId(22) telemetry_rx sensor=Power latency_us=4141275 drift_us=48718 decode_us=0 seq=90 value=2.9988497328165753 elapsed_us=22345041
2026-03-25T15:42:12.048740Z  INFO ThreadId(22) telemetry_rx sensor=Thermal latency_us=4141318 drift_us=49986 decode_us=0 seq=181 value=46.865042503761664 elapsed_us=22345097
2026-03-25T15:42:12.149394Z  INFO ThreadId(02) telemetry_rx sensor=Thermal latency_us=4142198 drift_us=635 decode_us=1 seq=182 value=30.778365975907363 elapsed_us=22445732
2026-03-25T15:42:12.198758Z  INFO ThreadId(23) telemetry_rx sensor=Thermal latency_us=4091356 drift_us=-50638 decode_us=1 seq=183 value=51.71029056840733 elapsed_us=22495094
2026-03-25T15:42:12.198831Z  INFO ThreadId(23) telemetry_rx sensor=Power latency_us=4091397 drift_us=-49854 decode_us=0 seq=91 value=4.048918681705679 elapsed_us=22495187
2026-03-25T15:42:12.298495Z  INFO ThreadId(02) telemetry_rx sensor=Thermal latency_us=4091359 drift_us=-257 decode_us=0 seq=184 value=54.106912673640075 elapsed_us=22594837
2026-03-25T15:42:12.298536Z  INFO ThreadId(02) telemetry_rx sensor=Imu latency_us=4091386 drift_us=-1376 decode_us=0 seq=36 value=0.028160885275999664 elapsed_us=22594893
2026-03-25T15:42:12.398404Z  INFO ThreadId(02) telemetry_rx sensor=Thermal latency_us=4091335 drift_us=-92 decode_us=0 seq=185 value=20.859741765178086 elapsed_us=22694745
2026-03-25T15:42:12.398444Z  INFO ThreadId(02) telemetry_rx sensor=Power latency_us=4091334 drift_us=-386 decode_us=0 seq=92 value=3.093842953380964 elapsed_us=22694801
2026-03-25T15:42:12.499088Z  INFO ThreadId(22) telemetry_rx sensor=Thermal latency_us=4091341 drift_us=683 decode_us=1 seq=186 value=45.54959890964629 elapsed_us=22795428
2026-03-25T15:42:12.648550Z  INFO ThreadId(22) telemetry_rx sensor=Power latency_us=4141390 drift_us=50091 decode_us=0 seq=93 value=2.665452468926624 elapsed_us=22944892
2026-03-25T15:42:12.648591Z  INFO ThreadId(22) telemetry_rx sensor=Thermal latency_us=4141441 drift_us=49520 decode_us=0 seq=187 value=38.07966955537853 elapsed_us=22944948
2026-03-25T15:42:12.749337Z  INFO ThreadId(02) telemetry_rx sensor=Thermal latency_us=4141902 drift_us=724 decode_us=1 seq=188 value=48.329967249470684 elapsed_us=23045672
2026-03-25T15:42:12.798372Z  INFO ThreadId(22) telemetry_rx sensor=Imu latency_us=4091357 drift_us=-180 decode_us=0 seq=37 value=-0.00023216786786836585 elapsed_us=23094713
2026-03-25T15:42:12.798414Z  INFO ThreadId(22) telemetry_rx sensor=Power latency_us=4091439 drift_us=-50120 decode_us=0 seq=94 value=2.915403986436491 elapsed_us=23094772
2026-03-25T15:42:12.798436Z  INFO ThreadId(22) telemetry_rx sensor=Thermal latency_us=4091456 drift_us=-50878 decode_us=0 seq=189 value=79.3929813122026 elapsed_us=23094794
2026-03-25T15:42:12.949458Z  INFO ThreadId(02) telemetry_rx sensor=Thermal latency_us=4142032 drift_us=51006 decode_us=0 seq=190 value=31.976308978504196 elapsed_us=23245800
2026-03-25T15:42:12.998454Z  INFO ThreadId(22) telemetry_rx sensor=Thermal latency_us=4091373 drift_us=-51010 decode_us=1 seq=191 value=32.16942726069757 elapsed_us=23294790
2026-03-25T15:42:12.998535Z  INFO ThreadId(22) telemetry_rx sensor=Power latency_us=4091444 drift_us=119 decode_us=0 seq=95 value=1.0723307076293764 elapsed_us=23294891
2026-03-25T15:42:13.098293Z  INFO ThreadId(02) telemetry_rx sensor=Thermal latency_us=4091333 drift_us=-160 decode_us=1 seq=192 value=23.112341100718062 elapsed_us=23394630
2026-03-25T15:42:13.198369Z  INFO ThreadId(23) telemetry_rx sensor=Power latency_us=4091397 drift_us=-181 decode_us=0 seq=96 value=2.2445072692817574 elapsed_us=23494710
2026-03-25T15:42:13.198413Z  INFO ThreadId(23) telemetry_rx sensor=Thermal latency_us=4091463 drift_us=140 decode_us=0 seq=193 value=26.574857155075232 elapsed_us=23494770
2026-03-25T15:42:13.298268Z  INFO ThreadId(23) telemetry_rx sensor=Imu latency_us=4091300 drift_us=-103 decode_us=0 seq=38 value=0.023338968047150382 elapsed_us=23594610
2026-03-25T15:42:13.298350Z  INFO ThreadId(23) telemetry_rx sensor=Thermal latency_us=4091414 drift_us=-64 decode_us=0 seq=194 value=73.6568907641717 elapsed_us=23594706
2026-03-25T15:42:13.398636Z  INFO ThreadId(23) telemetry_rx sensor=Power latency_us=4091392 drift_us=268 decode_us=1 seq=97 value=0.6393365465772578 elapsed_us=23694978
2026-03-25T15:42:13.398678Z  INFO ThreadId(23) telemetry_rx sensor=Thermal latency_us=4091497 drift_us=330 decode_us=0 seq=195 value=24.85697926415114 elapsed_us=23695036
2026-03-25T15:42:13.498910Z  INFO ThreadId(02) telemetry_rx sensor=Thermal latency_us=4091421 drift_us=210 decode_us=1 seq=196 value=40.14433473001916 elapsed_us=23795246
2026-03-25T15:42:13.598318Z  INFO ThreadId(22) telemetry_rx sensor=Power latency_us=4091378 drift_us=-318 decode_us=0 seq=98 value=3.1634542149053346 elapsed_us=23894660
2026-03-25T15:42:13.598359Z  INFO ThreadId(22) telemetry_rx sensor=Thermal latency_us=4091444 drift_us=-529 decode_us=0 seq=197 value=57.98376962328192 elapsed_us=23894717
2026-03-25T15:42:13.698638Z  INFO ThreadId(02) telemetry_rx sensor=Thermal latency_us=4091339 drift_us=264 decode_us=0 seq=198 value=36.213184565546385 elapsed_us=23994981
2026-03-25T15:42:13.798318Z  INFO ThreadId(22) telemetry_rx sensor=Imu latency_us=4091358 drift_us=46 decode_us=0 seq=39 value=-0.04616577750451887 elapsed_us=24094656
2026-03-25T15:42:13.798373Z  INFO ThreadId(22) telemetry_rx sensor=Power latency_us=4091455 drift_us=70 decode_us=0 seq=99 value=4.152829208651313 elapsed_us=24094730
2026-03-25T15:42:13.798404Z  INFO ThreadId(22) telemetry_rx sensor=Thermal latency_us=4091467 drift_us=-220 decode_us=0 seq=199 value=62.25038007176835 elapsed_us=24094761
2026-03-25T15:42:13.811372Z  INFO ThreadId(22) uplink_tx: sent cmd=Heartbeat dispatch_us=91 queue_latency_us=12985 seq=6 elapsed_us=24107716
2026-03-25T15:42:13.898730Z  INFO ThreadId(02) telemetry_rx sensor=Thermal latency_us=4091382 drift_us=310 decode_us=0 seq=200 value=26.813385660504547 elapsed_us=24195071
2026-03-25T15:42:13.998452Z  WARN ThreadId(22) CORRUPTED PACKET received — discarding sensor=Thermal seq=201
2026-03-25T15:42:13.998472Z  WARN ThreadId(22) CORRUPTED PACKET received — discarding sensor=Power seq=100
2026-03-25T15:42:14.148631Z  WARN ThreadId(02) CORRUPTED PACKET received — discarding sensor=Thermal seq=202
2026-03-25T15:42:14.148661Z  WARN ThreadId(02) fault_mgr: fault received fault=CorruptedData severity=2 elapsed_us=24445018
2026-03-25T15:42:14.148665Z  INFO ThreadId(02) fault_mgr: interlock APPLIED interlock_latency_us=4 elapsed_us=24445022
2026-03-25T15:42:14.164882Z  INFO ThreadId(22) uplink_tx: sent cmd=SafeMode dispatch_us=223 queue_latency_us=15979 seq=7 elapsed_us=24461228
2026-03-25T15:42:14.199304Z  INFO ThreadId(22) fault_mgr: interlock CLEARED, reset command sent
2026-03-25T15:42:14.199371Z  INFO ThreadId(22) uplink_tx: sent cmd=ResetSensor dispatch_us=44 queue_latency_us=34 seq=8 elapsed_us=24495727
2026-03-25T15:42:14.199372Z  INFO ThreadId(23) telemetry_rx sensor=Power latency_us=4091334 drift_us=200980 decode_us=1 seq=101 value=0.9982694596242787 elapsed_us=24495710
2026-03-25T15:42:14.199394Z  WARN ThreadId(23) PACKET LOSS DETECTED — enqueuing RequestTelemetry sensor=Power expected=100 got=101 gap=1 elapsed_us=24495710
2026-03-25T15:42:14.199399Z  INFO ThreadId(23) telemetry_rx: RequestTelemetry enqueued sensor=Power missing_from=100 gap=1 enqueue_us=24495755 elapsed_us=24495755
2026-03-25T15:42:14.199431Z  INFO ThreadId(23) telemetry_rx sensor=Thermal latency_us=4091436 drift_us=200717 decode_us=0 seq=203 value=78.17829932221271 elapsed_us=24495788
2026-03-25T15:42:14.199437Z  WARN ThreadId(23) PACKET LOSS DETECTED — enqueuing RequestTelemetry sensor=Thermal expected=201 got=203 gap=2 elapsed_us=24495788
2026-03-25T15:42:14.199439Z  INFO ThreadId(23) telemetry_rx: RequestTelemetry enqueued sensor=Thermal missing_from=201 gap=2 enqueue_us=24495797 elapsed_us=24495797
2026-03-25T15:42:14.211176Z  INFO ThreadId(23) uplink_tx: sent cmd=RequestTelemetry dispatch_us=79 queue_latency_us=11689 seq=9 elapsed_us=24507523
2026-03-25T15:42:14.211206Z  INFO ThreadId(23) uplink_tx: sent cmd=RequestTelemetry dispatch_us=9 queue_latency_us=11757 seq=10 elapsed_us=24507564
2026-03-25T15:42:14.298386Z  INFO ThreadId(02) telemetry_rx sensor=Thermal latency_us=4091331 drift_us=-1061 decode_us=0 seq=204 value=76.98394536879843 elapsed_us=24594727
2026-03-25T15:42:14.298428Z  INFO ThreadId(02) telemetry_rx sensor=Imu latency_us=4091379 drift_us=129 decode_us=0 seq=40 value=-0.04449752151450777 elapsed_us=24594785
2026-03-25T15:42:14.398532Z  INFO ThreadId(23) telemetry_rx sensor=Power latency_us=4091373 drift_us=-837 decode_us=1 seq=102 value=2.8153823781110767 elapsed_us=24694873
2026-03-25T15:42:14.398573Z  INFO ThreadId(23) telemetry_rx sensor=Thermal latency_us=4091412 drift_us=204 decode_us=0 seq=205 value=20.59642706492123 elapsed_us=24694931
2026-03-25T15:42:14.498520Z  INFO ThreadId(23) telemetry_rx sensor=Thermal latency_us=4091353 drift_us=-70 decode_us=0 seq=206 value=57.668831660718595 elapsed_us=24794861
2026-03-25T15:42:14.598483Z  INFO ThreadId(22) telemetry_rx sensor=Power latency_us=4091347 drift_us=-50 decode_us=0 seq=103 value=4.577890052062914 elapsed_us=24894823
2026-03-25T15:42:14.598529Z  INFO ThreadId(22) telemetry_rx sensor=Thermal latency_us=4091428 drift_us=25 decode_us=0 seq=207 value=57.114282338632705 elapsed_us=24894886
2026-03-25T15:42:14.748580Z  INFO ThreadId(02) telemetry_rx sensor=Thermal latency_us=4141114 drift_us=50032 decode_us=1 seq=208 value=48.51317682789954 elapsed_us=25044918
2026-03-25T15:42:14.798584Z  INFO ThreadId(23) telemetry_rx sensor=Imu latency_us=4091303 drift_us=141 decode_us=1 seq=41 value=0.03676094223151288 elapsed_us=25094926
2026-03-25T15:42:14.798626Z  INFO ThreadId(23) telemetry_rx sensor=Power latency_us=4091377 drift_us=160 decode_us=0 seq=104 value=4.491521152658874 elapsed_us=25094983
2026-03-25T15:42:14.798648Z  INFO ThreadId(23) telemetry_rx sensor=Thermal latency_us=4091397 drift_us=-49912 decode_us=0 seq=209 value=56.84991709868187 elapsed_us=25095006
2026-03-25T15:42:14.949434Z  INFO ThreadId(23) telemetry_rx sensor=Thermal latency_us=4142088 drift_us=50763 decode_us=1 seq=210 value=31.88332914210332 elapsed_us=25245769
2026-03-25T15:42:14.998625Z  INFO ThreadId(02) telemetry_rx sensor=Power latency_us=4091357 drift_us=-18 decode_us=1 seq=105 value=0.8453585300231311 elapsed_us=25294965
2026-03-25T15:42:14.998684Z  INFO ThreadId(02) telemetry_rx sensor=Thermal latency_us=4091387 drift_us=-50729 decode_us=0 seq=211 value=31.12231767407887 elapsed_us=25295040
2026-03-25T15:42:15.148528Z  INFO ThreadId(22) telemetry_rx sensor=Thermal latency_us=4141096 drift_us=49824 decode_us=1 seq=212 value=29.93742251283504 elapsed_us=25444864
2026-03-25T15:42:15.198824Z  INFO ThreadId(23) telemetry_rx sensor=Thermal latency_us=4091374 drift_us=-49698 decode_us=0 seq=213 value=51.48016701299724 elapsed_us=25495166
2026-03-25T15:42:15.198867Z  INFO ThreadId(23) telemetry_rx sensor=Power latency_us=4091395 drift_us=259 decode_us=0 seq=106 value=4.061163831413928 elapsed_us=25495224
2026-03-25T15:42:15.298372Z  INFO ThreadId(23) telemetry_rx sensor=Thermal latency_us=4091343 drift_us=-452 decode_us=0 seq=214 value=42.16649399525238 elapsed_us=25594714
2026-03-25T15:42:15.298413Z  INFO ThreadId(23) telemetry_rx sensor=Imu latency_us=4091362 drift_us=-155 decode_us=0 seq=42 value=-0.07494211533758498 elapsed_us=25594771
2026-03-25T15:42:15.398742Z  INFO ThreadId(10) telemetry_rx sensor=Power latency_us=4091370 drift_us=-140 decode_us=0 seq=107 value=3.579074559138874 elapsed_us=25695084
2026-03-25T15:42:15.398879Z  INFO ThreadId(23) telemetry_rx sensor=Thermal latency_us=4091517 drift_us=504 decode_us=0 seq=215 value=40.158540495794924 elapsed_us=25695218
2026-03-25T15:42:15.498499Z  INFO ThreadId(22) telemetry_rx sensor=Thermal latency_us=4091297 drift_us=-377 decode_us=0 seq=216 value=72.0506493243009 elapsed_us=25794841
2026-03-25T15:42:15.598587Z  INFO ThreadId(23) telemetry_rx sensor=Power latency_us=4091326 drift_us=-156 decode_us=1 seq=108 value=3.594949225590865 elapsed_us=25894928
2026-03-25T15:42:15.598627Z  INFO ThreadId(23) telemetry_rx sensor=Thermal latency_us=4091372 drift_us=144 decode_us=0 seq=217 value=45.85635780816766 elapsed_us=25894985
2026-03-25T15:42:15.698809Z  INFO ThreadId(10) telemetry_rx sensor=Thermal latency_us=4091408 drift_us=160 decode_us=1 seq=218 value=20.24049404239293 elapsed_us=25995145
2026-03-25T15:42:15.798706Z  INFO ThreadId(02) telemetry_rx sensor=Imu latency_us=4091316 drift_us=277 decode_us=0 seq=43 value=-0.06196450234203175 elapsed_us=26095048
2026-03-25T15:42:15.798746Z  INFO ThreadId(02) telemetry_rx sensor=Power latency_us=4091388 drift_us=176 decode_us=0 seq=109 value=3.722112213872487 elapsed_us=26095104
2026-03-25T15:42:15.798767Z  INFO ThreadId(02) telemetry_rx sensor=Thermal latency_us=4091397 drift_us=-21 decode_us=0 seq=219 value=21.357112466125855 elapsed_us=26095124
2026-03-25T15:42:15.898378Z  INFO ThreadId(23) telemetry_rx sensor=Thermal latency_us=4091322 drift_us=-404 decode_us=0 seq=220 value=41.356430095294215 elapsed_us=26194720
2026-03-25T15:42:15.998467Z  INFO ThreadId(23) telemetry_rx sensor=Power latency_us=4091271 drift_us=-301 decode_us=1 seq=110 value=1.873027345532954 elapsed_us=26294803
2026-03-25T15:42:15.998544Z  INFO ThreadId(23) telemetry_rx sensor=Thermal latency_us=4091394 drift_us=180 decode_us=0 seq=221 value=47.231646956474236 elapsed_us=26294900
2026-03-25T15:42:16.148660Z  INFO ThreadId(02) telemetry_rx sensor=Thermal latency_us=4141472 drift_us=50102 decode_us=0 seq=222 value=41.29878213610105 elapsed_us=26445002
2026-03-25T15:42:16.198651Z  INFO ThreadId(23) telemetry_rx sensor=Power latency_us=4091289 drift_us=188 decode_us=0 seq=111 value=4.096100846462525 elapsed_us=26494991
2026-03-25T15:42:16.198710Z  INFO ThreadId(23) telemetry_rx sensor=Thermal latency_us=4091389 drift_us=-49935 decode_us=0 seq=223 value=59.52781265204857 elapsed_us=26495067
2026-03-25T15:42:16.298575Z  INFO ThreadId(22) telemetry_rx sensor=Imu latency_us=4091340 drift_us=-132 decode_us=0 seq=44 value=0.0003880360661936838 elapsed_us=26594916
2026-03-25T15:42:16.298617Z  INFO ThreadId(22) telemetry_rx sensor=Thermal latency_us=4091354 drift_us=-93 decode_us=0 seq=224 value=36.321626840606804 elapsed_us=26594974
2026-03-25T15:42:16.398561Z  INFO ThreadId(22) telemetry_rx sensor=Thermal latency_us=4091323 drift_us=-70 decode_us=0 seq=225 value=64.43568717380046 elapsed_us=26694904
2026-03-25T15:42:16.398604Z  INFO ThreadId(22) telemetry_rx sensor=Power latency_us=4091352 drift_us=-30 decode_us=0 seq=112 value=1.6173464448178372 elapsed_us=26694961
2026-03-25T15:42:16.499020Z  INFO ThreadId(02) telemetry_rx sensor=Thermal latency_us=4091395 drift_us=450 decode_us=1 seq=226 value=45.59626643594462 elapsed_us=26795354
2026-03-25T15:42:16.598434Z  INFO ThreadId(10) telemetry_rx sensor=Power latency_us=4091338 drift_us=-185 decode_us=0 seq=113 value=2.50492705476412 elapsed_us=26894776
2026-03-25T15:42:16.598476Z  INFO ThreadId(10) telemetry_rx sensor=Thermal latency_us=4091405 drift_us=-520 decode_us=0 seq=227 value=65.98303007867455 elapsed_us=26894834
2026-03-25T15:42:16.698430Z  INFO ThreadId(22) telemetry_rx sensor=Thermal latency_us=4091328 drift_us=-66 decode_us=1 seq=228 value=48.5668501145461 elapsed_us=26994768
2026-03-25T15:42:16.798490Z  INFO ThreadId(23) telemetry_rx sensor=Power latency_us=4091347 drift_us=55 decode_us=0 seq=114 value=1.5306889075031627 elapsed_us=27094831
2026-03-25T15:42:16.798532Z  INFO ThreadId(23) telemetry_rx sensor=Imu latency_us=4091377 drift_us=-27 decode_us=0 seq=45 value=0.06465701763355633 elapsed_us=27094889
2026-03-25T15:42:16.798554Z  INFO ThreadId(23) telemetry_rx sensor=Thermal latency_us=4091452 drift_us=143 decode_us=0 seq=229 value=32.321620042467174 elapsed_us=27094911
2026-03-25T15:42:16.948741Z  INFO ThreadId(02) telemetry_rx sensor=Thermal latency_us=4141404 drift_us=50171 decode_us=0 seq=230 value=52.26904181486567 elapsed_us=27245082
2026-03-25T15:42:16.999413Z  INFO ThreadId(10) telemetry_rx sensor=Power latency_us=4091335 drift_us=924 decode_us=0 seq=115 value=4.402307838223711 elapsed_us=27295755
2026-03-25T15:42:16.999455Z  INFO ThreadId(10) telemetry_rx sensor=Thermal latency_us=4091408 drift_us=-49269 decode_us=0 seq=231 value=23.202789689872873 elapsed_us=27295813
2026-03-25T15:42:17.149674Z  INFO ThreadId(10) telemetry_rx sensor=Thermal latency_us=4142650 drift_us=50202 decode_us=0 seq=232 value=44.53083098915241 elapsed_us=27446015
2026-03-25T15:42:17.199548Z  INFO ThreadId(02) telemetry_rx sensor=Thermal latency_us=4091363 drift_us=-50128 decode_us=1 seq=233 value=37.03891633891407 elapsed_us=27495887
2026-03-25T15:42:17.199605Z  INFO ThreadId(02) telemetry_rx sensor=Power latency_us=4091418 drift_us=207 decode_us=0 seq=116 value=4.988937310088852 elapsed_us=27495962
2026-03-25T15:42:17.348616Z  INFO ThreadId(23) telemetry_rx sensor=Imu latency_us=4140523 drift_us=50068 decode_us=0 seq=46 value=0.0891688366531612 elapsed_us=27644957
2026-03-25T15:42:17.348657Z  INFO ThreadId(23) telemetry_rx sensor=Thermal latency_us=4140584 drift_us=49127 decode_us=0 seq=234 value=72.77819988315692 elapsed_us=27645014
2026-03-25T15:42:17.398497Z  INFO ThreadId(02) telemetry_rx sensor=Thermal latency_us=4091496 drift_us=-50174 decode_us=0 seq=235 value=68.62299738146734 elapsed_us=27694840
2026-03-25T15:42:17.398539Z  INFO ThreadId(02) telemetry_rx sensor=Power latency_us=4091515 drift_us=-1065 decode_us=0 seq=117 value=1.6877151528987557 elapsed_us=27694897
2026-03-25T15:42:17.548476Z  INFO ThreadId(23) telemetry_rx sensor=Thermal latency_us=4141334 drift_us=49978 decode_us=0 seq=236 value=72.06173501892505 elapsed_us=27844818
2026-03-25T15:42:17.598785Z  INFO ThreadId(23) telemetry_rx sensor=Thermal latency_us=4091322 drift_us=-49695 decode_us=1 seq=237 value=24.275282263318786 elapsed_us=27895123
2026-03-25T15:42:17.598840Z  INFO ThreadId(23) telemetry_rx sensor=Power latency_us=4091359 drift_us=300 decode_us=0 seq=118 value=2.3919555042224925 elapsed_us=27895197
2026-03-25T15:42:17.698295Z  INFO ThreadId(02) telemetry_rx sensor=Thermal latency_us=4091374 drift_us=-487 decode_us=0 seq=238 value=62.21546053504601 elapsed_us=27994636
2026-03-25T15:42:17.798877Z  INFO ThreadId(02) telemetry_rx sensor=Imu latency_us=4091329 drift_us=-49738 decode_us=0 seq=47 value=-0.00908458157371643 elapsed_us=28095219
2026-03-25T15:42:17.798918Z  INFO ThreadId(02) telemetry_rx sensor=Power latency_us=4091408 drift_us=78 decode_us=0 seq=119 value=2.3461101157558426 elapsed_us=28095275
2026-03-25T15:42:17.798938Z  INFO ThreadId(02) telemetry_rx sensor=Thermal latency_us=4091415 drift_us=660 decode_us=0 seq=239 value=74.19746768845927 elapsed_us=28095296
2026-03-25T15:42:17.948535Z  INFO ThreadId(22) telemetry_rx sensor=Thermal latency_us=4140401 drift_us=49581 decode_us=0 seq=240 value=38.94735156210235 elapsed_us=28244877
2026-03-25T15:42:17.999667Z  INFO ThreadId(10) telemetry_rx sensor=Power latency_us=4091326 drift_us=730 decode_us=1 seq=120 value=0.6170014503736223 elapsed_us=28296005
2026-03-25T15:42:17.999726Z  INFO ThreadId(10) telemetry_rx sensor=Thermal latency_us=4091425 drift_us=-48794 decode_us=0 seq=241 value=26.513644953346123 elapsed_us=28296083
2026-03-25T15:42:18.099686Z  INFO ThreadId(10) telemetry_rx sensor=Thermal latency_us=4091321 drift_us=-54 decode_us=0 seq=242 value=48.960765214589074 elapsed_us=28396029
2026-03-25T15:42:18.198565Z  INFO ThreadId(10) telemetry_rx sensor=Power latency_us=4091364 drift_us=-1098 decode_us=0 seq=121 value=2.127418059173158 elapsed_us=28494907
2026-03-25T15:42:18.198607Z  INFO ThreadId(10) telemetry_rx sensor=Thermal latency_us=4091394 drift_us=-1064 decode_us=0 seq=243 value=20.56297475215244 elapsed_us=28494965
2026-03-25T15:42:18.298612Z  INFO ThreadId(02) telemetry_rx sensor=Thermal latency_us=4091329 drift_us=-10 decode_us=0 seq=244 value=34.90027672041976 elapsed_us=28594955
2026-03-25T15:42:18.298652Z  INFO ThreadId(02) telemetry_rx sensor=Imu latency_us=4091370 drift_us=-210 decode_us=0 seq=48 value=0.09253297568807081 elapsed_us=28595009
2026-03-25T15:42:18.399777Z  INFO ThreadId(10) telemetry_rx sensor=Thermal latency_us=4091349 drift_us=1165 decode_us=0 seq=245 value=35.345091292525616 elapsed_us=28696120
2026-03-25T15:42:18.399818Z  INFO ThreadId(10) telemetry_rx sensor=Power latency_us=4091391 drift_us=1269 decode_us=0 seq=122 value=4.287446999859091 elapsed_us=28696176
2026-03-25T15:42:18.549658Z  INFO ThreadId(10) telemetry_rx sensor=Thermal latency_us=4142201 drift_us=49880 decode_us=0 seq=246 value=62.28289812858267 elapsed_us=28846000
2026-03-25T15:42:18.598445Z  INFO ThreadId(22) telemetry_rx sensor=Thermal latency_us=4091337 drift_us=-51213 decode_us=0 seq=247 value=53.374756192203805 elapsed_us=28894787
2026-03-25T15:42:18.598485Z  INFO ThreadId(22) telemetry_rx sensor=Power latency_us=4091361 drift_us=-1333 decode_us=0 seq=123 value=4.761642843311214 elapsed_us=28894843
2026-03-25T15:42:18.749644Z  INFO ThreadId(23) telemetry_rx sensor=Thermal latency_us=4141866 drift_us=51199 decode_us=0 seq=248 value=67.67247738680226 elapsed_us=29045986
2026-03-25T15:42:18.799486Z  INFO ThreadId(22) telemetry_rx sensor=Power latency_us=4091367 drift_us=983 decode_us=0 seq=124 value=3.623728821598445 elapsed_us=29095826
2026-03-25T15:42:18.799542Z  INFO ThreadId(22) telemetry_rx sensor=Imu latency_us=4091390 drift_us=890 decode_us=0 seq=49 value=-0.05392547366107845 elapsed_us=29095899
2026-03-25T15:42:18.799574Z  INFO ThreadId(22) telemetry_rx sensor=Thermal latency_us=4091439 drift_us=-50055 decode_us=0 seq=249 value=57.703942425435585 elapsed_us=29095931
2026-03-25T15:42:18.810513Z  INFO ThreadId(22) uplink_tx: sent cmd=Heartbeat dispatch_us=153 queue_latency_us=10890 seq=11 elapsed_us=29106853
2026-03-25T15:42:18.948882Z  INFO ThreadId(02) telemetry_rx sensor=Thermal latency_us=4141621 drift_us=49289 decode_us=0 seq=250 value=20.910008758988795 elapsed_us=29245220
2026-03-25T15:42:18.998466Z  INFO ThreadId(10) telemetry_rx sensor=Power latency_us=4091358 drift_us=-1027 decode_us=0 seq=125 value=3.2448818070562595 elapsed_us=29294799
2026-03-25T15:42:18.998523Z  INFO ThreadId(10) telemetry_rx sensor=Thermal latency_us=4091371 drift_us=-50340 decode_us=0 seq=251 value=22.98309136902789 elapsed_us=29294880
2026-03-25T15:42:19.149256Z  INFO ThreadId(10) telemetry_rx sensor=Thermal latency_us=4141199 drift_us=50718 decode_us=0 seq=252 value=76.17234397590222 elapsed_us=29445598
2026-03-25T15:42:19.198418Z  INFO ThreadId(10) telemetry_rx sensor=Thermal latency_us=4091322 drift_us=-50839 decode_us=1 seq=253 value=70.84961431035363 elapsed_us=29494759
2026-03-25T15:42:19.198458Z  INFO ThreadId(10) telemetry_rx sensor=Power latency_us=4091347 drift_us=16 decode_us=0 seq=126 value=3.7360080775453524 elapsed_us=29494815
2026-03-25T15:42:19.299300Z  INFO ThreadId(22) telemetry_rx sensor=Imu latency_us=4091348 drift_us=-257 decode_us=0 seq=50 value=-0.00026529223215639164 elapsed_us=29595642
2026-03-25T15:42:19.299339Z  INFO ThreadId(22) telemetry_rx sensor=Thermal latency_us=4091395 drift_us=937 decode_us=0 seq=254 value=79.60695679955168 elapsed_us=29595696
2026-03-25T15:42:19.398578Z  INFO ThreadId(10) telemetry_rx sensor=Power latency_us=4091363 drift_us=102 decode_us=1 seq=127 value=1.2029205760431458 elapsed_us=29694917
2026-03-25T15:42:19.398636Z  INFO ThreadId(10) telemetry_rx sensor=Thermal latency_us=4091444 drift_us=-703 decode_us=0 seq=255 value=70.04675142004001 elapsed_us=29694993
2026-03-25T15:42:19.549328Z  INFO ThreadId(02) telemetry_rx sensor=Thermal latency_us=4141020 drift_us=50676 decode_us=1 seq=256 value=70.13671257282425 elapsed_us=29845669
2026-03-25T15:42:19.598902Z  INFO ThreadId(22) telemetry_rx sensor=Thermal latency_us=4091447 drift_us=-50433 decode_us=1 seq=257 value=49.198541006832755 elapsed_us=29895236
2026-03-25T15:42:19.598988Z  INFO ThreadId(22) telemetry_rx sensor=Power latency_us=4091534 drift_us=427 decode_us=0 seq=128 value=1.1707563808383634 elapsed_us=29895344
2026-03-25T15:42:19.698866Z  INFO ThreadId(02) telemetry_rx sensor=Thermal latency_us=4091366 drift_us=-31 decode_us=0 seq=258 value=31.36494101340476 elapsed_us=29995205
2026-03-25T15:42:19.710757Z  INFO ThreadId(10) === PERFORMANCE REPORT === report=1 elapsed_s=30 elapsed_us=30006627 pkts_received=436 pkts_lost=6 latency_p50_us=4091903 latency_p99_us=4143103 decode_deadline_misses=0 fault_received_count=2 cmd_deadline_misses=0
2026-03-25T15:42:19.798593Z  INFO ThreadId(22) telemetry_rx sensor=Imu latency_us=4091334 drift_us=-707 decode_us=0 seq=51 value=0.08602062287526638 elapsed_us=30094935
2026-03-25T15:42:19.798632Z  INFO ThreadId(22) telemetry_rx sensor=Power latency_us=4091404 drift_us=-354 decode_us=0 seq=129 value=4.545697591260173 elapsed_us=30094990
2026-03-25T15:42:19.798653Z  INFO ThreadId(22) telemetry_rx sensor=Thermal latency_us=4091400 drift_us=-195 decode_us=0 seq=259 value=33.87014398236094 elapsed_us=30095010
2026-03-25T15:42:19.948509Z  INFO ThreadId(23) telemetry_rx sensor=Thermal latency_us=4140115 drift_us=49838 decode_us=0 seq=260 value=55.126670706573464 elapsed_us=30244848
2026-03-25T15:42:20.048613Z  INFO ThreadId(02) telemetry_rx sensor=Power latency_us=4140407 drift_us=49959 decode_us=1 seq=130 value=3.4047720862464024 elapsed_us=30344949
2026-03-25T15:42:20.048654Z  INFO ThreadId(02) telemetry_rx sensor=Thermal latency_us=4140455 drift_us=163 decode_us=0 seq=261 value=27.267561267503865 elapsed_us=30345011
2026-03-25T15:42:20.098696Z  INFO ThreadId(23) telemetry_rx sensor=Thermal latency_us=4091415 drift_us=-49979 decode_us=1 seq=262 value=23.47807986821655 elapsed_us=30395032
2026-03-25T15:42:20.199113Z  INFO ThreadId(22) telemetry_rx sensor=Thermal latency_us=4091336 drift_us=423 decode_us=0 seq=263 value=20.627317431649985 elapsed_us=30495455
2026-03-25T15:42:20.199152Z  INFO ThreadId(22) telemetry_rx sensor=Power latency_us=4091380 drift_us=-49440 decode_us=0 seq=131 value=4.156307231297561 elapsed_us=30495509
2026-03-25T15:42:20.298657Z  INFO ThreadId(22) telemetry_rx sensor=Imu latency_us=4091297 drift_us=65 decode_us=0 seq=52 value=0.08200940492946623 elapsed_us=30595000
2026-03-25T15:42:20.298696Z  INFO ThreadId(22) telemetry_rx sensor=Thermal latency_us=4091372 drift_us=-402 decode_us=0 seq=264 value=64.40119199489877 elapsed_us=30595053
2026-03-25T15:42:20.398858Z  INFO ThreadId(22) telemetry_rx sensor=Thermal latency_us=4091337 drift_us=147 decode_us=0 seq=265 value=31.060275414637918 elapsed_us=30695200
2026-03-25T15:42:20.398897Z  INFO ThreadId(22) telemetry_rx sensor=Power latency_us=4091364 drift_us=-254 decode_us=0 seq=132 value=2.7692613185871267 elapsed_us=30695255
2026-03-25T15:42:20.499363Z  INFO ThreadId(23) telemetry_rx sensor=Thermal latency_us=4091325 drift_us=505 decode_us=1 seq=266 value=32.019880525274054 elapsed_us=30795705
2026-03-25T15:42:20.599526Z  INFO ThreadId(22) telemetry_rx sensor=Thermal latency_us=4091360 drift_us=163 decode_us=0 seq=267 value=69.09899466035108 elapsed_us=30895868
2026-03-25T15:42:20.599566Z  INFO ThreadId(22) telemetry_rx sensor=Power latency_us=4091382 drift_us=669 decode_us=0 seq=133 value=3.9887666827880888 elapsed_us=30895924
2026-03-25T15:42:20.699758Z  INFO ThreadId(23) telemetry_rx sensor=Thermal latency_us=4091400 drift_us=230 decode_us=1 seq=268 value=41.185255319642636 elapsed_us=30996098
2026-03-25T15:42:20.799777Z  INFO ThreadId(23) telemetry_rx sensor=Imu latency_us=4091445 drift_us=1119 decode_us=0 seq=53 value=-0.07953095569382684 elapsed_us=31096119
2026-03-25T15:42:20.799818Z  INFO ThreadId(23) telemetry_rx sensor=Power latency_us=4091529 drift_us=251 decode_us=0 seq=134 value=1.8796012531660782 elapsed_us=31096175
2026-03-25T15:42:20.799839Z  INFO ThreadId(23) telemetry_rx sensor=Thermal latency_us=4091527 drift_us=99 decode_us=0 seq=269 value=52.605866306411365 elapsed_us=31096197
2026-03-25T15:42:20.899667Z  INFO ThreadId(22) telemetry_rx sensor=Thermal latency_us=4091387 drift_us=-189 decode_us=1 seq=270 value=60.91161247725363 elapsed_us=31196008
2026-03-25T15:42:20.998412Z  INFO ThreadId(02) telemetry_rx sensor=Power latency_us=4091312 drift_us=-1422 decode_us=0 seq=135 value=1.036537026111723 elapsed_us=31294753
2026-03-25T15:42:20.998451Z  INFO ThreadId(02) telemetry_rx sensor=Thermal latency_us=4091365 drift_us=-1200 decode_us=0 seq=271 value=55.55211198965112 elapsed_us=31294808
2026-03-25T15:42:21.149773Z  INFO ThreadId(22) telemetry_rx sensor=Thermal latency_us=4141783 drift_us=51305 decode_us=1 seq=272 value=33.678722048545474 elapsed_us=31446113
2026-03-25T15:42:21.199395Z  INFO ThreadId(02) telemetry_rx sensor=Power latency_us=4091346 drift_us=984 decode_us=0 seq=136 value=4.7258414919867375 elapsed_us=31495737
2026-03-25T15:42:21.199437Z  INFO ThreadId(02) telemetry_rx sensor=Thermal latency_us=4091414 drift_us=-50319 decode_us=0 seq=273 value=56.23286957057505 elapsed_us=31495794
2026-03-25T15:42:21.298486Z  INFO ThreadId(02) telemetry_rx sensor=Imu latency_us=4091389 drift_us=-1295 decode_us=1 seq=54 value=-0.007732308706337412 elapsed_us=31594824
2026-03-25T15:42:21.298542Z  INFO ThreadId(02) telemetry_rx sensor=Thermal latency_us=4091460 drift_us=-895 decode_us=0 seq=274 value=50.19165098638933 elapsed_us=31594899
2026-03-25T15:42:21.398547Z  INFO ThreadId(02) telemetry_rx sensor=Thermal latency_us=4091382 drift_us=-13 decode_us=0 seq=275 value=43.523002331136254 elapsed_us=31694886
2026-03-25T15:42:21.398605Z  INFO ThreadId(02) telemetry_rx sensor=Power latency_us=4091435 drift_us=-775 decode_us=0 seq=137 value=0.9222805549727794 elapsed_us=31694962
2026-03-25T15:42:21.499391Z  INFO ThreadId(02) telemetry_rx sensor=Thermal latency_us=4091391 drift_us=847 decode_us=0 seq=276 value=32.36001676524626 elapsed_us=31795733
2026-03-25T15:42:21.598547Z  INFO ThreadId(23) telemetry_rx sensor=Power latency_us=4091379 drift_us=-74 decode_us=0 seq=138 value=1.2550904818497188 elapsed_us=31894888
2026-03-25T15:42:21.598588Z  INFO ThreadId(23) telemetry_rx sensor=Thermal latency_us=4091418 drift_us=-787 decode_us=0 seq=277 value=30.529355549836087 elapsed_us=31894946
2026-03-25T15:42:21.748482Z  INFO ThreadId(23) telemetry_rx sensor=Thermal latency_us=4140178 drift_us=49872 decode_us=1 seq=278 value=76.41610200987769 elapsed_us=32044818
2026-03-25T15:42:21.798609Z  INFO ThreadId(02) telemetry_rx sensor=Imu latency_us=4091327 drift_us=127 decode_us=0 seq=55 value=-0.07339739051118231 elapsed_us=32094951
2026-03-25T15:42:21.798649Z  INFO ThreadId(02) telemetry_rx sensor=Power latency_us=4091399 drift_us=118 decode_us=0 seq=139 value=3.42096030340018 elapsed_us=32095006
2026-03-25T15:42:21.798669Z  INFO ThreadId(02) telemetry_rx sensor=Thermal latency_us=4091408 drift_us=-49792 decode_us=0 seq=279 value=64.49263988089916 elapsed_us=32095026
2026-03-25T15:42:21.898508Z  INFO ThreadId(23) telemetry_rx sensor=Thermal latency_us=4091357 drift_us=-179 decode_us=0 seq=280 value=65.23368306374321 elapsed_us=32194847
2026-03-25T15:42:21.998530Z  INFO ThreadId(23) telemetry_rx sensor=Thermal latency_us=4091374 drift_us=26 decode_us=1 seq=281 value=23.265137117515962 elapsed_us=32294873
2026-03-25T15:42:21.998570Z  INFO ThreadId(23) telemetry_rx sensor=Power latency_us=4091392 drift_us=-79 decode_us=0 seq=140 value=3.233048396324066 elapsed_us=32294927
2026-03-25T15:42:22.149462Z  INFO ThreadId(22) telemetry_rx sensor=Thermal latency_us=4141357 drift_us=50927 decode_us=0 seq=282 value=72.62894400504474 elapsed_us=32445800
2026-03-25T15:42:22.198788Z  INFO ThreadId(02) telemetry_rx sensor=Power latency_us=4091378 drift_us=198 decode_us=1 seq=141 value=4.425050735744094 elapsed_us=32495125
2026-03-25T15:42:22.198845Z  INFO ThreadId(02) telemetry_rx sensor=Thermal latency_us=4091440 drift_us=-50598 decode_us=0 seq=283 value=65.35293578083767 elapsed_us=32495202
2026-03-25T15:42:22.298604Z  INFO ThreadId(23) telemetry_rx sensor=Imu latency_us=4091302 drift_us=-5 decode_us=0 seq=56 value=-0.013493690267997849 elapsed_us=32594946
2026-03-25T15:42:22.298643Z  INFO ThreadId(23) telemetry_rx sensor=Thermal latency_us=4091376 drift_us=-202 decode_us=0 seq=284 value=65.77009099754906 elapsed_us=32595000
2026-03-25T15:42:22.398756Z  INFO ThreadId(02) telemetry_rx sensor=Thermal latency_us=4091341 drift_us=97 decode_us=0 seq=285 value=50.477571430863236 elapsed_us=32695097
2026-03-25T15:42:22.398795Z  INFO ThreadId(02) telemetry_rx sensor=Power latency_us=4091364 drift_us=28 decode_us=0 seq=142 value=3.401874385333842 elapsed_us=32695153
2026-03-25T15:42:22.548515Z  INFO ThreadId(22) telemetry_rx sensor=Thermal latency_us=4141233 drift_us=49759 decode_us=0 seq=286 value=31.41033488663178 elapsed_us=32844856
2026-03-25T15:42:22.598639Z  INFO ThreadId(02) telemetry_rx sensor=Thermal latency_us=4091341 drift_us=-49876 decode_us=0 seq=287 value=36.87056854516482 elapsed_us=32894980
2026-03-25T15:42:22.598680Z  INFO ThreadId(02) telemetry_rx sensor=Power latency_us=4091356 drift_us=-116 decode_us=0 seq=143 value=4.492177733355528 elapsed_us=32895037
2026-03-25T15:42:22.698576Z  INFO ThreadId(23) telemetry_rx sensor=Thermal latency_us=4091358 drift_us=-62 decode_us=0 seq=288 value=43.33595441215733 elapsed_us=32994918
2026-03-25T15:42:22.799488Z  INFO ThreadId(02) telemetry_rx sensor=Imu latency_us=4091318 drift_us=884 decode_us=0 seq=57 value=0.05756303394698531 elapsed_us=33095830
2026-03-25T15:42:22.799530Z  INFO ThreadId(02) telemetry_rx sensor=Power latency_us=4091403 drift_us=851 decode_us=0 seq=144 value=1.2215401130109345 elapsed_us=33095888
2026-03-25T15:42:22.799552Z  INFO ThreadId(02) telemetry_rx sensor=Thermal latency_us=4091340 drift_us=992 decode_us=0 seq=289 value=45.086356878707576 elapsed_us=33095910
2026-03-25T15:42:22.899434Z  INFO ThreadId(02) telemetry_rx sensor=Thermal latency_us=4091427 drift_us=-139 decode_us=1 seq=290 value=33.44901411144684 elapsed_us=33195771
2026-03-25T15:42:22.999442Z  INFO ThreadId(02) telemetry_rx sensor=Power latency_us=4091353 drift_us=-109 decode_us=0 seq=145 value=1.3720721218298384 elapsed_us=33295779
2026-03-25T15:42:22.999500Z  INFO ThreadId(02) telemetry_rx sensor=Thermal latency_us=4091443 drift_us=86 decode_us=0 seq=291 value=29.610170624239878 elapsed_us=33295857
2026-03-25T15:42:23.098647Z  INFO ThreadId(10) telemetry_rx sensor=Thermal latency_us=4091466 drift_us=-869 decode_us=1 seq=292 value=75.72309402856789 elapsed_us=33394988
2026-03-25T15:42:23.198922Z  INFO ThreadId(10) telemetry_rx sensor=Thermal latency_us=4091305 drift_us=267 decode_us=1 seq=293 value=52.079488960724845 elapsed_us=33495255
2026-03-25T15:42:23.199020Z  INFO ThreadId(10) telemetry_rx sensor=Power latency_us=4091402 drift_us=-405 decode_us=0 seq=146 value=4.756981206068032 elapsed_us=33495374
2026-03-25T15:42:23.299485Z  INFO ThreadId(10) telemetry_rx sensor=Thermal latency_us=4091380 drift_us=571 decode_us=1 seq=294 value=46.28545346917132 elapsed_us=33595826
2026-03-25T15:42:23.299525Z  INFO ThreadId(10) telemetry_rx sensor=Imu latency_us=4091400 drift_us=52 decode_us=0 seq=58 value=-0.0674256199235071 elapsed_us=33595882
2026-03-25T15:42:23.399437Z  INFO ThreadId(23) telemetry_rx sensor=Power latency_us=4091342 drift_us=404 decode_us=1 seq=147 value=1.7181829238415858 elapsed_us=33695778
2026-03-25T15:42:23.399476Z  INFO ThreadId(23) telemetry_rx sensor=Thermal latency_us=4091420 drift_us=7 decode_us=0 seq=295 value=48.468098868085725 elapsed_us=33695833
2026-03-25T15:42:23.549210Z  INFO ThreadId(23) telemetry_rx sensor=Thermal latency_us=4141990 drift_us=49720 decode_us=0 seq=296 value=56.288655816396336 elapsed_us=33845553
2026-03-25T15:42:23.598606Z  INFO ThreadId(02) telemetry_rx sensor=Thermal latency_us=4091413 drift_us=-50608 decode_us=1 seq=297 value=20.042905988643902 elapsed_us=33894945
2026-03-25T15:42:23.598663Z  INFO ThreadId(02) telemetry_rx sensor=Power latency_us=4091429 drift_us=-758 decode_us=0 seq=148 value=2.6661672722112284 elapsed_us=33895020
2026-03-25T15:42:23.698545Z  INFO ThreadId(23) telemetry_rx sensor=Thermal latency_us=4091346 drift_us=-63 decode_us=1 seq=298 value=73.74776986459072 elapsed_us=33994882
2026-03-25T15:42:23.799453Z  INFO ThreadId(02) telemetry_rx sensor=Power latency_us=4091386 drift_us=772 decode_us=0 seq=149 value=3.8595374777049836 elapsed_us=34095792
2026-03-25T15:42:23.799496Z  INFO ThreadId(02) telemetry_rx sensor=Imu latency_us=4091407 drift_us=-29 decode_us=0 seq=59 value=-0.09914262752069863 elapsed_us=34095853
2026-03-25T15:42:23.799516Z  INFO ThreadId(02) telemetry_rx sensor=Thermal latency_us=4091419 drift_us=992 decode_us=0 seq=299 value=78.77458484070985 elapsed_us=34095874
2026-03-25T15:42:23.806844Z  INFO ThreadId(22) uplink_tx: sent cmd=Heartbeat dispatch_us=157 queue_latency_us=7198 seq=12 elapsed_us=34103184
2026-03-25T15:42:23.948387Z  INFO ThreadId(23) telemetry_rx sensor=Thermal latency_us=4140755 drift_us=48852 decode_us=0 seq=300 value=50.05221198225545 elapsed_us=34244726
2026-03-25T15:42:23.998511Z  INFO ThreadId(10) telemetry_rx sensor=Power latency_us=4091390 drift_us=-946 decode_us=0 seq=150 value=1.769033692077631 elapsed_us=34294846
2026-03-25T15:42:23.998570Z  INFO ThreadId(10) telemetry_rx sensor=Thermal latency_us=4091493 drift_us=-49800 decode_us=0 seq=301 value=75.6322349347108 elapsed_us=34294926
2026-03-25T15:42:24.099966Z  INFO ThreadId(10) telemetry_rx sensor=Thermal latency_us=4091306 drift_us=1382 decode_us=0 seq=302 value=29.601896270389094 elapsed_us=34396308
2026-03-25T15:42:24.198572Z  INFO ThreadId(22) telemetry_rx sensor=Power latency_us=4091412 drift_us=68 decode_us=0 seq=151 value=4.060636515000849 elapsed_us=34494914
2026-03-25T15:42:24.198615Z  INFO ThreadId(22) telemetry_rx sensor=Thermal latency_us=4091434 drift_us=-1335 decode_us=0 seq=303 value=42.758650925561305 elapsed_us=34494973
2026-03-25T15:42:24.298310Z  INFO ThreadId(22) telemetry_rx sensor=Imu latency_us=4091300 drift_us=-1201 decode_us=0 seq=60 value=0.060447869014753464 elapsed_us=34594652
2026-03-25T15:42:24.298351Z  INFO ThreadId(22) telemetry_rx sensor=Thermal latency_us=4091369 drift_us=-264 decode_us=0 seq=304 value=48.69115575207245 elapsed_us=34594709
2026-03-25T15:42:24.298427Z  WARN ThreadId(22) fault_mgr: fault received fault=DelayedSensor severity=2 elapsed_us=34594781
2026-03-25T15:42:24.298435Z  INFO ThreadId(22) fault_mgr: interlock APPLIED interlock_latency_us=12 elapsed_us=34594793
2026-03-25T15:42:24.314600Z  INFO ThreadId(22) uplink_tx: sent cmd=SafeMode dispatch_us=142 queue_latency_us=16002 seq=13 elapsed_us=34610942
2026-03-25T15:42:24.361711Z  INFO ThreadId(23) fault_mgr: interlock CLEARED, reset command sent
2026-03-25T15:42:24.361816Z  INFO ThreadId(10) uplink_tx: sent cmd=ResetSensor dispatch_us=102 queue_latency_us=17 seq=14 elapsed_us=34658168
2026-03-25T15:42:24.398789Z  INFO ThreadId(10) telemetry_rx sensor=Thermal latency_us=4091365 drift_us=419 decode_us=1 seq=305 value=64.12789566396386 elapsed_us=34695128
2026-03-25T15:42:24.398845Z  INFO ThreadId(10) telemetry_rx sensor=Power latency_us=4091405 drift_us=287 decode_us=0 seq=152 value=3.012907734747472 elapsed_us=34695201
2026-03-25T15:42:24.499297Z  INFO ThreadId(22) telemetry_rx sensor=Thermal latency_us=4091286 drift_us=510 decode_us=1 seq=306 value=77.14939557770163 elapsed_us=34795638
2026-03-25T15:42:24.599363Z  INFO ThreadId(22) telemetry_rx sensor=Power latency_us=4091380 drift_us=503 decode_us=1 seq=153 value=4.784711915648352 elapsed_us=34895704
2026-03-25T15:42:24.599405Z  INFO ThreadId(22) telemetry_rx sensor=Thermal latency_us=4091459 drift_us=125 decode_us=0 seq=307 value=71.64516445562559 elapsed_us=34895763
2026-03-25T15:42:24.749376Z  INFO ThreadId(23) telemetry_rx sensor=Thermal latency_us=4141678 drift_us=49953 decode_us=1 seq=308 value=65.3981323529163 elapsed_us=35045716
2026-03-25T15:42:24.799337Z  INFO ThreadId(22) telemetry_rx sensor=Imu latency_us=4091397 drift_us=1025 decode_us=0 seq=61 value=0.08872577464597625 elapsed_us=35095677
2026-03-25T15:42:24.799381Z  INFO ThreadId(22) telemetry_rx sensor=Power latency_us=4091482 drift_us=33 decode_us=0 seq=154 value=1.7837618519768896 elapsed_us=35095737
2026-03-25T15:42:24.799404Z  INFO ThreadId(22) telemetry_rx sensor=Thermal latency_us=4091474 drift_us=-49954 decode_us=0 seq=309 value=29.080038111794973 elapsed_us=35095762
2026-03-25T15:42:24.899616Z  INFO ThreadId(22) telemetry_rx sensor=Thermal latency_us=4091358 drift_us=196 decode_us=0 seq=310 value=59.13782680738165 elapsed_us=35195958
2026-03-25T15:42:24.999342Z  INFO ThreadId(22) telemetry_rx sensor=Power latency_us=4091344 drift_us=-53 decode_us=0 seq=155 value=3.7050024776353814 elapsed_us=35295684
2026-03-25T15:42:24.999383Z  INFO ThreadId(22) telemetry_rx sensor=Thermal latency_us=4091423 drift_us=-218 decode_us=0 seq=311 value=53.487274983714144 elapsed_us=35295740
2026-03-25T15:42:25.098699Z  INFO ThreadId(10) telemetry_rx sensor=Thermal latency_us=4091381 drift_us=-700 decode_us=1 seq=312 value=74.62484302318357 elapsed_us=35395040
2026-03-25T15:42:25.198699Z  INFO ThreadId(10) telemetry_rx sensor=Thermal latency_us=4091375 drift_us=1 decode_us=0 seq=313 value=54.154738268140974 elapsed_us=35495041
2026-03-25T15:42:25.198741Z  INFO ThreadId(10) telemetry_rx sensor=Power latency_us=4091393 drift_us=-586 decode_us=0 seq=156 value=4.649640632687486 elapsed_us=35495098
2026-03-25T15:42:25.298656Z  INFO ThreadId(10) telemetry_rx sensor=Thermal latency_us=4091393 drift_us=-47 decode_us=1 seq=314 value=36.437954604007395 elapsed_us=35594994
2026-03-25T15:42:25.298714Z  INFO ThreadId(10) telemetry_rx sensor=Imu latency_us=4091444 drift_us=-606 decode_us=0 seq=62 value=-0.031756303202307254 elapsed_us=35595071
2026-03-25T15:42:25.398764Z  INFO ThreadId(22) telemetry_rx sensor=Thermal latency_us=4091329 drift_us=111 decode_us=1 seq=315 value=28.13346172616757 elapsed_us=35695105
2026-03-25T15:42:25.398810Z  INFO ThreadId(22) telemetry_rx sensor=Power latency_us=4091357 drift_us=69 decode_us=0 seq=157 value=2.1054686906539946 elapsed_us=35695167
2026-03-25T15:42:25.548745Z  INFO ThreadId(23) telemetry_rx sensor=Thermal latency_us=4141367 drift_us=49981 decode_us=1 seq=316 value=52.52426259636609 elapsed_us=35845086
2026-03-25T15:42:25.598647Z  INFO ThreadId(02) telemetry_rx sensor=Thermal latency_us=4091423 drift_us=-50101 decode_us=1 seq=317 value=57.68292667401942 elapsed_us=35894985
2026-03-25T15:42:25.598703Z  INFO ThreadId(02) telemetry_rx sensor=Power latency_us=4091452 drift_us=-107 decode_us=0 seq=158 value=3.4651479059387875 elapsed_us=35895060
2026-03-25T15:42:25.698797Z  INFO ThreadId(22) telemetry_rx sensor=Thermal latency_us=4091384 drift_us=153 decode_us=1 seq=318 value=79.10639132194143 elapsed_us=35995138
2026-03-25T15:42:25.799545Z  INFO ThreadId(22) telemetry_rx sensor=Power latency_us=4091477 drift_us=824 decode_us=0 seq=159 value=4.103803525746938 elapsed_us=36095884
2026-03-25T15:42:25.799602Z  INFO ThreadId(22) telemetry_rx sensor=Imu latency_us=4091497 drift_us=888 decode_us=0 seq=63 value=0.014224219009245198 elapsed_us=36095959
2026-03-25T15:42:25.799633Z  INFO ThreadId(22) telemetry_rx sensor=Thermal latency_us=4091550 drift_us=852 decode_us=0 seq=319 value=32.82591685121891 elapsed_us=36095990
2026-03-25T15:42:25.949379Z  INFO ThreadId(02) telemetry_rx sensor=Thermal latency_us=4141859 drift_us=49727 decode_us=0 seq=320 value=39.13109759771646 elapsed_us=36245717
2026-03-25T15:42:25.998773Z  INFO ThreadId(22) telemetry_rx sensor=Thermal latency_us=4091436 drift_us=-50606 decode_us=0 seq=321 value=63.6798075916492 elapsed_us=36295111
2026-03-25T15:42:25.998830Z  INFO ThreadId(22) telemetry_rx sensor=Power latency_us=4091460 drift_us=-698 decode_us=0 seq=160 value=3.4208080269801098 elapsed_us=36295186
2026-03-25T15:42:26.149954Z  INFO ThreadId(02) telemetry_rx sensor=Thermal latency_us=4142663 drift_us=51183 decode_us=0 seq=322 value=63.817373920431166 elapsed_us=36446294
2026-03-25T15:42:26.199557Z  INFO ThreadId(22) telemetry_rx sensor=Thermal latency_us=4091429 drift_us=-50399 decode_us=1 seq=323 value=31.226365650768134 elapsed_us=36495895
2026-03-25T15:42:26.199615Z  INFO ThreadId(22) telemetry_rx sensor=Power latency_us=4091435 drift_us=785 decode_us=0 seq=161 value=3.000250689191491 elapsed_us=36495971
2026-03-25T15:42:26.299117Z  INFO ThreadId(02) telemetry_rx sensor=Thermal latency_us=4091345 drift_us=-439 decode_us=0 seq=324 value=60.18909617107512 elapsed_us=36595456
2026-03-25T15:42:26.299177Z  INFO ThreadId(02) telemetry_rx sensor=Imu latency_us=4091405 drift_us=-425 decode_us=0 seq=64 value=-0.01278957241347603 elapsed_us=36595534
2026-03-25T15:42:26.398502Z  INFO ThreadId(23) telemetry_rx sensor=Thermal latency_us=4091386 drift_us=-616 decode_us=1 seq=325 value=25.176071328102708 elapsed_us=36694840
2026-03-25T15:42:26.398560Z  INFO ThreadId(23) telemetry_rx sensor=Power latency_us=4091406 drift_us=-1054 decode_us=0 seq=162 value=0.7982873767492781 elapsed_us=36694917
2026-03-25T15:42:26.498680Z  INFO ThreadId(02) telemetry_rx sensor=Thermal latency_us=4091328 drift_us=178 decode_us=1 seq=326 value=51.41178636965776 elapsed_us=36795018
2026-03-25T15:42:26.599663Z  INFO ThreadId(22) telemetry_rx sensor=Power latency_us=4091398 drift_us=1084 decode_us=1 seq=163 value=2.3256865989963016 elapsed_us=36896001
2026-03-25T15:42:26.599720Z  INFO ThreadId(22) telemetry_rx sensor=Thermal latency_us=4091493 drift_us=1059 decode_us=0 seq=327 value=70.79959600400313 elapsed_us=36896077
2026-03-25T15:42:26.699551Z  INFO ThreadId(23) telemetry_rx sensor=Thermal latency_us=4091358 drift_us=-185 decode_us=0 seq=328 value=44.226548627926604 elapsed_us=36995892
2026-03-25T15:42:26.798902Z  INFO ThreadId(23) telemetry_rx sensor=Imu latency_us=4091439 drift_us=-297 decode_us=0 seq=65 value=0.08188262484521852 elapsed_us=37095237
2026-03-25T15:42:26.798959Z  INFO ThreadId(23) telemetry_rx sensor=Power latency_us=4091538 drift_us=-686 decode_us=0 seq=164 value=1.64596093791282 elapsed_us=37095315
2026-03-25T15:42:26.798993Z  INFO ThreadId(23) telemetry_rx sensor=Thermal latency_us=4091594 drift_us=-541 decode_us=0 seq=329 value=23.95882322651986 elapsed_us=37095351
2026-03-25T15:42:26.948576Z  INFO ThreadId(10) telemetry_rx sensor=Thermal latency_us=4140761 drift_us=49559 decode_us=1 seq=330 value=75.60115682547932 elapsed_us=37244910
2026-03-25T15:42:26.998792Z  INFO ThreadId(10) telemetry_rx sensor=Thermal latency_us=4091368 drift_us=-49780 decode_us=1 seq=331 value=39.460500036062555 elapsed_us=37295130
2026-03-25T15:42:26.998849Z  INFO ThreadId(10) telemetry_rx sensor=Power latency_us=4091418 drift_us=-109 decode_us=0 seq=165 value=3.8262455063537244 elapsed_us=37295206
2026-03-25T15:42:27.149038Z  INFO ThreadId(23) telemetry_rx sensor=Thermal latency_us=4140869 drift_us=50249 decode_us=0 seq=332 value=33.77778556238114 elapsed_us=37445379
2026-03-25T15:42:27.199606Z  INFO ThreadId(23) telemetry_rx sensor=Power latency_us=4091370 drift_us=743 decode_us=0 seq=166 value=3.652986758140985 elapsed_us=37495949
2026-03-25T15:42:27.199650Z  INFO ThreadId(23) telemetry_rx sensor=Thermal latency_us=4091441 drift_us=-49371 decode_us=0 seq=333 value=49.495553209880676 elapsed_us=37496008
2026-03-25T15:42:27.298786Z  INFO ThreadId(23) telemetry_rx sensor=Thermal latency_us=4091390 drift_us=-885 decode_us=1 seq=334 value=77.83096897410795 elapsed_us=37595123
2026-03-25T15:42:27.298845Z  INFO ThreadId(23) telemetry_rx sensor=Imu latency_us=4091433 drift_us=-35 decode_us=0 seq=66 value=-0.08401228196933022 elapsed_us=37595202
2026-03-25T15:42:27.398689Z  INFO ThreadId(10) telemetry_rx sensor=Thermal latency_us=4091336 drift_us=-95 decode_us=1 seq=335 value=58.14690490083669 elapsed_us=37695028
2026-03-25T15:42:27.398748Z  INFO ThreadId(10) telemetry_rx sensor=Power latency_us=4091375 drift_us=-845 decode_us=0 seq=167 value=1.7835194636327787 elapsed_us=37695104
2026-03-25T15:42:27.499459Z  INFO ThreadId(23) telemetry_rx sensor=Thermal latency_us=4091387 drift_us=771 decode_us=0 seq=336 value=75.17933707499017 elapsed_us=37795799
2026-03-25T15:42:27.598887Z  INFO ThreadId(23) telemetry_rx sensor=Power latency_us=4091391 drift_us=123 decode_us=1 seq=168 value=2.7833327559419283 elapsed_us=37895227
2026-03-25T15:42:27.598944Z  INFO ThreadId(23) telemetry_rx sensor=Thermal latency_us=4091443 drift_us=-498 decode_us=0 seq=337 value=38.71599329692819 elapsed_us=37895301
2026-03-25T15:42:27.699402Z  INFO ThreadId(22) telemetry_rx sensor=Thermal latency_us=4091395 drift_us=438 decode_us=1 seq=338 value=72.31755920128252 elapsed_us=37995739
2026-03-25T15:42:27.799544Z  INFO ThreadId(02) telemetry_rx sensor=Power latency_us=4091382 drift_us=652 decode_us=0 seq=169 value=0.9650800324321492 elapsed_us=38095879
2026-03-25T15:42:27.799602Z  INFO ThreadId(02) telemetry_rx sensor=Imu latency_us=4091433 drift_us=756 decode_us=0 seq=67 value=-0.029547668108164782 elapsed_us=38095958
2026-03-25T15:42:27.799633Z  INFO ThreadId(02) telemetry_rx sensor=Thermal latency_us=4091442 drift_us=251 decode_us=0 seq=339 value=32.05524435583456 elapsed_us=38095990
2026-03-25T15:42:27.899563Z  INFO ThreadId(10) telemetry_rx sensor=Thermal latency_us=4091348 drift_us=-86 decode_us=1 seq=340 value=67.04474822253209 elapsed_us=38195904
2026-03-25T15:42:27.998922Z  INFO ThreadId(02) telemetry_rx sensor=Thermal latency_us=4091390 drift_us=-644 decode_us=1 seq=341 value=26.514832894146853 elapsed_us=38295260
2026-03-25T15:42:27.998982Z  INFO ThreadId(02) telemetry_rx sensor=Power latency_us=4091442 drift_us=-541 decode_us=0 seq=170 value=2.5393685857766077 elapsed_us=38295338
2026-03-25T15:42:28.148703Z  INFO ThreadId(02) telemetry_rx sensor=Thermal latency_us=4141284 drift_us=49780 decode_us=1 seq=342 value=28.24481210883527 elapsed_us=38445040
2026-03-25T15:42:28.199095Z  INFO ThreadId(10) telemetry_rx sensor=Power latency_us=4091439 drift_us=99 decode_us=0 seq=171 value=4.947638885525813 elapsed_us=38495437
2026-03-25T15:42:28.199139Z  INFO ThreadId(10) telemetry_rx sensor=Thermal latency_us=4091482 drift_us=-49544 decode_us=0 seq=343 value=54.21381894062024 elapsed_us=38495496
2026-03-25T15:42:28.299743Z  INFO ThreadId(10) telemetry_rx sensor=Imu latency_us=4091355 drift_us=127 decode_us=0 seq=68 value=0.03272622697117247 elapsed_us=38596085
2026-03-25T15:42:28.299785Z  INFO ThreadId(10) telemetry_rx sensor=Thermal latency_us=4091428 drift_us=647 decode_us=0 seq=344 value=61.243577682697804 elapsed_us=38596143
2026-03-25T15:42:28.398405Z  INFO ThreadId(10) telemetry_rx sensor=Power latency_us=4091398 drift_us=-691 decode_us=1 seq=172 value=3.062977447264464 elapsed_us=38694746
2026-03-25T15:42:28.398449Z  INFO ThreadId(10) telemetry_rx sensor=Thermal latency_us=4091438 drift_us=-1337 decode_us=0 seq=345 value=66.63192294146288 elapsed_us=38694806
2026-03-25T15:42:28.549654Z  INFO ThreadId(02) telemetry_rx sensor=Thermal latency_us=4141840 drift_us=51189 decode_us=0 seq=346 value=22.872111767503227 elapsed_us=38845995
2026-03-25T15:42:28.598734Z  INFO ThreadId(10) telemetry_rx sensor=Power latency_us=4091365 drift_us=324 decode_us=1 seq=173 value=1.3552843614528034 elapsed_us=38895070
2026-03-25T15:42:28.598812Z  INFO ThreadId(10) telemetry_rx sensor=Thermal latency_us=4091429 drift_us=-50827 decode_us=0 seq=347 value=29.38297223785078 elapsed_us=38895168
2026-03-25T15:42:28.699534Z  INFO ThreadId(22) telemetry_rx sensor=Thermal latency_us=4091376 drift_us=706 decode_us=0 seq=348 value=54.33233004781399 elapsed_us=38995874
2026-03-25T15:42:28.799339Z  INFO ThreadId(10) telemetry_rx sensor=Thermal latency_us=4091332 drift_us=-197 decode_us=1 seq=349 value=76.56069562904338 elapsed_us=39095677
2026-03-25T15:42:28.799395Z  INFO ThreadId(10) telemetry_rx sensor=Imu latency_us=4091378 drift_us=-333 decode_us=0 seq=69 value=0.06880831180816438 elapsed_us=39095752
2026-03-25T15:42:28.799422Z  INFO ThreadId(10) telemetry_rx sensor=Power latency_us=4091382 drift_us=709 decode_us=0 seq=174 value=1.5237334366366544 elapsed_us=39095779
2026-03-25T15:42:28.815381Z  INFO ThreadId(02) uplink_tx: sent cmd=Heartbeat dispatch_us=133 queue_latency_us=16051 seq=15 elapsed_us=39111722
2026-03-25T15:42:28.948757Z  INFO ThreadId(22) telemetry_rx sensor=Thermal latency_us=4140671 drift_us=49421 decode_us=0 seq=350 value=74.38874761043982 elapsed_us=39245098
2026-03-25T15:42:28.999532Z  INFO ThreadId(02) telemetry_rx sensor=Thermal latency_us=4091327 drift_us=-49224 decode_us=1 seq=351 value=51.118760550199525 elapsed_us=39295874
2026-03-25T15:42:28.999572Z  INFO ThreadId(02) telemetry_rx sensor=Power latency_us=4091360 drift_us=150 decode_us=0 seq=175 value=1.1520296794309877 elapsed_us=39295929
2026-03-25T15:42:29.148521Z  INFO ThreadId(02) telemetry_rx sensor=Thermal latency_us=4140398 drift_us=48988 decode_us=0 seq=352 value=48.10354007556169 elapsed_us=39444862
2026-03-25T15:42:29.199290Z  INFO ThreadId(10) telemetry_rx sensor=Thermal latency_us=4091303 drift_us=-49231 decode_us=1 seq=353 value=34.11002860050131 elapsed_us=39495631
2026-03-25T15:42:29.199332Z  INFO ThreadId(10) telemetry_rx sensor=Power latency_us=4091318 drift_us=-240 decode_us=0 seq=176 value=4.721105672173237 elapsed_us=39495689
2026-03-25T15:42:29.298629Z  INFO ThreadId(10) telemetry_rx sensor=Imu latency_us=4091320 drift_us=-780 decode_us=0 seq=70 value=-0.013226901717299011 elapsed_us=39594972
2026-03-25T15:42:29.298671Z  INFO ThreadId(10) telemetry_rx sensor=Thermal latency_us=4091389 drift_us=-603 decode_us=0 seq=354 value=25.313438098950233 elapsed_us=39595028
2026-03-25T15:42:29.399402Z  INFO ThreadId(22) telemetry_rx sensor=Power latency_us=4091347 drift_us=54 decode_us=0 seq=177 value=2.3391322044552973 elapsed_us=39695743
2026-03-25T15:42:29.399445Z  INFO ThreadId(22) telemetry_rx sensor=Thermal latency_us=4091406 drift_us=773 decode_us=0 seq=355 value=53.160893637628924 elapsed_us=39695801
2026-03-25T15:42:29.548531Z  INFO ThreadId(02) telemetry_rx sensor=Thermal latency_us=4141113 drift_us=49071 decode_us=0 seq=356 value=30.607843850723295 elapsed_us=39844872
2026-03-25T15:42:29.598391Z  INFO ThreadId(02) telemetry_rx sensor=Power latency_us=4091385 drift_us=-1013 decode_us=1 seq=178 value=0.9430959569434396 elapsed_us=39894730
2026-03-25T15:42:29.598448Z  INFO ThreadId(02) telemetry_rx sensor=Thermal latency_us=4091477 drift_us=-50067 decode_us=0 seq=357 value=37.02701003141868 elapsed_us=39894805
2026-03-25T15:42:29.748762Z  INFO ThreadId(22) telemetry_rx sensor=Thermal latency_us=4140728 drift_us=50297 decode_us=1 seq=358 value=75.85226380558554 elapsed_us=40045102
2026-03-25T15:42:29.799260Z  INFO ThreadId(23) telemetry_rx sensor=Imu latency_us=4091327 drift_us=630 decode_us=0 seq=71 value=0.08402547776440916 elapsed_us=40095602
2026-03-25T15:42:29.799303Z  INFO ThreadId(23) telemetry_rx sensor=Power latency_us=4091404 drift_us=930 decode_us=0 seq=179 value=3.7660139796593795 elapsed_us=40095660
2026-03-25T15:42:29.799324Z  INFO ThreadId(23) telemetry_rx sensor=Thermal latency_us=4091394 drift_us=-49420 decode_us=0 seq=359 value=20.16373041860539 elapsed_us=40095682
2026-03-25T15:42:29.899285Z  INFO ThreadId(22) telemetry_rx sensor=Thermal latency_us=4091343 drift_us=-56 decode_us=1 seq=360 value=69.92434125452448 elapsed_us=40195626
2026-03-25T15:42:29.998809Z  INFO ThreadId(23) telemetry_rx sensor=Power latency_us=4091356 drift_us=-517 decode_us=1 seq=180 value=0.9266678389304401 elapsed_us=40295143
2026-03-25T15:42:29.998872Z  INFO ThreadId(23) telemetry_rx sensor=Thermal latency_us=4091464 drift_us=-397 decode_us=0 seq=361 value=37.65924352334644 elapsed_us=40295229
2026-03-25T15:42:30.148634Z  INFO ThreadId(23) telemetry_rx sensor=Thermal latency_us=4140196 drift_us=49744 decode_us=1 seq=362 value=61.37434376216262 elapsed_us=40444973
2026-03-25T15:42:30.198649Z  INFO ThreadId(22) telemetry_rx sensor=Thermal latency_us=4091287 drift_us=-49981 decode_us=0 seq=363 value=64.36423125621418 elapsed_us=40494992
2026-03-25T15:42:30.198690Z  INFO ThreadId(22) telemetry_rx sensor=Power latency_us=4091323 drift_us=-96 decode_us=0 seq=181 value=0.5149832752503951 elapsed_us=40495047
2026-03-25T15:42:30.299413Z  INFO ThreadId(02) telemetry_rx sensor=Imu latency_us=4091356 drift_us=148 decode_us=1 seq=72 value=-0.062039231299254864 elapsed_us=40595750
2026-03-25T15:42:30.299472Z  INFO ThreadId(02) telemetry_rx sensor=Thermal latency_us=4091447 drift_us=836 decode_us=0 seq=364 value=50.35939674246079 elapsed_us=40595828
2026-03-25T15:42:30.398597Z  INFO ThreadId(23) telemetry_rx sensor=Thermal latency_us=4091410 drift_us=-895 decode_us=1 seq=365 value=36.36789050824892 elapsed_us=40694933
2026-03-25T15:42:30.398672Z  INFO ThreadId(23) telemetry_rx sensor=Power latency_us=4091485 drift_us=-19 decode_us=0 seq=182 value=0.57819832797653 elapsed_us=40695028
2026-03-25T15:42:30.548687Z  INFO ThreadId(02) telemetry_rx sensor=Thermal latency_us=4141273 drift_us=50089 decode_us=1 seq=366 value=26.06679158991917 elapsed_us=40845022
2026-03-25T15:42:30.598445Z  INFO ThreadId(23) telemetry_rx sensor=Power latency_us=4091341 drift_us=-242 decode_us=0 seq=183 value=1.2441260985946392 elapsed_us=40894786
2026-03-25T15:42:30.598487Z  INFO ThreadId(23) telemetry_rx sensor=Thermal latency_us=4091408 drift_us=-50178 decode_us=0 seq=367 value=65.59881931181462 elapsed_us=40894844
2026-03-25T15:42:30.698995Z  INFO ThreadId(02) telemetry_rx sensor=Thermal latency_us=4091395 drift_us=489 decode_us=0 seq=368 value=41.483336052656185 elapsed_us=40995333
2026-03-25T15:42:30.798798Z  INFO ThreadId(22) telemetry_rx sensor=Imu latency_us=4091375 drift_us=-610 decode_us=1 seq=73 value=-0.06488139423932679 elapsed_us=41095140
2026-03-25T15:42:30.798841Z  INFO ThreadId(22) telemetry_rx sensor=Power latency_us=4091445 drift_us=412 decode_us=0 seq=184 value=4.1809613183453145 elapsed_us=41095198
2026-03-25T15:42:30.798862Z  INFO ThreadId(22) telemetry_rx sensor=Thermal latency_us=4091468 drift_us=-113 decode_us=0 seq=369 value=65.55001922074638 elapsed_us=41095220
2026-03-25T15:42:30.949233Z  INFO ThreadId(10) telemetry_rx sensor=Thermal latency_us=4142079 drift_us=50354 decode_us=0 seq=370 value=52.322439346146965 elapsed_us=41245574
2026-03-25T15:42:30.998820Z  INFO ThreadId(02) telemetry_rx sensor=Thermal latency_us=4091303 drift_us=-50412 decode_us=0 seq=371 value=67.24331996958458 elapsed_us=41295162
2026-03-25T15:42:30.998863Z  INFO ThreadId(02) telemetry_rx sensor=Power latency_us=4091334 drift_us=22 decode_us=0 seq=185 value=3.8496618370650957 elapsed_us=41295220
2026-03-25T15:42:31.148895Z  INFO ThreadId(22) telemetry_rx sensor=Thermal latency_us=4141499 drift_us=50073 decode_us=1 seq=372 value=27.995270576847695 elapsed_us=41445235
2026-03-25T15:42:31.198968Z  INFO ThreadId(10) telemetry_rx sensor=Thermal latency_us=4091378 drift_us=-49928 decode_us=0 seq=373 value=51.30547524163795 elapsed_us=41495307
2026-03-25T15:42:31.199025Z  INFO ThreadId(10) telemetry_rx sensor=Power latency_us=4091427 drift_us=162 decode_us=0 seq=186 value=0.7945972053862072 elapsed_us=41495382
2026-03-25T15:42:31.298880Z  INFO ThreadId(02) telemetry_rx sensor=Imu latency_us=4091348 drift_us=81 decode_us=0 seq=74 value=-0.0021893912132299465 elapsed_us=41595221
2026-03-25T15:42:31.298922Z  INFO ThreadId(02) telemetry_rx sensor=Thermal latency_us=4091420 drift_us=-28 decode_us=0 seq=374 value=58.23620784792864 elapsed_us=41595279
2026-03-25T15:42:31.398352Z  INFO ThreadId(02) telemetry_rx sensor=Thermal latency_us=4091341 drift_us=-585 decode_us=0 seq=375 value=54.46105703367491 elapsed_us=41694694
2026-03-25T15:42:31.398393Z  INFO ThreadId(02) telemetry_rx sensor=Power latency_us=4091355 drift_us=-631 decode_us=0 seq=187 value=2.6338718389200237 elapsed_us=41694751
2026-03-25T15:42:31.498849Z  INFO ThreadId(10) telemetry_rx sensor=Thermal latency_us=4091353 drift_us=496 decode_us=0 seq=376 value=23.58987330119277 elapsed_us=41795190
2026-03-25T15:42:31.599283Z  INFO ThreadId(22) telemetry_rx sensor=Thermal latency_us=4091335 drift_us=434 decode_us=0 seq=377 value=55.86242039206412 elapsed_us=41895624
2026-03-25T15:42:31.599329Z  INFO ThreadId(22) telemetry_rx sensor=Power latency_us=4091367 drift_us=935 decode_us=0 seq=188 value=0.5318177429485429 elapsed_us=41895686
2026-03-25T15:42:31.749406Z  INFO ThreadId(23) telemetry_rx sensor=Thermal latency_us=4142003 drift_us=50123 decode_us=0 seq=378 value=47.88943479673695 elapsed_us=42045747
2026-03-25T15:42:31.798976Z  INFO ThreadId(22) telemetry_rx sensor=Imu latency_us=4091341 drift_us=96 decode_us=0 seq=75 value=0.0811651602292571 elapsed_us=42095317
2026-03-25T15:42:31.799018Z  INFO ThreadId(22) telemetry_rx sensor=Power latency_us=4091418 drift_us=-311 decode_us=0 seq=189 value=0.8968882171471868 elapsed_us=42095375
2026-03-25T15:42:31.799040Z  INFO ThreadId(22) telemetry_rx sensor=Thermal latency_us=4091414 drift_us=-50349 decode_us=0 seq=379 value=61.455257899394546 elapsed_us=42095398
2026-03-25T15:42:31.898852Z  INFO ThreadId(02) telemetry_rx sensor=Thermal latency_us=4091341 drift_us=-204 decode_us=1 seq=380 value=70.13782232686924 elapsed_us=42195194
2026-03-25T15:42:31.998870Z  INFO ThreadId(23) telemetry_rx sensor=Power latency_us=4091313 drift_us=-164 decode_us=1 seq=190 value=3.304021516258496 elapsed_us=42295211
2026-03-25T15:42:31.998912Z  INFO ThreadId(23) telemetry_rx sensor=Thermal latency_us=4091394 drift_us=76 decode_us=0 seq=381 value=64.9458408330865 elapsed_us=42295270
2026-03-25T15:42:32.099070Z  INFO ThreadId(22) telemetry_rx sensor=Thermal latency_us=4091332 drift_us=142 decode_us=0 seq=382 value=41.285828734519896 elapsed_us=42395412
2026-03-25T15:42:32.198969Z  INFO ThreadId(22) telemetry_rx sensor=Power latency_us=4091357 drift_us=99 decode_us=1 seq=191 value=1.54820785996904 elapsed_us=42495310
2026-03-25T15:42:32.199012Z  INFO ThreadId(22) telemetry_rx sensor=Thermal latency_us=4091430 drift_us=-43 decode_us=0 seq=383 value=26.083009635728565 elapsed_us=42495369
2026-03-25T15:42:32.299114Z  INFO ThreadId(02) telemetry_rx sensor=Imu latency_us=4091485 drift_us=137 decode_us=0 seq=76 value=0.022513519212065305 elapsed_us=42595454
2026-03-25T15:42:32.299160Z  INFO ThreadId(02) telemetry_rx sensor=Thermal latency_us=4091532 drift_us=149 decode_us=0 seq=384 value=58.336356988139876 elapsed_us=42595518
2026-03-25T15:42:32.398937Z  INFO ThreadId(22) telemetry_rx sensor=Thermal latency_us=4091358 drift_us=-240 decode_us=0 seq=385 value=45.98071077708102 elapsed_us=42695278
2026-03-25T15:42:32.398986Z  INFO ThreadId(22) telemetry_rx sensor=Power latency_us=4091393 drift_us=33 decode_us=0 seq=192 value=4.810244608872317 elapsed_us=42695343
2026-03-25T15:42:32.548622Z  INFO ThreadId(23) telemetry_rx sensor=Thermal latency_us=4140157 drift_us=49685 decode_us=1 seq=386 value=27.46136919225579 elapsed_us=42844963
2026-03-25T15:42:32.599167Z  INFO ThreadId(10) telemetry_rx sensor=Thermal latency_us=4091357 drift_us=-49455 decode_us=0 seq=387 value=45.401724217647114 elapsed_us=42895508
2026-03-25T15:42:32.599209Z  INFO ThreadId(10) telemetry_rx sensor=Power latency_us=4091399 drift_us=224 decode_us=0 seq=193 value=3.6164488473409637 elapsed_us=42895567
2026-03-25T15:42:32.749381Z  INFO ThreadId(23) telemetry_rx sensor=Thermal latency_us=4141026 drift_us=50207 decode_us=1 seq=388 value=38.707465239086304 elapsed_us=43045715
2026-03-25T15:42:32.799623Z  INFO ThreadId(02) telemetry_rx sensor=Imu latency_us=4091423 drift_us=507 decode_us=1 seq=77 value=-0.07017424309912133 elapsed_us=43095961
2026-03-25T15:42:32.799680Z  INFO ThreadId(02) telemetry_rx sensor=Power latency_us=4091527 drift_us=470 decode_us=0 seq=194 value=4.037177266431626 elapsed_us=43096037
2026-03-25T15:42:32.799711Z  INFO ThreadId(02) telemetry_rx sensor=Thermal latency_us=4091538 drift_us=-49646 decode_us=0 seq=389 value=50.11039364335481 elapsed_us=43096069
2026-03-25T15:42:32.949379Z  INFO ThreadId(23) telemetry_rx sensor=Thermal latency_us=4141272 drift_us=49647 decode_us=1 seq=390 value=51.09960305271241 elapsed_us=43245716
2026-03-25T15:42:32.999379Z  INFO ThreadId(10) telemetry_rx sensor=Thermal latency_us=4091379 drift_us=-49995 decode_us=1 seq=391 value=54.72774744181913 elapsed_us=43295721
2026-03-25T15:42:32.999422Z  INFO ThreadId(10) telemetry_rx sensor=Power latency_us=4091394 drift_us=-258 decode_us=0 seq=195 value=0.8217030256685619 elapsed_us=43295779
2026-03-25T15:42:33.148592Z  INFO ThreadId(23) telemetry_rx sensor=Thermal latency_us=4140964 drift_us=49214 decode_us=0 seq=392 value=26.959125688390056 elapsed_us=43444935
2026-03-25T15:42:33.198415Z  INFO ThreadId(02) telemetry_rx sensor=Thermal latency_us=4091358 drift_us=-50179 decode_us=0 seq=393 value=66.26761142746707 elapsed_us=43494756
2026-03-25T15:42:33.198457Z  INFO ThreadId(02) telemetry_rx sensor=Power latency_us=4091383 drift_us=-965 decode_us=0 seq=196 value=2.671071698004088 elapsed_us=43494814
2026-03-25T15:42:33.298888Z  INFO ThreadId(10) telemetry_rx sensor=Imu latency_us=4091345 drift_us=-731 decode_us=1 seq=78 value=0.024042832048022683 elapsed_us=43595230
2026-03-25T15:42:33.298931Z  INFO ThreadId(10) telemetry_rx sensor=Thermal latency_us=4091395 drift_us=531 decode_us=0 seq=394 value=71.7983968538736 elapsed_us=43595287
2026-03-25T15:42:33.399402Z  INFO ThreadId(23) telemetry_rx sensor=Power latency_us=4091334 drift_us=929 decode_us=0 seq=197 value=2.4791521832689227 elapsed_us=43695743
2026-03-25T15:42:33.399445Z  INFO ThreadId(23) telemetry_rx sensor=Thermal latency_us=4091413 drift_us=515 decode_us=0 seq=395 value=78.95120595074222 elapsed_us=43695802
2026-03-25T15:42:33.499585Z  INFO ThreadId(23) telemetry_rx sensor=Thermal latency_us=4091344 drift_us=123 decode_us=1 seq=396 value=40.49510198402518 elapsed_us=43795925
2026-03-25T15:42:33.599512Z  INFO ThreadId(02) telemetry_rx sensor=Power latency_us=4091352 drift_us=111 decode_us=0 seq=198 value=4.890368965548363 elapsed_us=43895854
2026-03-25T15:42:33.599555Z  INFO ThreadId(02) telemetry_rx sensor=Thermal latency_us=4091426 drift_us=-13 decode_us=0 seq=397 value=23.942722861417142 elapsed_us=43895912
2026-03-25T15:42:33.749676Z  INFO ThreadId(22) telemetry_rx sensor=Thermal latency_us=4142344 drift_us=50106 decode_us=0 seq=398 value=50.51416798610647 elapsed_us=44046018
2026-03-25T15:42:33.798625Z  INFO ThreadId(02) telemetry_rx sensor=Power latency_us=4091389 drift_us=-888 decode_us=0 seq=199 value=4.281476106301529 elapsed_us=44094966
2026-03-25T15:42:33.798668Z  INFO ThreadId(02) telemetry_rx sensor=Imu latency_us=4091396 drift_us=-204 decode_us=0 seq=79 value=0.01408747006184026 elapsed_us=44095026
2026-03-25T15:42:33.798692Z  INFO ThreadId(02) telemetry_rx sensor=Thermal latency_us=4091444 drift_us=-50968 decode_us=0 seq=399 value=53.54451531027329 elapsed_us=44095050
2026-03-25T15:42:33.808338Z  INFO ThreadId(02) uplink_tx: sent cmd=Heartbeat dispatch_us=61 queue_latency_us=9648 seq=16 elapsed_us=44104685
2026-03-25T15:42:33.949534Z  INFO ThreadId(02) telemetry_rx sensor=Thermal latency_us=4142189 drift_us=50821 decode_us=1 seq=400 value=26.903835725716036 elapsed_us=44245871
2026-03-25T15:42:33.998936Z  INFO ThreadId(22) telemetry_rx sensor=Power latency_us=4091313 drift_us=312 decode_us=0 seq=200 value=2.4544941506147584 elapsed_us=44295278
2026-03-25T15:42:33.998979Z  INFO ThreadId(22) telemetry_rx sensor=Thermal latency_us=4091397 drift_us=-50534 decode_us=0 seq=401 value=40.82512198754414 elapsed_us=44295337
2026-03-25T15:42:34.099016Z  INFO ThreadId(10) telemetry_rx sensor=Thermal latency_us=4091366 drift_us=21 decode_us=1 seq=402 value=72.17145729725138 elapsed_us=44395358
2026-03-25T15:42:34.199026Z  INFO ThreadId(23) telemetry_rx sensor=Power latency_us=4091394 drift_us=89 decode_us=0 seq=201 value=4.855444724414308 elapsed_us=44495367
2026-03-25T15:42:34.199072Z  INFO ThreadId(23) telemetry_rx sensor=Thermal latency_us=4091474 drift_us=71 decode_us=0 seq=403 value=72.70751826109597 elapsed_us=44495429
2026-03-25T15:42:34.298793Z  INFO ThreadId(22) telemetry_rx sensor=Imu latency_us=4091384 drift_us=108 decode_us=0 seq=80 value=-0.03915808737974711 elapsed_us=44595134
2026-03-25T15:42:34.298837Z  INFO ThreadId(22) telemetry_rx sensor=Thermal latency_us=4091457 drift_us=-236 decode_us=0 seq=404 value=57.93363228047555 elapsed_us=44595193
2026-03-25T15:42:34.398361Z  WARN ThreadId(10) CORRUPTED PACKET received — discarding sensor=Power seq=202
2026-03-25T15:42:34.398391Z  WARN ThreadId(10) CORRUPTED PACKET received — discarding sensor=Thermal seq=405
2026-03-25T15:42:34.499541Z  WARN ThreadId(22) CORRUPTED PACKET received — discarding sensor=Thermal seq=406
2026-03-25T15:42:34.548514Z  WARN ThreadId(10) fault_mgr: fault received fault=CorruptedData severity=2 elapsed_us=44844856
2026-03-25T15:42:34.548532Z  INFO ThreadId(10) fault_mgr: interlock APPLIED interlock_latency_us=33 elapsed_us=44844889
2026-03-25T15:42:34.568058Z  INFO ThreadId(22) uplink_tx: sent cmd=SafeMode dispatch_us=94 queue_latency_us=19416 seq=17 elapsed_us=44864405
2026-03-25T15:42:34.599412Z  INFO ThreadId(22) fault_mgr: interlock CLEARED, reset command sent
2026-03-25T15:42:34.599481Z  INFO ThreadId(10) telemetry_rx sensor=Thermal latency_us=4091302 drift_us=200633 decode_us=1 seq=407 value=67.23874605362383 elapsed_us=44895826
2026-03-25T15:42:34.599501Z  WARN ThreadId(10) PACKET LOSS DETECTED — enqueuing RequestTelemetry sensor=Thermal expected=405 got=407 gap=2 elapsed_us=44895826
2026-03-25T15:42:34.599506Z  INFO ThreadId(10) telemetry_rx: RequestTelemetry enqueued sensor=Thermal missing_from=405 gap=2 enqueue_us=44895863 elapsed_us=44895863
2026-03-25T15:42:34.599559Z  INFO ThreadId(10) telemetry_rx sensor=Power latency_us=4091378 drift_us=200548 decode_us=0 seq=203 value=1.134440613917961 elapsed_us=44895915
2026-03-25T15:42:34.599574Z  WARN ThreadId(10) PACKET LOSS DETECTED — enqueuing RequestTelemetry sensor=Power expected=202 got=203 gap=1 elapsed_us=44895915
2026-03-25T15:42:34.599576Z  INFO ThreadId(10) telemetry_rx: RequestTelemetry enqueued sensor=Power missing_from=202 gap=1 enqueue_us=44895935 elapsed_us=44895935
2026-03-25T15:42:34.599601Z  INFO ThreadId(23) uplink_tx: sent cmd=ResetSensor dispatch_us=175 queue_latency_us=35 seq=18 elapsed_us=44895955
2026-03-25T15:42:34.599662Z  INFO ThreadId(23) uplink_tx: sent cmd=RequestTelemetry dispatch_us=28 queue_latency_us=124 seq=19 elapsed_us=44896015
2026-03-25T15:42:34.599692Z  INFO ThreadId(23) uplink_tx: sent cmd=RequestTelemetry dispatch_us=17 queue_latency_us=96 seq=20 elapsed_us=44896048
2026-03-25T15:42:34.749316Z  INFO ThreadId(02) telemetry_rx sensor=Thermal latency_us=4141598 drift_us=49823 decode_us=1 seq=408 value=41.01468005947251 elapsed_us=45045649
2026-03-25T15:42:34.799609Z  INFO ThreadId(23) telemetry_rx sensor=Imu latency_us=4091301 drift_us=817 decode_us=0 seq=81 value=-0.0337824398140386 elapsed_us=45095951
2026-03-25T15:42:34.799650Z  INFO ThreadId(23) telemetry_rx sensor=Power latency_us=4091375 drift_us=92 decode_us=0 seq=204 value=3.1891960064742544 elapsed_us=45096007
2026-03-25T15:42:34.799672Z  INFO ThreadId(23) telemetry_rx sensor=Thermal latency_us=4091357 drift_us=-49620 decode_us=0 seq=409 value=74.6924978843901 elapsed_us=45096029
2026-03-25T15:42:34.898758Z  INFO ThreadId(02) telemetry_rx sensor=Thermal latency_us=4091381 drift_us=-932 decode_us=1 seq=410 value=35.44671031232386 elapsed_us=45195097
2026-03-25T15:42:34.998740Z  INFO ThreadId(22) telemetry_rx sensor=Thermal latency_us=4091363 drift_us=-17 decode_us=0 seq=411 value=57.248739112833604 elapsed_us=45295080
2026-03-25T15:42:34.998805Z  INFO ThreadId(22) telemetry_rx sensor=Power latency_us=4091413 drift_us=-846 decode_us=0 seq=205 value=3.6716491187540954 elapsed_us=45295161
2026-03-25T15:42:35.098630Z  INFO ThreadId(22) telemetry_rx sensor=Thermal latency_us=4091358 drift_us=-111 decode_us=1 seq=412 value=73.60836148611611 elapsed_us=45394969
2026-03-25T15:42:35.198649Z  INFO ThreadId(23) telemetry_rx sensor=Power latency_us=4091355 drift_us=-171 decode_us=0 seq=206 value=2.9263259276066607 elapsed_us=45494990
2026-03-25T15:42:35.198692Z  INFO ThreadId(23) telemetry_rx sensor=Thermal latency_us=4091430 drift_us=80 decode_us=0 seq=413 value=60.853687255302574 elapsed_us=45495049
2026-03-25T15:42:35.349370Z  INFO ThreadId(22) telemetry_rx sensor=Imu latency_us=4140926 drift_us=49761 decode_us=0 seq=82 value=-0.027088675907129336 elapsed_us=45645712
2026-03-25T15:42:35.349415Z  INFO ThreadId(22) telemetry_rx sensor=Thermal latency_us=4140854 drift_us=50723 decode_us=0 seq=414 value=72.19665318175161 elapsed_us=45645772
2026-03-25T15:42:35.398593Z  INFO ThreadId(23) telemetry_rx sensor=Power latency_us=4091342 drift_us=-56 decode_us=1 seq=207 value=2.9600118726043263 elapsed_us=45694934
2026-03-25T15:42:35.398636Z  INFO ThreadId(23) telemetry_rx sensor=Thermal latency_us=4091396 drift_us=-50779 decode_us=0 seq=415 value=27.053338197122084 elapsed_us=45694993
2026-03-25T15:42:35.499001Z  INFO ThreadId(02) telemetry_rx sensor=Thermal latency_us=4091275 drift_us=350 decode_us=0 seq=416 value=27.91473059610498 elapsed_us=45795343
2026-03-25T15:42:35.600020Z  INFO ThreadId(23) telemetry_rx sensor=Power latency_us=4091478 drift_us=1420 decode_us=1 seq=208 value=2.425722356087685 elapsed_us=45896354
2026-03-25T15:42:35.600078Z  INFO ThreadId(23) telemetry_rx sensor=Thermal latency_us=4091573 drift_us=1091 decode_us=0 seq=417 value=27.32471037478384 elapsed_us=45896434
2026-03-25T15:42:35.749200Z  INFO ThreadId(22) telemetry_rx sensor=Thermal latency_us=4141606 drift_us=49102 decode_us=1 seq=418 value=32.33423090797881 elapsed_us=46045536
2026-03-25T15:42:35.799875Z  INFO ThreadId(23) telemetry_rx sensor=Power latency_us=4091329 drift_us=-136 decode_us=0 seq=209 value=2.1827344666678705 elapsed_us=46096218
2026-03-25T15:42:35.799918Z  INFO ThreadId(23) telemetry_rx sensor=Imu latency_us=4091356 drift_us=-49437 decode_us=0 seq=83 value=-0.07410247503993715 elapsed_us=46096275
2026-03-25T15:42:35.799939Z  INFO ThreadId(23) telemetry_rx sensor=Thermal latency_us=4091408 drift_us=-49240 decode_us=0 seq=419 value=27.79650631557791 elapsed_us=46096296
2026-03-25T15:42:35.948519Z  INFO ThreadId(22) telemetry_rx sensor=Thermal latency_us=4140607 drift_us=48565 decode_us=0 seq=420 value=79.8433534362246 elapsed_us=46244861
2026-03-25T15:42:36.000205Z  INFO ThreadId(02) telemetry_rx sensor=Thermal latency_us=4091336 drift_us=-48316 decode_us=1 seq=421 value=37.38517606836266 elapsed_us=46296545
2026-03-25T15:42:36.000248Z  INFO ThreadId(02) telemetry_rx sensor=Power latency_us=4091377 drift_us=387 decode_us=0 seq=210 value=2.021444777615162 elapsed_us=46296605
2026-03-25T15:42:36.100241Z  INFO ThreadId(23) telemetry_rx sensor=Thermal latency_us=4091419 drift_us=36 decode_us=0 seq=422 value=57.672390116706495 elapsed_us=46396581
2026-03-25T15:42:36.198732Z  INFO ThreadId(23) telemetry_rx sensor=Power latency_us=4091355 drift_us=-1535 decode_us=1 seq=211 value=1.5427286646342786 elapsed_us=46495070
2026-03-25T15:42:36.198795Z  INFO ThreadId(23) telemetry_rx sensor=Thermal latency_us=4091371 drift_us=-1430 decode_us=0 seq=423 value=40.865702512385504 elapsed_us=46495151
2026-03-25T15:42:36.300053Z  INFO ThreadId(02) telemetry_rx sensor=Thermal latency_us=4091338 drift_us=1243 decode_us=0 seq=424 value=22.99275345225134 elapsed_us=46596394
2026-03-25T15:42:36.300096Z  INFO ThreadId(02) telemetry_rx sensor=Imu latency_us=4091387 drift_us=178 decode_us=0 seq=84 value=-0.012404403886121657 elapsed_us=46596453
2026-03-25T15:42:36.400074Z  INFO ThreadId(02) telemetry_rx sensor=Power latency_us=4091358 drift_us=1345 decode_us=0 seq=212 value=1.4277566808053166 elapsed_us=46696415
2026-03-25T15:42:36.400116Z  INFO ThreadId(02) telemetry_rx sensor=Thermal latency_us=4091429 drift_us=79 decode_us=0 seq=425 value=43.90541119588895 elapsed_us=46696473
2026-03-25T15:42:36.549341Z  INFO ThreadId(02) telemetry_rx sensor=Thermal latency_us=4141918 drift_us=49210 decode_us=1 seq=426 value=29.462099094176608 elapsed_us=46845683
2026-03-25T15:42:36.599217Z  INFO ThreadId(22) telemetry_rx sensor=Power latency_us=4091357 drift_us=-859 decode_us=1 seq=213 value=4.030097993001933 elapsed_us=46895556
2026-03-25T15:42:36.599276Z  INFO ThreadId(22) telemetry_rx sensor=Thermal latency_us=4091427 drift_us=-50050 decode_us=0 seq=427 value=41.7456306788893 elapsed_us=46895633
2026-03-25T15:42:36.699139Z  INFO ThreadId(23) telemetry_rx sensor=Thermal latency_us=4091365 drift_us=-154 decode_us=1 seq=428 value=61.234624460139756 elapsed_us=46995479
2026-03-25T15:42:36.798865Z  INFO ThreadId(02) telemetry_rx sensor=Power latency_us=4091423 drift_us=-352 decode_us=1 seq=214 value=0.8416715963663792 elapsed_us=47095204
2026-03-25T15:42:36.798926Z  INFO ThreadId(02) telemetry_rx sensor=Imu latency_us=4091436 drift_us=-1171 decode_us=0 seq=85 value=0.05401701581921148 elapsed_us=47095282
2026-03-25T15:42:36.798971Z  INFO ThreadId(02) telemetry_rx sensor=Thermal latency_us=4091569 drift_us=-151 decode_us=0 seq=429 value=71.50455026728775 elapsed_us=47095328
2026-03-25T15:42:36.949286Z  INFO ThreadId(23) telemetry_rx sensor=Thermal latency_us=4141932 drift_us=50299 decode_us=0 seq=430 value=58.032952898349805 elapsed_us=47245627
2026-03-25T15:42:36.998485Z  INFO ThreadId(22) telemetry_rx sensor=Thermal latency_us=4091342 drift_us=-50801 decode_us=1 seq=431 value=49.05288125847923 elapsed_us=47294826
2026-03-25T15:42:36.998532Z  INFO ThreadId(22) telemetry_rx sensor=Power latency_us=4091381 drift_us=-315 decode_us=0 seq=215 value=2.5360862834253504 elapsed_us=47294889
2026-03-25T15:42:37.098732Z  INFO ThreadId(22) telemetry_rx sensor=Thermal latency_us=4091409 drift_us=244 decode_us=1 seq=432 value=35.06552334232394 elapsed_us=47395070
2026-03-25T15:42:37.200051Z  INFO ThreadId(02) telemetry_rx sensor=Thermal latency_us=4091362 drift_us=1321 decode_us=0 seq=433 value=21.460613972781147 elapsed_us=47496391
2026-03-25T15:42:37.200094Z  INFO ThreadId(02) telemetry_rx sensor=Power latency_us=4091406 drift_us=1562 decode_us=0 seq=216 value=2.8142811232386635 elapsed_us=47496451
2026-03-25T15:42:37.298720Z  INFO ThreadId(22) telemetry_rx sensor=Thermal latency_us=4091380 drift_us=-1331 decode_us=0 seq=434 value=51.36915522383411 elapsed_us=47595060
2026-03-25T15:42:37.298779Z  INFO ThreadId(22) telemetry_rx sensor=Imu latency_us=4091433 drift_us=-146 decode_us=0 seq=86 value=0.08011389877325975 elapsed_us=47595136
2026-03-25T15:42:37.399522Z  INFO ThreadId(22) telemetry_rx sensor=Power latency_us=4091426 drift_us=-587 decode_us=1 seq=217 value=1.6510418068731987 elapsed_us=47695864
2026-03-25T15:42:37.399566Z  INFO ThreadId(22) telemetry_rx sensor=Thermal latency_us=4091497 drift_us=863 decode_us=0 seq=435 value=40.859572624106 elapsed_us=47695923
2026-03-25T15:42:37.498732Z  INFO ThreadId(02) telemetry_rx sensor=Thermal latency_us=4091367 drift_us=-850 decode_us=0 seq=436 value=72.22538611418162 elapsed_us=47795073
2026-03-25T15:42:37.649171Z  INFO ThreadId(23) telemetry_rx sensor=Power latency_us=4141046 drift_us=49642 decode_us=1 seq=218 value=1.5998694307148953 elapsed_us=47945506
2026-03-25T15:42:37.649244Z  INFO ThreadId(23) telemetry_rx sensor=Thermal latency_us=4141145 drift_us=50528 decode_us=0 seq=437 value=56.38757845268247 elapsed_us=47945601
2026-03-25T15:42:37.749388Z  INFO ThreadId(02) telemetry_rx sensor=Thermal latency_us=4142004 drift_us=128 decode_us=0 seq=438 value=70.77170540658037 elapsed_us=48045729
2026-03-25T15:42:37.798734Z  INFO ThreadId(23) telemetry_rx sensor=Imu latency_us=4091340 drift_us=-60 decode_us=0 seq=87 value=0.05877896826006529 elapsed_us=48095076
2026-03-25T15:42:37.798776Z  INFO ThreadId(23) telemetry_rx sensor=Power latency_us=4091414 drift_us=-50373 decode_us=0 seq=219 value=4.375566655654392 elapsed_us=48095133
2026-03-25T15:42:37.798798Z  INFO ThreadId(23) telemetry_rx sensor=Thermal latency_us=4091415 drift_us=-50573 decode_us=0 seq=439 value=47.06942573551171 elapsed_us=48095156
2026-03-25T15:42:37.949609Z  INFO ThreadId(23) telemetry_rx sensor=Thermal latency_us=4141376 drift_us=50794 decode_us=1 seq=440 value=38.675240464700096 elapsed_us=48245950
2026-03-25T15:42:37.999410Z  INFO ThreadId(22) telemetry_rx sensor=Thermal latency_us=4091320 drift_us=-50199 decode_us=0 seq=441 value=34.034920727544616 elapsed_us=48295751
2026-03-25T15:42:37.999451Z  INFO ThreadId(22) telemetry_rx sensor=Power latency_us=4091351 drift_us=675 decode_us=0 seq=220 value=1.2063208212001557 elapsed_us=48295808
2026-03-25T15:42:38.098454Z  INFO ThreadId(23) telemetry_rx sensor=Thermal latency_us=4091322 drift_us=-956 decode_us=0 seq=442 value=63.145734729475215 elapsed_us=48394795
2026-03-25T15:42:38.199391Z  INFO ThreadId(22) telemetry_rx sensor=Power latency_us=4091353 drift_us=-74 decode_us=1 seq=221 value=4.5541311303095195 elapsed_us=48495734
2026-03-25T15:42:38.199434Z  INFO ThreadId(22) telemetry_rx sensor=Thermal latency_us=4091405 drift_us=996 decode_us=0 seq=443 value=56.4368398056275 elapsed_us=48495791
2026-03-25T15:42:38.298728Z  INFO ThreadId(22) telemetry_rx sensor=Imu latency_us=4091337 drift_us=-6 decode_us=0 seq=88 value=-0.031936390629137806 elapsed_us=48595070
2026-03-25T15:42:38.298770Z  INFO ThreadId(22) telemetry_rx sensor=Thermal latency_us=4091376 drift_us=-664 decode_us=0 seq=444 value=59.993919790872106 elapsed_us=48595127
2026-03-25T15:42:38.399919Z  INFO ThreadId(02) telemetry_rx sensor=Power latency_us=4091371 drift_us=525 decode_us=1 seq=222 value=4.78809293219132 elapsed_us=48696259
2026-03-25T15:42:38.399961Z  INFO ThreadId(02) telemetry_rx sensor=Thermal latency_us=4091436 drift_us=1191 decode_us=0 seq=445 value=70.8875327791536 elapsed_us=48696318
2026-03-25T15:42:38.549312Z  INFO ThreadId(23) telemetry_rx sensor=Thermal latency_us=4141984 drift_us=49335 decode_us=0 seq=446 value=32.06804435589012 elapsed_us=48845653
2026-03-25T15:42:38.599519Z  INFO ThreadId(22) telemetry_rx sensor=Power latency_us=4091330 drift_us=-400 decode_us=0 seq=223 value=2.9079084486326625 elapsed_us=48895859
2026-03-25T15:42:38.599559Z  INFO ThreadId(22) telemetry_rx sensor=Thermal latency_us=4091394 drift_us=-49736 decode_us=0 seq=447 value=29.233352437787623 elapsed_us=48895917
2026-03-25T15:42:38.748971Z  INFO ThreadId(02) telemetry_rx sensor=Thermal latency_us=4141022 drift_us=49394 decode_us=0 seq=448 value=29.810817238555654 elapsed_us=49045311
2026-03-25T15:42:38.799121Z  INFO ThreadId(22) telemetry_rx sensor=Imu latency_us=4091347 drift_us=393 decode_us=0 seq=89 value=-0.05336143376143898 elapsed_us=49095463
2026-03-25T15:42:38.799164Z  INFO ThreadId(22) telemetry_rx sensor=Power latency_us=4091432 drift_us=-338 decode_us=0 seq=224 value=1.9283485360663426 elapsed_us=49095521
2026-03-25T15:42:38.799186Z  INFO ThreadId(22) telemetry_rx sensor=Thermal latency_us=4091430 drift_us=-49767 decode_us=0 seq=449 value=57.24549732804605 elapsed_us=49095544
2026-03-25T15:42:38.803917Z  INFO ThreadId(23) uplink_tx: sent cmd=Heartbeat dispatch_us=54 queue_latency_us=4719 seq=21 elapsed_us=49100264
2026-03-25T15:42:38.899610Z  INFO ThreadId(02) telemetry_rx sensor=Thermal latency_us=4091396 drift_us=407 decode_us=0 seq=450 value=59.600983483301356 elapsed_us=49195951
2026-03-25T15:42:39.049313Z  INFO ThreadId(02) telemetry_rx sensor=Power latency_us=4142239 drift_us=50133 decode_us=0 seq=225 value=4.425116390461409 elapsed_us=49345654
2026-03-25T15:42:39.049355Z  INFO ThreadId(02) telemetry_rx sensor=Thermal latency_us=4142286 drift_us=49761 decode_us=0 seq=451 value=23.838601908127515 elapsed_us=49345712
2026-03-25T15:42:39.149685Z  INFO ThreadId(10) telemetry_rx sensor=Thermal latency_us=4142724 drift_us=314 decode_us=0 seq=452 value=37.71795034114796 elapsed_us=49446026
2026-03-25T15:42:39.198845Z  INFO ThreadId(02) telemetry_rx sensor=Power latency_us=4091372 drift_us=-50471 decode_us=1 seq=226 value=0.6119645814749125 elapsed_us=49495183
2026-03-25T15:42:39.198889Z  INFO ThreadId(02) telemetry_rx sensor=Thermal latency_us=4091447 drift_us=-50780 decode_us=0 seq=453 value=37.971779363359545 elapsed_us=49495246
2026-03-25T15:42:39.298384Z  INFO ThreadId(10) telemetry_rx sensor=Imu latency_us=4091373 drift_us=-741 decode_us=1 seq=90 value=-0.009528354260509048 elapsed_us=49594722
2026-03-25T15:42:39.298442Z  INFO ThreadId(10) telemetry_rx sensor=Thermal latency_us=4091464 drift_us=-447 decode_us=0 seq=454 value=22.116030074286588 elapsed_us=49594799
2026-03-25T15:42:39.398394Z  INFO ThreadId(23) telemetry_rx sensor=Thermal latency_us=4091355 drift_us=-64 decode_us=0 seq=455 value=60.81874398513805 elapsed_us=49694735
2026-03-25T15:42:39.398438Z  INFO ThreadId(23) telemetry_rx sensor=Power latency_us=4091382 drift_us=-389 decode_us=0 seq=227 value=2.670361173338939 elapsed_us=49694794
2026-03-25T15:42:39.548445Z  INFO ThreadId(10) telemetry_rx sensor=Thermal latency_us=4141514 drift_us=50051 decode_us=0 seq=456 value=34.361207907708874 elapsed_us=49844786
2026-03-25T15:42:39.598635Z  INFO ThreadId(02) telemetry_rx sensor=Thermal latency_us=4091352 drift_us=-49810 decode_us=0 seq=457 value=34.54122683303449 elapsed_us=49894976
2026-03-25T15:42:39.598678Z  INFO ThreadId(02) telemetry_rx sensor=Power latency_us=4091387 drift_us=241 decode_us=0 seq=228 value=0.7607655359645294 elapsed_us=49895035
2026-03-25T15:42:39.699178Z  INFO ThreadId(02) telemetry_rx sensor=Thermal latency_us=4091400 drift_us=542 decode_us=0 seq=458 value=46.2415714917994 elapsed_us=49995518
2026-03-25T15:42:39.799611Z  INFO ThreadId(10) telemetry_rx sensor=Imu latency_us=4091381 drift_us=1230 decode_us=0 seq=91 value=-0.06825815386397811 elapsed_us=50095952
2026-03-25T15:42:39.799655Z  INFO ThreadId(10) telemetry_rx sensor=Power latency_us=4091470 drift_us=977 decode_us=0 seq=229 value=1.6183259924284197 elapsed_us=50096012
2026-03-25T15:42:39.799678Z  INFO ThreadId(10) telemetry_rx sensor=Thermal latency_us=4091464 drift_us=517 decode_us=0 seq=459 value=72.2568177659845 elapsed_us=50096035
2026-03-25T15:42:39.948352Z  INFO ThreadId(02) telemetry_rx sensor=Thermal latency_us=4141365 drift_us=48658 decode_us=0 seq=460 value=25.487755575435912 elapsed_us=50244693
2026-03-25T15:42:39.999086Z  INFO ThreadId(10) telemetry_rx sensor=Thermal latency_us=4091281 drift_us=-49264 decode_us=0 seq=461 value=68.00407038887198 elapsed_us=50295429
2026-03-25T15:42:39.999168Z  INFO ThreadId(10) telemetry_rx sensor=Power latency_us=4091345 drift_us=-488 decode_us=0 seq=230 value=4.964426281692227 elapsed_us=50295524
2026-03-25T15:42:40.149316Z  INFO ThreadId(22) telemetry_rx sensor=Thermal latency_us=4141263 drift_us=50229 decode_us=1 seq=462 value=65.51100436648332 elapsed_us=50445658
2026-03-25T15:42:40.198775Z  INFO ThreadId(02) telemetry_rx sensor=Power latency_us=4091311 drift_us=-406 decode_us=0 seq=231 value=0.5893681183354318 elapsed_us=50495118
2026-03-25T15:42:40.198816Z  INFO ThreadId(02) telemetry_rx sensor=Thermal latency_us=4091385 drift_us=-50484 decode_us=0 seq=463 value=62.501522841775554 elapsed_us=50495174
2026-03-25T15:42:40.298776Z  INFO ThreadId(02) telemetry_rx sensor=Thermal latency_us=4091385 drift_us=-57 decode_us=0 seq=464 value=28.898605666100185 elapsed_us=50595117
2026-03-25T15:42:40.298819Z  INFO ThreadId(02) telemetry_rx sensor=Imu latency_us=4091411 drift_us=-775 decode_us=0 seq=92 value=0.05793053574775353 elapsed_us=50595177
2026-03-25T15:42:40.398385Z  INFO ThreadId(02) telemetry_rx sensor=Thermal latency_us=4091355 drift_us=-395 decode_us=1 seq=465 value=34.95886762331985 elapsed_us=50694722
2026-03-25T15:42:40.398442Z  INFO ThreadId(02) telemetry_rx sensor=Power latency_us=4091408 drift_us=-320 decode_us=0 seq=232 value=2.1444359098542254 elapsed_us=50694798
2026-03-25T15:42:40.548690Z  INFO ThreadId(02) telemetry_rx sensor=Thermal latency_us=4141131 drift_us=50309 decode_us=0 seq=466 value=77.17251950309479 elapsed_us=50845031
2026-03-25T15:42:40.599696Z  INFO ThreadId(10) telemetry_rx sensor=Power latency_us=4091368 drift_us=1238 decode_us=0 seq=233 value=3.2583634497137695 elapsed_us=50896036
2026-03-25T15:42:40.599740Z  INFO ThreadId(10) telemetry_rx sensor=Thermal latency_us=4091441 drift_us=-48933 decode_us=0 seq=467 value=76.80504522271448 elapsed_us=50896098
2026-03-25T15:42:40.748730Z  INFO ThreadId(22) telemetry_rx sensor=Thermal latency_us=4141458 drift_us=48973 decode_us=0 seq=468 value=31.36206864094449 elapsed_us=51045071
2026-03-25T15:42:40.799039Z  INFO ThreadId(10) telemetry_rx sensor=Power latency_us=4091308 drift_us=-657 decode_us=1 seq=234 value=3.3641866445419204 elapsed_us=51095379
2026-03-25T15:42:40.799083Z  INFO ThreadId(10) telemetry_rx sensor=Imu latency_us=4091342 drift_us=263 decode_us=0 seq=93 value=0.01942750892817542 elapsed_us=51095440
2026-03-25T15:42:40.799105Z  INFO ThreadId(10) telemetry_rx sensor=Thermal latency_us=4091311 drift_us=-49608 decode_us=0 seq=469 value=20.436119320803655 elapsed_us=51095463
2026-03-25T15:42:40.899648Z  INFO ThreadId(02) telemetry_rx sensor=Thermal latency_us=4091398 drift_us=523 decode_us=1 seq=470 value=64.17832388307842 elapsed_us=51195986
2026-03-25T15:42:40.999434Z  INFO ThreadId(23) telemetry_rx sensor=Thermal latency_us=4091354 drift_us=-214 decode_us=1 seq=471 value=21.255090747047678 elapsed_us=51295772
2026-03-25T15:42:40.999497Z  INFO ThreadId(23) telemetry_rx sensor=Power latency_us=4091353 drift_us=475 decode_us=0 seq=235 value=1.0340032111724922 elapsed_us=51295854
2026-03-25T15:42:41.149146Z  INFO ThreadId(02) telemetry_rx sensor=Thermal latency_us=4140826 drift_us=49711 decode_us=1 seq=472 value=56.157122653358144 elapsed_us=51445483
2026-03-25T15:42:41.199591Z  INFO ThreadId(23) telemetry_rx sensor=Power latency_us=4091325 drift_us=78 decode_us=1 seq=236 value=4.413746229290505 elapsed_us=51495932
2026-03-25T15:42:41.199632Z  INFO ThreadId(23) telemetry_rx sensor=Thermal latency_us=4091399 drift_us=-49493 decode_us=0 seq=473 value=61.284976669697684 elapsed_us=51495990
2026-03-25T15:42:41.299306Z  INFO ThreadId(22) telemetry_rx sensor=Thermal latency_us=4091337 drift_us=-342 decode_us=0 seq=474 value=75.26027904855923 elapsed_us=51595648
2026-03-25T15:42:41.299350Z  INFO ThreadId(22) telemetry_rx sensor=Imu latency_us=4091367 drift_us=267 decode_us=0 seq=94 value=0.02999534081145247 elapsed_us=51595707
2026-03-25T15:42:41.398839Z  INFO ThreadId(23) telemetry_rx sensor=Power latency_us=4091401 drift_us=-753 decode_us=0 seq=237 value=3.801015455966177 elapsed_us=51695179
2026-03-25T15:42:41.398883Z  INFO ThreadId(23) telemetry_rx sensor=Thermal latency_us=4091479 drift_us=-408 decode_us=0 seq=475 value=50.54324097723999 elapsed_us=51695240
2026-03-25T15:42:41.499438Z  INFO ThreadId(23) telemetry_rx sensor=Thermal latency_us=4091383 drift_us=539 decode_us=0 seq=476 value=73.44027047274139 elapsed_us=51795779
2026-03-25T15:42:41.598429Z  INFO ThreadId(02) telemetry_rx sensor=Thermal latency_us=4091343 drift_us=-1009 decode_us=0 seq=477 value=67.54337593811155 elapsed_us=51894770
2026-03-25T15:42:41.598473Z  INFO ThreadId(02) telemetry_rx sensor=Power latency_us=4091392 drift_us=-349 decode_us=0 seq=238 value=4.467031927546902 elapsed_us=51894830
2026-03-25T15:42:41.749073Z  INFO ThreadId(10) telemetry_rx sensor=Thermal latency_us=4141517 drift_us=50640 decode_us=1 seq=478 value=71.33429315411067 elapsed_us=52045410
2026-03-25T15:42:41.799602Z  INFO ThreadId(22) telemetry_rx sensor=Imu latency_us=4091379 drift_us=236 decode_us=0 seq=95 value=0.023040785503464806 elapsed_us=52095943
2026-03-25T15:42:41.799649Z  INFO ThreadId(22) telemetry_rx sensor=Power latency_us=4091458 drift_us=1175 decode_us=0 seq=239 value=4.494399258059031 elapsed_us=52096005
2026-03-25T15:42:41.799671Z  INFO ThreadId(22) telemetry_rx sensor=Thermal latency_us=4091475 drift_us=-49381 decode_us=0 seq=479 value=31.360253269799895 elapsed_us=52096029
2026-03-25T15:42:41.949090Z  INFO ThreadId(23) telemetry_rx sensor=Thermal latency_us=4140842 drift_us=49402 decode_us=0 seq=480 value=33.59739161433856 elapsed_us=52245431
2026-03-25T15:42:41.999370Z  INFO ThreadId(10) telemetry_rx sensor=Power latency_us=4091357 drift_us=-298 decode_us=1 seq=240 value=3.596697040058885 elapsed_us=52295707
2026-03-25T15:42:41.999427Z  INFO ThreadId(10) telemetry_rx sensor=Thermal latency_us=4091460 drift_us=-49647 decode_us=0 seq=481 value=22.70701208716559 elapsed_us=52295784
2026-03-25T15:42:42.099212Z  INFO ThreadId(10) telemetry_rx sensor=Thermal latency_us=4091312 drift_us=-231 decode_us=0 seq=482 value=44.869428983807225 elapsed_us=52395553
2026-03-25T15:42:42.199419Z  INFO ThreadId(10) telemetry_rx sensor=Thermal latency_us=4091384 drift_us=207 decode_us=0 seq=483 value=20.7368820400812 elapsed_us=52495760
2026-03-25T15:42:42.199466Z  INFO ThreadId(10) telemetry_rx sensor=Power latency_us=4091418 drift_us=116 decode_us=0 seq=241 value=1.8855059160451728 elapsed_us=52495823
2026-03-25T15:42:42.298622Z  INFO ThreadId(10) telemetry_rx sensor=Imu latency_us=4091303 drift_us=-979 decode_us=0 seq=96 value=0.025811234270447514 elapsed_us=52594964
2026-03-25T15:42:42.298666Z  INFO ThreadId(10) telemetry_rx sensor=Thermal latency_us=4091384 drift_us=-737 decode_us=0 seq=484 value=70.81921055656582 elapsed_us=52595023
2026-03-25T15:42:42.399740Z  INFO ThreadId(22) telemetry_rx sensor=Thermal latency_us=4091402 drift_us=1055 decode_us=1 seq=485 value=35.34988520580921 elapsed_us=52696078
2026-03-25T15:42:42.399795Z  INFO ThreadId(22) telemetry_rx sensor=Power latency_us=4091453 drift_us=329 decode_us=0 seq=242 value=4.08968969967621 elapsed_us=52696152
2026-03-25T15:42:42.499547Z  INFO ThreadId(10) telemetry_rx sensor=Thermal latency_us=4091335 drift_us=-190 decode_us=1 seq=486 value=43.63346846968369 elapsed_us=52795888
2026-03-25T15:42:42.598778Z  INFO ThreadId(23) telemetry_rx sensor=Thermal latency_us=4091344 drift_us=-770 decode_us=1 seq=487 value=73.5292572362613 elapsed_us=52895118
2026-03-25T15:42:42.598821Z  INFO ThreadId(23) telemetry_rx sensor=Power latency_us=4091372 drift_us=-974 decode_us=0 seq=243 value=1.2231368831097094 elapsed_us=52895178
2026-03-25T15:42:42.699448Z  INFO ThreadId(22) telemetry_rx sensor=Thermal latency_us=4091362 drift_us=671 decode_us=0 seq=488 value=32.31881187422858 elapsed_us=52995789
2026-03-25T15:42:42.799568Z  INFO ThreadId(02) telemetry_rx sensor=Imu latency_us=4091371 drift_us=945 decode_us=0 seq=97 value=0.03530171465898957 elapsed_us=53095909
2026-03-25T15:42:42.799613Z  INFO ThreadId(02) telemetry_rx sensor=Power latency_us=4091460 drift_us=792 decode_us=0 seq=244 value=2.9398846821259568 elapsed_us=53095970
2026-03-25T15:42:42.799635Z  INFO ThreadId(02) telemetry_rx sensor=Thermal latency_us=4091463 drift_us=203 decode_us=0 seq=489 value=47.847666971150616 elapsed_us=53095992
2026-03-25T15:42:42.948470Z  INFO ThreadId(10) telemetry_rx sensor=Thermal latency_us=4141154 drift_us=48819 decode_us=0 seq=490 value=68.59394400146853 elapsed_us=53244811
2026-03-25T15:42:42.998295Z  INFO ThreadId(22) telemetry_rx sensor=Power latency_us=4091285 drift_us=-1335 decode_us=1 seq=245 value=1.5171753325422488 elapsed_us=53294635
2026-03-25T15:42:42.998337Z  INFO ThreadId(22) telemetry_rx sensor=Thermal latency_us=4091368 drift_us=-50117 decode_us=0 seq=491 value=26.553164198317653 elapsed_us=53294694
2026-03-25T15:42:43.149371Z  INFO ThreadId(22) telemetry_rx sensor=Thermal latency_us=4141261 drift_us=51019 decode_us=0 seq=492 value=60.42944341066307 elapsed_us=53445713
2026-03-25T15:42:43.198775Z  INFO ThreadId(10) telemetry_rx sensor=Thermal latency_us=4091315 drift_us=-50601 decode_us=1 seq=493 value=37.24478377959605 elapsed_us=53495112
2026-03-25T15:42:43.198832Z  INFO ThreadId(10) telemetry_rx sensor=Power latency_us=4091379 drift_us=553 decode_us=0 seq=246 value=2.9514417083930375 elapsed_us=53495188
2026-03-25T15:42:43.298729Z  INFO ThreadId(22) telemetry_rx sensor=Thermal latency_us=4091388 drift_us=-41 decode_us=0 seq=494 value=35.369502527813914 elapsed_us=53595071
2026-03-25T15:42:43.298772Z  INFO ThreadId(22) telemetry_rx sensor=Imu latency_us=4091414 drift_us=-780 decode_us=0 seq=98 value=0.011024345207601718 elapsed_us=53595129
2026-03-25T15:42:43.398832Z  INFO ThreadId(10) telemetry_rx sensor=Thermal latency_us=4091296 drift_us=102 decode_us=1 seq=495 value=68.34354386796457 elapsed_us=53695173
2026-03-25T15:42:43.398874Z  INFO ThreadId(10) telemetry_rx sensor=Power latency_us=4091329 drift_us=43 decode_us=0 seq=247 value=0.798411786815625 elapsed_us=53695231
2026-03-25T15:42:43.498821Z  INFO ThreadId(22) telemetry_rx sensor=Thermal latency_us=4091416 drift_us=-12 decode_us=0 seq=496 value=54.30596902920778 elapsed_us=53795161
2026-03-25T15:42:43.599547Z  INFO ThreadId(22) telemetry_rx sensor=Thermal latency_us=4091371 drift_us=720 decode_us=1 seq=497 value=65.01535272252046 elapsed_us=53895881
2026-03-25T15:42:43.599627Z  INFO ThreadId(22) telemetry_rx sensor=Power latency_us=4091444 drift_us=753 decode_us=0 seq=248 value=3.842217068687914 elapsed_us=53895984
2026-03-25T15:42:43.749189Z  INFO ThreadId(22) telemetry_rx sensor=Thermal latency_us=4141816 drift_us=49642 decode_us=1 seq=498 value=52.446196396499566 elapsed_us=54045523
2026-03-25T15:42:43.799089Z  INFO ThreadId(22) telemetry_rx sensor=Power latency_us=4091424 drift_us=-559 decode_us=0 seq=249 value=1.9059944198175511 elapsed_us=54095425
2026-03-25T15:42:43.799164Z  INFO ThreadId(22) telemetry_rx sensor=Imu latency_us=4091459 drift_us=391 decode_us=0 seq=99 value=-0.08373184069297146 elapsed_us=54095520
2026-03-25T15:42:43.799208Z  INFO ThreadId(22) telemetry_rx sensor=Thermal latency_us=4091502 drift_us=-49958 decode_us=0 seq=499 value=29.312658927833645 elapsed_us=54095565
2026-03-25T15:42:43.816215Z  INFO ThreadId(23) uplink_tx: sent cmd=Heartbeat dispatch_us=72 queue_latency_us=17046 seq=22 elapsed_us=54112563
2026-03-25T15:42:43.950036Z  INFO ThreadId(02) telemetry_rx sensor=Thermal latency_us=4142608 drift_us=50811 decode_us=0 seq=500 value=24.96966318109888 elapsed_us=54246376
2026-03-25T15:42:43.999632Z  INFO ThreadId(22) telemetry_rx sensor=Thermal latency_us=4091323 drift_us=-50407 decode_us=1 seq=501 value=38.98796888280062 elapsed_us=54295969
2026-03-25T15:42:43.999689Z  INFO ThreadId(22) telemetry_rx sensor=Power latency_us=4091381 drift_us=621 decode_us=0 seq=250 value=3.209059850217278 elapsed_us=54296046
2026-03-25T15:42:44.149413Z  INFO ThreadId(22) telemetry_rx sensor=Thermal latency_us=4141235 drift_us=49785 decode_us=1 seq=502 value=66.49019580944304 elapsed_us=54445754
2026-03-25T15:42:44.198800Z  INFO ThreadId(02) telemetry_rx sensor=Power latency_us=4091380 drift_us=-909 decode_us=0 seq=251 value=4.367262576292642 elapsed_us=54495137
2026-03-25T15:42:44.198857Z  INFO ThreadId(02) telemetry_rx sensor=Thermal latency_us=4091490 drift_us=-50540 decode_us=0 seq=503 value=41.79147448330858 elapsed_us=54495214
2026-03-25T15:42:44.298342Z  INFO ThreadId(02) telemetry_rx sensor=Thermal latency_us=4091338 drift_us=-531 decode_us=0 seq=504 value=75.32556948521574 elapsed_us=54594683
2026-03-25T15:42:44.298385Z  INFO ThreadId(02) telemetry_rx sensor=Imu latency_us=4091363 drift_us=-778 decode_us=0 seq=100 value=-0.0005480758006730646 elapsed_us=54594742
2026-03-25T15:42:44.398494Z  INFO ThreadId(22) telemetry_rx sensor=Thermal latency_us=4091371 drift_us=154 decode_us=0 seq=505 value=58.4953891842973 elapsed_us=54694837
2026-03-25T15:42:44.398538Z  INFO ThreadId(22) telemetry_rx sensor=Power latency_us=4091393 drift_us=-242 decode_us=0 seq=252 value=2.11265471509978 elapsed_us=54694895
2026-03-25T15:42:44.499537Z  INFO ThreadId(22) telemetry_rx sensor=Thermal latency_us=4091356 drift_us=1041 decode_us=0 seq=506 value=37.99674148573588 elapsed_us=54795878
2026-03-25T15:42:44.598409Z  INFO ThreadId(02) telemetry_rx sensor=Thermal latency_us=4091381 drift_us=-1129 decode_us=0 seq=507 value=60.69289530162524 elapsed_us=54894749
2026-03-25T15:42:44.598451Z  INFO ThreadId(02) telemetry_rx sensor=Power latency_us=4091426 drift_us=-86 decode_us=0 seq=253 value=3.279560285214573 elapsed_us=54894809
2026-03-25T15:42:44.699635Z  INFO ThreadId(22) telemetry_rx sensor=Thermal latency_us=4091418 drift_us=1227 decode_us=0 seq=508 value=27.333217809442893 elapsed_us=54995976
2026-03-25T15:42:44.699745Z  WARN ThreadId(22) fault_mgr: fault received fault=DelayedSensor severity=2 elapsed_us=54996101
2026-03-25T15:42:44.699751Z  INFO ThreadId(22) fault_mgr: interlock APPLIED interlock_latency_us=7 elapsed_us=54996108
2026-03-25T15:42:44.711403Z  INFO ThreadId(22) uplink_tx: sent cmd=SafeMode dispatch_us=88 queue_latency_us=11547 seq=23 elapsed_us=55007747
2026-03-25T15:42:44.756374Z  INFO ThreadId(02) fault_mgr: interlock CLEARED, reset command sent
2026-03-25T15:42:44.756498Z  INFO ThreadId(23) uplink_tx: sent cmd=ResetSensor dispatch_us=103 queue_latency_us=29 seq=24 elapsed_us=55052843
2026-03-25T15:42:44.799527Z  INFO ThreadId(23) telemetry_rx sensor=Power latency_us=4091396 drift_us=1055 decode_us=0 seq=254 value=0.6921309226112801 elapsed_us=55095864
2026-03-25T15:42:44.799584Z  INFO ThreadId(23) telemetry_rx sensor=Imu latency_us=4091447 drift_us=1199 decode_us=0 seq=101 value=0.04554211022770316 elapsed_us=55095941
2026-03-25T15:42:44.799616Z  INFO ThreadId(23) telemetry_rx sensor=Thermal latency_us=4091469 drift_us=-2 decode_us=0 seq=509 value=43.12593491195567 elapsed_us=55095974
2026-03-25T15:42:44.898659Z  INFO ThreadId(23) telemetry_rx sensor=Thermal latency_us=4091337 drift_us=-977 decode_us=1 seq=510 value=76.15713015563455 elapsed_us=55194997
2026-03-25T15:42:44.998484Z  INFO ThreadId(02) telemetry_rx sensor=Power latency_us=4091434 drift_us=-1047 decode_us=1 seq=255 value=2.9827191764139855 elapsed_us=55294817
2026-03-25T15:42:44.998560Z  INFO ThreadId(02) telemetry_rx sensor=Thermal latency_us=4091553 drift_us=-81 decode_us=0 seq=511 value=39.06877912418637 elapsed_us=55294916
2026-03-25T15:42:45.149091Z  INFO ThreadId(23) telemetry_rx sensor=Thermal latency_us=4141655 drift_us=50516 decode_us=1 seq=512 value=25.533323077481406 elapsed_us=55445432
2026-03-25T15:42:45.199395Z  INFO ThreadId(22) telemetry_rx sensor=Power latency_us=4091337 drift_us=918 decode_us=0 seq=256 value=3.6893707789784975 elapsed_us=55495735
2026-03-25T15:42:45.199437Z  INFO ThreadId(22) telemetry_rx sensor=Thermal latency_us=4091423 drift_us=-49637 decode_us=0 seq=513 value=71.0366241418881 elapsed_us=55495795
2026-03-25T15:42:45.298821Z  INFO ThreadId(02) telemetry_rx sensor=Thermal latency_us=4091293 drift_us=-632 decode_us=0 seq=514 value=50.31931114641844 elapsed_us=55595163
2026-03-25T15:42:45.298864Z  INFO ThreadId(02) telemetry_rx sensor=Imu latency_us=4091339 drift_us=-720 decode_us=0 seq=102 value=-0.05079728014992529 elapsed_us=55595221
2026-03-25T15:42:45.398668Z  INFO ThreadId(22) telemetry_rx sensor=Thermal latency_us=4091361 drift_us=-155 decode_us=0 seq=515 value=59.76774363605381 elapsed_us=55695008
2026-03-25T15:42:45.398711Z  INFO ThreadId(22) telemetry_rx sensor=Power latency_us=4091385 drift_us=-667 decode_us=0 seq=257 value=1.0395611404422163 elapsed_us=55695068
2026-03-25T15:42:45.548750Z  INFO ThreadId(22) telemetry_rx sensor=Thermal latency_us=4141043 drift_us=50083 decode_us=0 seq=516 value=56.96231004846725 elapsed_us=55845091
2026-03-25T15:42:45.599400Z  INFO ThreadId(23) telemetry_rx sensor=Power latency_us=4091328 drift_us=674 decode_us=1 seq=258 value=0.7909791865950824 elapsed_us=55895742
2026-03-25T15:42:45.599444Z  INFO ThreadId(23) telemetry_rx sensor=Thermal latency_us=4091413 drift_us=-49290 decode_us=0 seq=517 value=68.8881312825881 elapsed_us=55895801
2026-03-25T15:42:45.749631Z  INFO ThreadId(10) telemetry_rx sensor=Thermal latency_us=4142129 drift_us=50170 decode_us=1 seq=518 value=58.35893647052311 elapsed_us=56045971
2026-03-25T15:42:45.849189Z  INFO ThreadId(10) telemetry_rx sensor=Imu latency_us=4141108 drift_us=50308 decode_us=0 seq=103 value=0.009220966876821904 elapsed_us=56145529
2026-03-25T15:42:45.849233Z  INFO ThreadId(10) telemetry_rx sensor=Power latency_us=4141195 drift_us=49848 decode_us=0 seq=259 value=0.6215765975495867 elapsed_us=56145590
2026-03-25T15:42:45.849253Z  INFO ThreadId(10) telemetry_rx sensor=Thermal latency_us=4141204 drift_us=-360 decode_us=0 seq=519 value=42.05524178079931 elapsed_us=56145611
2026-03-25T15:42:45.899090Z  INFO ThreadId(02) telemetry_rx sensor=Thermal latency_us=4091355 drift_us=-50180 decode_us=0 seq=520 value=29.036817999610278 elapsed_us=56195431
2026-03-25T15:42:45.998791Z  INFO ThreadId(02) telemetry_rx sensor=Power latency_us=4091393 drift_us=-50459 decode_us=0 seq=260 value=3.28032925888617 elapsed_us=56295131
2026-03-25T15:42:45.998832Z  INFO ThreadId(02) telemetry_rx sensor=Thermal latency_us=4091475 drift_us=-241 decode_us=0 seq=521 value=70.96623792276336 elapsed_us=56295190
2026-03-25T15:42:46.149007Z  INFO ThreadId(10) telemetry_rx sensor=Thermal latency_us=4140875 drift_us=50158 decode_us=0 seq=522 value=32.35461356732003 elapsed_us=56445348
2026-03-25T15:42:46.249085Z  INFO ThreadId(02) telemetry_rx sensor=Power latency_us=4141327 drift_us=50292 decode_us=1 seq=261 value=3.6319133700237085 elapsed_us=56545423
2026-03-25T15:42:46.249142Z  INFO ThreadId(02) telemetry_rx sensor=Thermal latency_us=4141393 drift_us=150 decode_us=0 seq=523 value=38.410837337255614 elapsed_us=56545498
2026-03-25T15:42:46.298511Z  INFO ThreadId(23) telemetry_rx sensor=Imu latency_us=4091361 drift_us=-50676 decode_us=1 seq=104 value=0.02029176531518724 elapsed_us=56594853
2026-03-25T15:42:46.298553Z  INFO ThreadId(23) telemetry_rx sensor=Thermal latency_us=4091428 drift_us=-50587 decode_us=0 seq=524 value=65.39232022314926 elapsed_us=56594911
2026-03-25T15:42:46.398707Z  INFO ThreadId(23) telemetry_rx sensor=Power latency_us=4091331 drift_us=-50374 decode_us=0 seq=262 value=3.166961948471805 elapsed_us=56695049
2026-03-25T15:42:46.398746Z  INFO ThreadId(23) telemetry_rx sensor=Thermal latency_us=4091406 drift_us=192 decode_us=0 seq=525 value=71.72231485425812 elapsed_us=56695103
2026-03-25T15:42:46.548629Z  INFO ThreadId(10) telemetry_rx sensor=Thermal latency_us=4141640 drift_us=49865 decode_us=1 seq=526 value=49.26236700089554 elapsed_us=56844968
2026-03-25T15:42:46.599626Z  INFO ThreadId(23) telemetry_rx sensor=Thermal latency_us=4091335 drift_us=-49000 decode_us=1 seq=527 value=34.26263988082185 elapsed_us=56895968
2026-03-25T15:42:46.599669Z  INFO ThreadId(23) telemetry_rx sensor=Power latency_us=4091368 drift_us=977 decode_us=0 seq=263 value=3.608440007585328 elapsed_us=56896026
2026-03-25T15:42:46.748446Z  INFO ThreadId(10) telemetry_rx sensor=Thermal latency_us=4141007 drift_us=48818 decode_us=0 seq=528 value=65.04456384803186 elapsed_us=57044786
2026-03-25T15:42:46.798587Z  INFO ThreadId(10) telemetry_rx sensor=Imu latency_us=4091380 drift_us=75 decode_us=0 seq=105 value=0.07128296722689959 elapsed_us=57094928
2026-03-25T15:42:46.798629Z  INFO ThreadId(10) telemetry_rx sensor=Power latency_us=4091449 drift_us=-1040 decode_us=0 seq=264 value=4.710725205045128 elapsed_us=57094986
2026-03-25T15:42:46.798650Z  INFO ThreadId(10) telemetry_rx sensor=Thermal latency_us=4091469 drift_us=-49778 decode_us=0 seq=529 value=30.984030343653792 elapsed_us=57095008
2026-03-25T15:42:46.898716Z  INFO ThreadId(22) telemetry_rx sensor=Thermal latency_us=4091347 drift_us=50 decode_us=0 seq=530 value=43.61481734454824 elapsed_us=57195058
2026-03-25T15:42:46.998402Z  INFO ThreadId(22) telemetry_rx sensor=Thermal latency_us=4091330 drift_us=-317 decode_us=1 seq=531 value=53.32959587349519 elapsed_us=57294741
2026-03-25T15:42:46.998458Z  INFO ThreadId(22) telemetry_rx sensor=Power latency_us=4091385 drift_us=-171 decode_us=0 seq=265 value=2.6320638982427362 elapsed_us=57294815
2026-03-25T15:42:47.098748Z  INFO ThreadId(22) telemetry_rx sensor=Thermal latency_us=4091368 drift_us=345 decode_us=1 seq=532 value=30.988951436902624 elapsed_us=57395086
2026-03-25T15:42:47.199040Z  INFO ThreadId(22) telemetry_rx sensor=Power latency_us=4091345 drift_us=567 decode_us=0 seq=266 value=3.4695879111580896 elapsed_us=57495382
2026-03-25T15:42:47.199082Z  INFO ThreadId(22) telemetry_rx sensor=Thermal latency_us=4091416 drift_us=354 decode_us=0 seq=533 value=75.46306182383498 elapsed_us=57495440
2026-03-25T15:42:47.298744Z  INFO ThreadId(23) telemetry_rx sensor=Imu latency_us=4091352 drift_us=157 decode_us=1 seq=106 value=-0.01544087826733151 elapsed_us=57595085
2026-03-25T15:42:47.298788Z  INFO ThreadId(23) telemetry_rx sensor=Thermal latency_us=4091430 drift_us=-295 decode_us=0 seq=534 value=22.084005385249455 elapsed_us=57595145
2026-03-25T15:42:47.398461Z  INFO ThreadId(23) telemetry_rx sensor=Thermal latency_us=4091333 drift_us=-342 decode_us=0 seq=535 value=71.70261730482943 elapsed_us=57694803
2026-03-25T15:42:47.398504Z  INFO ThreadId(23) telemetry_rx sensor=Power latency_us=4091351 drift_us=-521 decode_us=0 seq=267 value=3.8080327809074164 elapsed_us=57694861
2026-03-25T15:42:47.499775Z  INFO ThreadId(10) telemetry_rx sensor=Thermal latency_us=4091326 drift_us=1314 decode_us=1 seq=536 value=25.929231272771833 elapsed_us=57796117
2026-03-25T15:42:47.598503Z  INFO ThreadId(23) telemetry_rx sensor=Thermal latency_us=4091333 drift_us=-1273 decode_us=1 seq=537 value=63.379196404441494 elapsed_us=57894844
2026-03-25T15:42:47.598546Z  INFO ThreadId(23) telemetry_rx sensor=Power latency_us=4091356 drift_us=43 decode_us=0 seq=268 value=2.9486775890844577 elapsed_us=57894904
2026-03-25T15:42:47.748738Z  INFO ThreadId(02) telemetry_rx sensor=Thermal latency_us=4141658 drift_us=50235 decode_us=0 seq=538 value=20.3481145182827 elapsed_us=58045079
2026-03-25T15:42:47.798731Z  INFO ThreadId(22) telemetry_rx sensor=Power latency_us=4091365 drift_us=165 decode_us=0 seq=269 value=4.762206159044769 elapsed_us=58095069
2026-03-25T15:42:47.798787Z  INFO ThreadId(22) telemetry_rx sensor=Imu latency_us=4091395 drift_us=59 decode_us=0 seq=107 value=-0.06585924339317631 elapsed_us=58095144
2026-03-25T15:42:47.798822Z  INFO ThreadId(22) telemetry_rx sensor=Thermal latency_us=4091472 drift_us=-49899 decode_us=0 seq=539 value=42.747428886326965 elapsed_us=58095180
2026-03-25T15:42:47.948872Z  INFO ThreadId(22) telemetry_rx sensor=Thermal latency_us=4141685 drift_us=50027 decode_us=1 seq=540 value=48.553545529453444 elapsed_us=58245207
2026-03-25T15:42:47.999735Z  INFO ThreadId(02) telemetry_rx sensor=Power latency_us=4091405 drift_us=999 decode_us=1 seq=270 value=3.3041156035259114 elapsed_us=58296068
2026-03-25T15:42:47.999808Z  INFO ThreadId(02) telemetry_rx sensor=Thermal latency_us=4091490 drift_us=-49044 decode_us=0 seq=541 value=35.767120743929695 elapsed_us=58296163
2026-03-25T15:42:48.149168Z  INFO ThreadId(02) telemetry_rx sensor=Thermal latency_us=4142008 drift_us=49345 decode_us=0 seq=542 value=36.45515099921563 elapsed_us=58445508
2026-03-25T15:42:48.198256Z  INFO ThreadId(02) telemetry_rx sensor=Thermal latency_us=4091310 drift_us=-50910 decode_us=1 seq=543 value=63.119777077917185 elapsed_us=58494598
2026-03-25T15:42:48.198299Z  INFO ThreadId(02) telemetry_rx sensor=Power latency_us=4091342 drift_us=-1412 decode_us=0 seq=271 value=3.403098732832901 elapsed_us=58494656
2026-03-25T15:42:48.298461Z  INFO ThreadId(02) telemetry_rx sensor=Imu latency_us=4091377 drift_us=-341 decode_us=0 seq=108 value=0.07895184232994282 elapsed_us=58594803
2026-03-25T15:42:48.298504Z  INFO ThreadId(02) telemetry_rx sensor=Thermal latency_us=4091449 drift_us=263 decode_us=0 seq=544 value=67.70549716353214 elapsed_us=58594861
2026-03-25T15:42:48.398747Z  INFO ThreadId(22) telemetry_rx sensor=Power latency_us=4091382 drift_us=432 decode_us=0 seq=272 value=2.6437083472613883 elapsed_us=58695088
2026-03-25T15:42:48.398787Z  INFO ThreadId(22) telemetry_rx sensor=Thermal latency_us=4091452 drift_us=283 decode_us=0 seq=545 value=39.40757038940451 elapsed_us=58695144
2026-03-25T15:42:48.548461Z  INFO ThreadId(02) telemetry_rx sensor=Thermal latency_us=4141027 drift_us=49654 decode_us=0 seq=546 value=53.22456523485764 elapsed_us=58844798
2026-03-25T15:42:48.598773Z  INFO ThreadId(10) telemetry_rx sensor=Thermal latency_us=4091402 drift_us=-49690 decode_us=0 seq=547 value=58.68580979558581 elapsed_us=58895108
2026-03-25T15:42:48.598830Z  INFO ThreadId(10) telemetry_rx sensor=Power latency_us=4091428 drift_us=99 decode_us=0 seq=273 value=2.611852812551662 elapsed_us=58895187
2026-03-25T15:42:48.698507Z  INFO ThreadId(02) telemetry_rx sensor=Thermal latency_us=4091384 drift_us=-260 decode_us=0 seq=548 value=32.036931772251 elapsed_us=58994848
2026-03-25T15:42:48.799100Z  INFO ThreadId(02) telemetry_rx sensor=Imu latency_us=4091409 drift_us=637 decode_us=0 seq=109 value=0.07151970423642298 elapsed_us=59095440
2026-03-25T15:42:48.799144Z  INFO ThreadId(23) uplink_tx: sent cmd=Heartbeat dispatch_us=68 queue_latency_us=13 seq=25 elapsed_us=59095498
2026-03-25T15:42:48.799160Z  INFO ThreadId(02) telemetry_rx sensor=Power latency_us=4091460 drift_us=329 decode_us=0 seq=274 value=0.9641764836534235 elapsed_us=59095516
2026-03-25T15:42:48.799193Z  INFO ThreadId(02) telemetry_rx sensor=Thermal latency_us=4091536 drift_us=702 decode_us=0 seq=549 value=73.52514150910771 elapsed_us=59095550
2026-03-25T15:42:48.948723Z  INFO ThreadId(10) telemetry_rx sensor=Thermal latency_us=4141751 drift_us=49513 decode_us=0 seq=550 value=74.28799433177358 elapsed_us=59245063
2026-03-25T15:42:48.998398Z  INFO ThreadId(23) telemetry_rx sensor=Power latency_us=4091372 drift_us=-777 decode_us=0 seq=275 value=2.347888164920915 elapsed_us=59294739
2026-03-25T15:42:48.998438Z  INFO ThreadId(23) telemetry_rx sensor=Thermal latency_us=4091445 drift_us=-50268 decode_us=0 seq=551 value=40.912105107763 elapsed_us=59294795
2026-03-25T15:42:49.098749Z  INFO ThreadId(23) telemetry_rx sensor=Thermal latency_us=4091388 drift_us=296 decode_us=0 seq=552 value=29.889108830369846 elapsed_us=59395091
2026-03-25T15:42:49.198609Z  INFO ThreadId(10) telemetry_rx sensor=Power latency_us=4091286 drift_us=211 decode_us=1 seq=276 value=1.4051112603253884 elapsed_us=59494950
2026-03-25T15:42:49.198648Z  INFO ThreadId(10) telemetry_rx sensor=Thermal latency_us=4091351 drift_us=-86 decode_us=0 seq=553 value=48.50812688611373 elapsed_us=59495005
2026-03-25T15:42:49.299188Z  INFO ThreadId(10) telemetry_rx sensor=Imu latency_us=4091343 drift_us=90 decode_us=0 seq=110 value=0.07557238742806113 elapsed_us=59595530
2026-03-25T15:42:49.299227Z  INFO ThreadId(10) telemetry_rx sensor=Thermal latency_us=4091412 drift_us=580 decode_us=0 seq=554 value=60.964889661534954 elapsed_us=59595585
2026-03-25T15:42:49.399219Z  INFO ThreadId(10) telemetry_rx sensor=Thermal latency_us=4091329 drift_us=-24 decode_us=0 seq=555 value=70.59761329693032 elapsed_us=59695561
2026-03-25T15:42:49.399258Z  INFO ThreadId(10) telemetry_rx sensor=Power latency_us=4091363 drift_us=666 decode_us=0 seq=277 value=2.2609361815958198 elapsed_us=59695616
2026-03-25T15:42:49.548459Z  INFO ThreadId(10) telemetry_rx sensor=Thermal latency_us=4140223 drift_us=49193 decode_us=0 seq=556 value=37.139823466012885 elapsed_us=59844754
2026-03-25T15:42:49.599679Z  INFO ThreadId(23) telemetry_rx sensor=Power latency_us=4091379 drift_us=404 decode_us=1 seq=278 value=4.576306244327279 elapsed_us=59896020
2026-03-25T15:42:49.599721Z  INFO ThreadId(23) telemetry_rx sensor=Thermal latency_us=4091454 drift_us=-48675 decode_us=0 seq=557 value=49.416931273307824 elapsed_us=59896079
2026-03-25T15:42:49.719887Z  INFO ThreadId(01) Simulation timer expired. Shutting down.
2026-03-25T15:42:49.719972Z  INFO ThreadId(10) fault_mgr final stats total_faults=5 avg_interlock_us=13
2026-03-25T15:42:49.720036Z  INFO ThreadId(21) uplink_tx final stats deadline_misses=0
2026-03-25T15:42:49.720066Z  WARN ThreadId(22) telemetry_rx stopped, signaling session end.
2026-03-25T15:42:49.720076Z  WARN ThreadId(22) Satellite session signaling end. Cleaning up handles...
2026-03-25T15:42:49.720842Z  INFO ThreadId(23) === PERFORMANCE REPORT === report=2 elapsed_s=60 elapsed_us=60016246 pkts_received=942 pkts_lost=12 latency_p50_us=4091903 latency_p99_us=4143103 decode_deadline_misses=0 fault_received_count=5 cmd_deadline_misses=0
2026-03-25T15:42:49.781071Z  WARN ThreadId(20) Satellite session tasks cleaned up. Ready for new connection.
2026-03-25T15:42:49.781242Z  INFO ThreadId(01) === GCS SIMULATION COMPLETE === total_pkts_received=942 total_pkts_lost=12 reception_rate_pct=98.74213836477988 latency_p50_us=4091903 latency_p99_us=4143103 latency_max_us=4143103 total_cmds_sent=23 cmds_dispatch_missed=0 total_faults_received=5 interlock_max_us=33 critical_alerts_count=0
