2026-03-25T15:41:53.795727Z  INFO ThreadId(01) Starting Satellite OCS Simulation (TCP MODE)
2026-03-25T15:41:53.795748Z  INFO ThreadId(01) Connecting to Ground Control at 127.0.0.1:8888...
2026-03-25T15:41:53.797299Z  INFO ThreadId(01) Connected to Ground Control Station.
2026-03-25T15:41:53.807587Z  INFO ThreadId(21) uplink_rx: received cmd=Heartbeat seq=0 dispatch_latency_us=0 elapsed_us=12728
2026-03-25T15:41:53.807630Z  INFO ThreadId(21) command executed cmd=Heartbeat
2026-03-25T15:41:53.898617Z  INFO ThreadId(22) Task dispatched task="ThermalControl" drift_us=1190
2026-03-25T15:41:53.898831Z  INFO ThreadId(02) sensor_read sensor="thermal" seq=0 value=68.26593891945976 drift_us=1290 jitter_us=0 latency_us=0 elapsed_us=103816
2026-03-25T15:41:53.948829Z  INFO ThreadId(02) downlink_tx: sent tx_log_seq=0 sensor=Thermal sensor_seq=0 queue_latency_us=49962 elapsed_us=153827
2026-03-25T15:41:53.998435Z  INFO ThreadId(25) Task dispatched task="ThermalControl" drift_us=1010
2026-03-25T15:41:53.998445Z  INFO ThreadId(02) sensor_read sensor="thermal" seq=1 value=76.81247828616284 drift_us=1077 jitter_us=213 latency_us=0 elapsed_us=203603
2026-03-25T15:41:53.998540Z  INFO ThreadId(22) sensor_read sensor="power" seq=0 value=2.169085406444584 drift_us=1120 jitter_us=0 latency_us=1 elapsed_us=203656
2026-03-25T15:41:53.998581Z  INFO ThreadId(25) downlink_tx: sent tx_log_seq=1 sensor=Thermal sensor_seq=1 queue_latency_us=140 elapsed_us=203636
2026-03-25T15:41:53.998594Z  INFO ThreadId(25) downlink_tx: sent tx_log_seq=2 sensor=Power sensor_seq=0 queue_latency_us=69 elapsed_us=203636
2026-03-25T15:41:54.098445Z  INFO ThreadId(25) Task dispatched task="ThermalControl" drift_us=1020
2026-03-25T15:41:54.098489Z  INFO ThreadId(21) sensor_read sensor="thermal" seq=2 value=28.748163439465223 drift_us=1115 jitter_us=251 latency_us=1 elapsed_us=303641
2026-03-25T15:41:54.148746Z  INFO ThreadId(22) downlink_tx: sent tx_log_seq=3 sensor=Thermal sensor_seq=2 queue_latency_us=50249 elapsed_us=353782
2026-03-25T15:41:54.198503Z  INFO ThreadId(21) Task dispatched task="ThermalControl" drift_us=1079
2026-03-25T15:41:54.198510Z  INFO ThreadId(22) sensor_read sensor="thermal" seq=3 value=38.553504592916504 drift_us=1142 jitter_us=11 latency_us=0 elapsed_us=403668
2026-03-25T15:41:54.198574Z  INFO ThreadId(24) sensor_read sensor="power" seq=1 value=4.057839953315928 drift_us=1168 jitter_us=48 latency_us=0 elapsed_us=403704
2026-03-25T15:41:54.198597Z  INFO ThreadId(21) downlink_tx: sent tx_log_seq=4 sensor=Thermal sensor_seq=3 queue_latency_us=92 elapsed_us=403693
2026-03-25T15:41:54.198612Z  INFO ThreadId(21) downlink_tx: sent tx_log_seq=5 sensor=Power sensor_seq=1 queue_latency_us=52 elapsed_us=403693
2026-03-25T15:41:54.298237Z  INFO ThreadId(25) Task dispatched task="ThermalControl" drift_us=812
2026-03-25T15:41:54.298240Z  INFO ThreadId(21) sensor_read sensor="thermal" seq=4 value=75.58492624727114 drift_us=872 jitter_us=297 latency_us=0 elapsed_us=503398
2026-03-25T15:41:54.298254Z  INFO ThreadId(24) sensor_read sensor="imu" seq=0 value=-0.06308447059786873 drift_us=872 jitter_us=0 latency_us=0 elapsed_us=503412
2026-03-25T15:41:54.298358Z  INFO ThreadId(25) downlink_tx: sent tx_log_seq=6 sensor=Imu sensor_seq=0 queue_latency_us=110 elapsed_us=503427
2026-03-25T15:41:54.298375Z  INFO ThreadId(25) downlink_tx: sent tx_log_seq=7 sensor=Thermal sensor_seq=4 queue_latency_us=141 elapsed_us=503427
2026-03-25T15:41:54.304444Z  INFO ThreadId(21) Task dispatched task="DataCompress" drift_us=7024
2026-03-25T15:41:54.399475Z  INFO ThreadId(25) Task dispatched task="ThermalControl" drift_us=2050
2026-03-25T15:41:54.399508Z  WARN ThreadId(21) JITTER EXCEEDED 1ms limit sensor="thermal" jitter_us=1526 consecutive_miss=1 limit_us=1000 elapsed_us=604654
2026-03-25T15:41:54.399516Z  INFO ThreadId(02) sensor_read sensor="power" seq=2 value=1.1031190453156277 drift_us=2136 jitter_us=920 latency_us=0 elapsed_us=604672
2026-03-25T15:41:54.399533Z  INFO ThreadId(21) sensor_read sensor="thermal" seq=5 value=27.689092152838146 drift_us=2128 jitter_us=1526 latency_us=0 elapsed_us=604654
2026-03-25T15:41:54.399670Z  INFO ThreadId(24) downlink_tx: sent tx_log_seq=8 sensor=Power sensor_seq=2 queue_latency_us=157 elapsed_us=604692
2026-03-25T15:41:54.399698Z  INFO ThreadId(24) downlink_tx: sent tx_log_seq=9 sensor=Thermal sensor_seq=5 queue_latency_us=165 elapsed_us=604692
2026-03-25T15:41:54.499229Z  INFO ThreadId(22) Task dispatched task="ThermalControl" drift_us=1805
2026-03-25T15:41:54.499261Z  WARN ThreadId(02) JITTER EXCEEDED 1ms limit sensor="thermal" jitter_us=1489 consecutive_miss=2 limit_us=1000 elapsed_us=704421
2026-03-25T15:41:54.499271Z  INFO ThreadId(02) sensor_read sensor="thermal" seq=6 value=50.350389480381494 drift_us=1895 jitter_us=1489 latency_us=0 elapsed_us=704421
2026-03-25T15:41:54.548943Z  INFO ThreadId(22) downlink_tx: sent tx_log_seq=10 sensor=Thermal sensor_seq=6 queue_latency_us=49660 elapsed_us=754012
2026-03-25T15:41:54.599310Z  INFO ThreadId(02) Task dispatched task="ThermalControl" drift_us=1886
2026-03-25T15:41:54.599316Z  INFO ThreadId(22) sensor_read sensor="thermal" seq=7 value=79.4989462864894 drift_us=1947 jitter_us=285 latency_us=0 elapsed_us=804473
2026-03-25T15:41:54.599338Z ERROR ThreadId(25) JITTER LIMIT VIOLATED (>1ms) sensor="power" jitter_us=1152
2026-03-25T15:41:54.599342Z  INFO ThreadId(25) sensor_read sensor="power" seq=3 value=4.53137818085865 drift_us=1952 jitter_us=1152 latency_us=0 elapsed_us=804488
2026-03-25T15:41:54.599402Z  INFO ThreadId(02) downlink_tx: sent tx_log_seq=11 sensor=Power sensor_seq=3 queue_latency_us=69 elapsed_us=804500
2026-03-25T15:41:54.599416Z  INFO ThreadId(02) downlink_tx: sent tx_log_seq=12 sensor=Thermal sensor_seq=7 queue_latency_us=107 elapsed_us=804500
2026-03-25T15:41:54.698776Z  INFO ThreadId(02) Task dispatched task="ThermalControl" drift_us=1351
2026-03-25T15:41:54.698830Z  INFO ThreadId(25) sensor_read sensor="thermal" seq=8 value=57.49137507049843 drift_us=1452 jitter_us=547 latency_us=0 elapsed_us=903978
2026-03-25T15:41:54.749002Z  INFO ThreadId(02) downlink_tx: sent tx_log_seq=13 sensor=Thermal sensor_seq=8 queue_latency_us=50174 elapsed_us=954089
2026-03-25T15:41:54.798572Z  INFO ThreadId(25) Task dispatched task="ThermalControl" drift_us=1147
2026-03-25T15:41:54.798597Z  INFO ThreadId(25) sensor_read sensor="thermal" seq=9 value=72.07951894329743 drift_us=1232 jitter_us=275 latency_us=1 elapsed_us=1003758
2026-03-25T15:41:54.798614Z  INFO ThreadId(22) sensor_read sensor="power" seq=4 value=1.9854997251700988 drift_us=1222 jitter_us=546 latency_us=0 elapsed_us=1003758
2026-03-25T15:41:54.798624Z  INFO ThreadId(22) sensor_read sensor="imu" seq=1 value=-0.08778556060566972 drift_us=1230 jitter_us=358 latency_us=0 elapsed_us=1003770
2026-03-25T15:41:54.798705Z  INFO ThreadId(22) downlink_tx: sent tx_log_seq=14 sensor=Imu sensor_seq=1 queue_latency_us=97 elapsed_us=1003776
2026-03-25T15:41:54.798719Z  INFO ThreadId(22) downlink_tx: sent tx_log_seq=15 sensor=Power sensor_seq=4 queue_latency_us=124 elapsed_us=1003776
2026-03-25T15:41:54.798728Z  INFO ThreadId(22) downlink_tx: sent tx_log_seq=16 sensor=Thermal sensor_seq=9 queue_latency_us=133 elapsed_us=1003776
2026-03-25T15:41:54.804627Z  INFO ThreadId(02) Task dispatched task="DataCompress" drift_us=7207
2026-03-25T15:41:54.825875Z  INFO ThreadId(02) Task dispatched task="HealthMonitor" drift_us=28450
2026-03-25T15:41:54.899366Z  INFO ThreadId(02) Task dispatched task="ThermalControl" drift_us=1942
2026-03-25T15:41:54.899394Z  WARN ThreadId(21) JITTER EXCEEDED 1ms limit sensor="thermal" jitter_us=1015 consecutive_miss=1 limit_us=1000 elapsed_us=1104553
2026-03-25T15:41:54.899404Z  INFO ThreadId(21) sensor_read sensor="thermal" seq=10 value=42.591793060725195 drift_us=2027 jitter_us=1015 latency_us=0 elapsed_us=1104553
2026-03-25T15:41:54.948392Z  INFO ThreadId(02) downlink_tx: sent tx_log_seq=17 sensor=Thermal sensor_seq=10 queue_latency_us=48967 elapsed_us=1153396
2026-03-25T15:41:54.999311Z  INFO ThreadId(21) Task dispatched task="ThermalControl" drift_us=1887
2026-03-25T15:41:54.999354Z  INFO ThreadId(02) sensor_read sensor="thermal" seq=11 value=61.17388708967183 drift_us=1974 jitter_us=848 latency_us=0 elapsed_us=1204500
2026-03-25T15:41:54.999403Z ERROR ThreadId(22) JITTER LIMIT VIOLATED (>1ms) sensor="power" jitter_us=1530
2026-03-25T15:41:54.999412Z  INFO ThreadId(22) sensor_read sensor="power" seq=5 value=2.7914955135450197 drift_us=2022 jitter_us=1530 latency_us=0 elapsed_us=1204558
2026-03-25T15:41:54.999443Z  INFO ThreadId(25) downlink_tx: sent tx_log_seq=18 sensor=Thermal sensor_seq=11 queue_latency_us=101 elapsed_us=1204509
2026-03-25T15:41:54.999460Z  INFO ThreadId(25) downlink_tx: sent tx_log_seq=19 sensor=Power sensor_seq=5 queue_latency_us=66 elapsed_us=1204509
2026-03-25T15:41:55.098369Z  INFO ThreadId(25) Task dispatched task="ThermalControl" drift_us=941
2026-03-25T15:41:55.098417Z  INFO ThreadId(24) sensor_read sensor="thermal" seq=12 value=48.855080945327444 drift_us=1042 jitter_us=879 latency_us=0 elapsed_us=1303568
2026-03-25T15:41:55.149725Z  INFO ThreadId(22) downlink_tx: sent tx_log_seq=20 sensor=Thermal sensor_seq=12 queue_latency_us=51306 elapsed_us=1354783
2026-03-25T15:41:55.199465Z  INFO ThreadId(24) Task dispatched task="ThermalControl" drift_us=2040
2026-03-25T15:41:55.199469Z  WARN ThreadId(22) JITTER EXCEEDED 1ms limit sensor="thermal" jitter_us=1992 consecutive_miss=1 limit_us=1000 elapsed_us=1404628
2026-03-25T15:41:55.199485Z  INFO ThreadId(22) sensor_read sensor="thermal" seq=13 value=66.71024913729855 drift_us=2102 jitter_us=1992 latency_us=0 elapsed_us=1404628
2026-03-25T15:41:55.199485Z  INFO ThreadId(21) sensor_read sensor="power" seq=6 value=4.222669588937743 drift_us=2109 jitter_us=713 latency_us=1 elapsed_us=1404645
2026-03-25T15:41:55.199572Z  INFO ThreadId(22) downlink_tx: sent tx_log_seq=21 sensor=Power sensor_seq=6 queue_latency_us=90 elapsed_us=1404661
2026-03-25T15:41:55.199586Z  INFO ThreadId(22) downlink_tx: sent tx_log_seq=22 sensor=Thermal sensor_seq=13 queue_latency_us=103 elapsed_us=1404661
2026-03-25T15:41:55.298120Z  INFO ThreadId(22) Task dispatched task="ThermalControl" drift_us=695
2026-03-25T15:41:55.298147Z  INFO ThreadId(21) sensor_read sensor="imu" seq=2 value=-0.0010175484628597992 drift_us=766 jitter_us=822 latency_us=0 elapsed_us=1503306
2026-03-25T15:41:55.298156Z  WARN ThreadId(25) JITTER EXCEEDED 1ms limit sensor="thermal" jitter_us=2401 consecutive_miss=2 limit_us=1000 elapsed_us=1503287
2026-03-25T15:41:55.298165Z  INFO ThreadId(25) sensor_read sensor="thermal" seq=14 value=20.119084588694164 drift_us=761 jitter_us=2401 latency_us=0 elapsed_us=1503287
2026-03-25T15:41:55.298255Z  INFO ThreadId(24) downlink_tx: sent tx_log_seq=23 sensor=Imu sensor_seq=2 queue_latency_us=108 elapsed_us=1503317
2026-03-25T15:41:55.298274Z  INFO ThreadId(24) downlink_tx: sent tx_log_seq=24 sensor=Thermal sensor_seq=14 queue_latency_us=109 elapsed_us=1503317
2026-03-25T15:41:55.304283Z  INFO ThreadId(21) Task dispatched task="DataCompress" drift_us=6869
2026-03-25T15:41:55.399458Z  INFO ThreadId(21) Task dispatched task="ThermalControl" drift_us=2033
2026-03-25T15:41:55.399465Z  WARN ThreadId(25) JITTER EXCEEDED 1ms limit sensor="thermal" jitter_us=2677 consecutive_miss=3 limit_us=1000 elapsed_us=1604623
2026-03-25T15:41:55.399497Z  INFO ThreadId(25) sensor_read sensor="thermal" seq=15 value=74.32125307847528 drift_us=2097 jitter_us=2677 latency_us=0 elapsed_us=1604623
2026-03-25T15:41:55.399501Z  INFO ThreadId(21) sensor_read sensor="power" seq=7 value=4.4987127584257465 drift_us=2129 jitter_us=67 latency_us=0 elapsed_us=1604665
2026-03-25T15:41:55.449537Z  INFO ThreadId(21) downlink_tx: sent tx_log_seq=25 sensor=Power sensor_seq=7 queue_latency_us=50024 elapsed_us=1654582
2026-03-25T15:41:55.449563Z  INFO ThreadId(21) downlink_tx: sent tx_log_seq=26 sensor=Thermal sensor_seq=15 queue_latency_us=50067 elapsed_us=1654582
2026-03-25T15:41:55.498520Z  INFO ThreadId(02) Task dispatched task="ThermalControl" drift_us=1096
2026-03-25T15:41:55.498557Z  WARN ThreadId(02) JITTER EXCEEDED 1ms limit sensor="thermal" jitter_us=2239 consecutive_miss=4 limit_us=1000 elapsed_us=1703720
2026-03-25T15:41:55.498562Z  INFO ThreadId(02) sensor_read sensor="thermal" seq=16 value=70.29025903181156 drift_us=1194 jitter_us=2239 latency_us=0 elapsed_us=1703720
2026-03-25T15:41:55.548592Z  INFO ThreadId(02) downlink_tx: sent tx_log_seq=27 sensor=Thermal sensor_seq=16 queue_latency_us=50017 elapsed_us=1753626
2026-03-25T15:41:55.598137Z  INFO ThreadId(25) Task dispatched task="ThermalControl" drift_us=713
2026-03-25T15:41:55.598147Z  INFO ThreadId(02) sensor_read sensor="thermal" seq=17 value=76.09513708711687 drift_us=777 jitter_us=486 latency_us=0 elapsed_us=1803303
2026-03-25T15:41:55.598161Z ERROR ThreadId(02) JITTER LIMIT VIOLATED (>1ms) sensor="power" jitter_us=1360
2026-03-25T15:41:55.598163Z  INFO ThreadId(02) sensor_read sensor="power" seq=8 value=1.7579235790482652 drift_us=789 jitter_us=1360 latency_us=0 elapsed_us=1803325
2026-03-25T15:41:55.598231Z  INFO ThreadId(25) downlink_tx: sent tx_log_seq=28 sensor=Thermal sensor_seq=17 queue_latency_us=90 elapsed_us=1803323
2026-03-25T15:41:55.598245Z  INFO ThreadId(25) downlink_tx: sent tx_log_seq=29 sensor=Power sensor_seq=8 queue_latency_us=84 elapsed_us=1803323
2026-03-25T15:41:55.698909Z  INFO ThreadId(25) Task dispatched task="ThermalControl" drift_us=1485
2026-03-25T15:41:55.698940Z  WARN ThreadId(25) JITTER EXCEEDED 1ms limit sensor="thermal" jitter_us=1217 consecutive_miss=1 limit_us=1000 elapsed_us=1904103
2026-03-25T15:41:55.698945Z  INFO ThreadId(25) sensor_read sensor="thermal" seq=18 value=47.299456553911234 drift_us=1577 jitter_us=1217 latency_us=0 elapsed_us=1904103
2026-03-25T15:41:55.748611Z  INFO ThreadId(24) downlink_tx: sent tx_log_seq=30 sensor=Thermal sensor_seq=18 queue_latency_us=49655 elapsed_us=1953663
2026-03-25T15:41:55.798163Z  INFO ThreadId(25) Task dispatched task="ThermalControl" drift_us=739
2026-03-25T15:41:55.798198Z  INFO ThreadId(25) sensor_read sensor="imu" seq=3 value=-0.0199026994114381 drift_us=819 jitter_us=517 latency_us=0 elapsed_us=2003359
2026-03-25T15:41:55.798237Z ERROR ThreadId(02) JITTER LIMIT VIOLATED (>1ms) sensor="power" jitter_us=1414
2026-03-25T15:41:55.798243Z  INFO ThreadId(02) sensor_read sensor="power" seq=9 value=4.706851187309798 drift_us=863 jitter_us=1414 latency_us=0 elapsed_us=2003399
2026-03-25T15:41:55.798237Z  WARN ThreadId(24) JITTER EXCEEDED 1ms limit sensor="thermal" jitter_us=1516 consecutive_miss=2 limit_us=1000 elapsed_us=2003387
2026-03-25T15:41:55.798260Z  INFO ThreadId(24) sensor_read sensor="thermal" seq=19 value=57.97835555479294 drift_us=861 jitter_us=1516 latency_us=0 elapsed_us=2003387
2026-03-25T15:41:55.798314Z  INFO ThreadId(02) downlink_tx: sent tx_log_seq=31 sensor=Imu sensor_seq=3 queue_latency_us=117 elapsed_us=2003416
2026-03-25T15:41:55.798329Z  INFO ThreadId(02) downlink_tx: sent tx_log_seq=32 sensor=Power sensor_seq=9 queue_latency_us=93 elapsed_us=2003416
2026-03-25T15:41:55.798337Z  INFO ThreadId(02) downlink_tx: sent tx_log_seq=33 sensor=Thermal sensor_seq=19 queue_latency_us=80 elapsed_us=2003416
2026-03-25T15:41:55.805533Z  INFO ThreadId(21) Task dispatched task="DataCompress" drift_us=8110
2026-03-25T15:41:55.827001Z  INFO ThreadId(21) Task dispatched task="HealthMonitor" drift_us=29577
2026-03-25T15:41:55.899485Z  INFO ThreadId(21) Task dispatched task="ThermalControl" drift_us=2057
2026-03-25T15:41:55.899522Z  WARN ThreadId(24) JITTER EXCEEDED 1ms limit sensor="thermal" jitter_us=2006 consecutive_miss=3 limit_us=1000 elapsed_us=2104677
2026-03-25T15:41:55.899534Z  INFO ThreadId(24) sensor_read sensor="thermal" seq=20 value=31.75569884701445 drift_us=2151 jitter_us=2006 latency_us=0 elapsed_us=2104677
2026-03-25T15:41:55.949245Z  INFO ThreadId(25) downlink_tx: sent tx_log_seq=34 sensor=Thermal sensor_seq=20 queue_latency_us=49700 elapsed_us=2154305
2026-03-25T15:41:55.998515Z  INFO ThreadId(24) Task dispatched task="ThermalControl" drift_us=1092
2026-03-25T15:41:55.998546Z  WARN ThreadId(25) JITTER EXCEEDED 1ms limit sensor="thermal" jitter_us=2265 consecutive_miss=4 limit_us=1000 elapsed_us=2203702
2026-03-25T15:41:55.998560Z  INFO ThreadId(21) sensor_read sensor="power" seq=10 value=0.6419850889483876 drift_us=1183 jitter_us=246 latency_us=0 elapsed_us=2203719
2026-03-25T15:41:55.998565Z  INFO ThreadId(25) sensor_read sensor="thermal" seq=21 value=31.543195782037824 drift_us=1176 jitter_us=2265 latency_us=0 elapsed_us=2203702
2026-03-25T15:41:56.049616Z  INFO ThreadId(02) downlink_tx: sent tx_log_seq=35 sensor=Power sensor_seq=10 queue_latency_us=51047 elapsed_us=2254667
2026-03-25T15:41:56.049641Z  INFO ThreadId(02) downlink_tx: sent tx_log_seq=36 sensor=Thermal sensor_seq=21 queue_latency_us=51080 elapsed_us=2254667
2026-03-25T15:41:56.099426Z  INFO ThreadId(25) Task dispatched task="ThermalControl" drift_us=2002
2026-03-25T15:41:56.099455Z  WARN ThreadId(25) JITTER EXCEEDED 1ms limit sensor="thermal" jitter_us=1892 consecutive_miss=5 limit_us=1000 elapsed_us=2304619
2026-03-25T15:41:56.099460Z  INFO ThreadId(25) sensor_read sensor="thermal" seq=22 value=66.81928509758256 drift_us=2093 jitter_us=1892 latency_us=0 elapsed_us=2304619
2026-03-25T15:41:56.149565Z  INFO ThreadId(21) downlink_tx: sent tx_log_seq=37 sensor=Thermal sensor_seq=22 queue_latency_us=50092 elapsed_us=2354607
2026-03-25T15:41:56.198869Z  INFO ThreadId(25) Task dispatched task="ThermalControl" drift_us=1446
2026-03-25T15:41:56.198877Z  WARN ThreadId(21) JITTER EXCEEDED 1ms limit sensor="thermal" jitter_us=1501 consecutive_miss=6 limit_us=1000 elapsed_us=2404035
2026-03-25T15:41:56.198889Z  INFO ThreadId(21) sensor_read sensor="thermal" seq=23 value=22.486890176825646 drift_us=1509 jitter_us=1501 latency_us=0 elapsed_us=2404035
2026-03-25T15:41:56.198914Z  INFO ThreadId(02) sensor_read sensor="power" seq=11 value=1.8525350060679768 drift_us=1534 jitter_us=31 latency_us=0 elapsed_us=2404070
2026-03-25T15:41:56.198997Z  INFO ThreadId(21) downlink_tx: sent tx_log_seq=38 sensor=Thermal sensor_seq=23 queue_latency_us=108 elapsed_us=2404065
2026-03-25T15:41:56.199010Z  INFO ThreadId(21) downlink_tx: sent tx_log_seq=39 sensor=Power sensor_seq=11 queue_latency_us=104 elapsed_us=2404065
2026-03-25T15:41:56.299274Z  INFO ThreadId(24) Task dispatched task="ThermalControl" drift_us=1849
2026-03-25T15:41:56.299285Z  INFO ThreadId(21) sensor_read sensor="thermal" seq=24 value=61.73637543086404 drift_us=1916 jitter_us=991 latency_us=0 elapsed_us=2504442
2026-03-25T15:41:56.299338Z ERROR ThreadId(02) JITTER LIMIT VIOLATED (>1ms) sensor="imu" jitter_us=1068
2026-03-25T15:41:56.299357Z  INFO ThreadId(02) sensor_read sensor="imu" seq=4 value=-0.06438885098345945 drift_us=1940 jitter_us=1068 latency_us=0 elapsed_us=2504480
2026-03-25T15:41:56.299391Z  INFO ThreadId(24) downlink_tx: sent tx_log_seq=40 sensor=Thermal sensor_seq=24 queue_latency_us=112 elapsed_us=2504464
2026-03-25T15:41:56.299408Z  INFO ThreadId(24) downlink_tx: sent tx_log_seq=41 sensor=Imu sensor_seq=4 queue_latency_us=90 elapsed_us=2504464
2026-03-25T15:41:56.305297Z  INFO ThreadId(25) Task dispatched task="DataCompress" drift_us=7877
2026-03-25T15:41:56.399351Z  INFO ThreadId(24) Task dispatched task="ThermalControl" drift_us=1926
2026-03-25T15:41:56.399358Z  INFO ThreadId(25) sensor_read sensor="thermal" seq=25 value=44.220350094520455 drift_us=1989 jitter_us=334 latency_us=0 elapsed_us=2604515
2026-03-25T15:41:56.399372Z  INFO ThreadId(25) sensor_read sensor="power" seq=12 value=2.6604010967300273 drift_us=2001 jitter_us=116 latency_us=0 elapsed_us=2604537
2026-03-25T15:41:56.399467Z  INFO ThreadId(24) downlink_tx: sent tx_log_seq=42 sensor=Thermal sensor_seq=25 queue_latency_us=113 elapsed_us=2604535
2026-03-25T15:41:56.399479Z  INFO ThreadId(24) downlink_tx: sent tx_log_seq=43 sensor=Power sensor_seq=12 queue_latency_us=106 elapsed_us=2604535
2026-03-25T15:41:56.499386Z  INFO ThreadId(24) Task dispatched task="ThermalControl" drift_us=1962
2026-03-25T15:41:56.499416Z  INFO ThreadId(21) sensor_read sensor="thermal" seq=26 value=69.7420726758892 drift_us=2048 jitter_us=14 latency_us=0 elapsed_us=2704574
2026-03-25T15:41:56.549338Z  INFO ThreadId(24) downlink_tx: sent tx_log_seq=44 sensor=Thermal sensor_seq=26 queue_latency_us=49915 elapsed_us=2754402
2026-03-25T15:41:56.598605Z  INFO ThreadId(21) Task dispatched task="ThermalControl" drift_us=1181
2026-03-25T15:41:56.598637Z  INFO ThreadId(24) sensor_read sensor="thermal" seq=27 value=75.65983586568005 drift_us=1258 jitter_us=849 latency_us=0 elapsed_us=2803784
2026-03-25T15:41:56.598675Z ERROR ThreadId(25) JITTER LIMIT VIOLATED (>1ms) sensor="power" jitter_us=1175
2026-03-25T15:41:56.598684Z  INFO ThreadId(25) sensor_read sensor="power" seq=13 value=2.6429992810259613 drift_us=1293 jitter_us=1175 latency_us=0 elapsed_us=2803829
2026-03-25T15:41:56.598740Z  INFO ThreadId(02) downlink_tx: sent tx_log_seq=45 sensor=Thermal sensor_seq=27 queue_latency_us=113 elapsed_us=2803802
2026-03-25T15:41:56.598755Z  INFO ThreadId(02) downlink_tx: sent tx_log_seq=46 sensor=Power sensor_seq=13 queue_latency_us=90 elapsed_us=2803802
2026-03-25T15:41:56.698933Z  INFO ThreadId(02) Task dispatched task="ThermalControl" drift_us=1508
2026-03-25T15:41:56.698965Z  WARN ThreadId(02) JITTER EXCEEDED 1ms limit sensor="thermal" jitter_us=1134 consecutive_miss=1 limit_us=1000 elapsed_us=2904128
2026-03-25T15:41:56.698969Z  INFO ThreadId(02) sensor_read sensor="thermal" seq=28 value=76.37793904052072 drift_us=1602 jitter_us=1134 latency_us=0 elapsed_us=2904128
2026-03-25T15:41:56.748977Z  INFO ThreadId(25) downlink_tx: sent tx_log_seq=47 sensor=Thermal sensor_seq=28 queue_latency_us=49996 elapsed_us=2954068
2026-03-25T15:41:56.798489Z  INFO ThreadId(02) Task dispatched task="ThermalControl" drift_us=1064
2026-03-25T15:41:56.798494Z  INFO ThreadId(25) sensor_read sensor="power" seq=14 value=1.133277603888305 drift_us=1116 jitter_us=531 latency_us=0 elapsed_us=3003652
2026-03-25T15:41:56.798515Z ERROR ThreadId(25) JITTER LIMIT VIOLATED (>1ms) sensor="imu" jitter_us=1922
2026-03-25T15:41:56.798520Z  INFO ThreadId(02) sensor_read sensor="thermal" seq=29 value=69.65998471384734 drift_us=1158 jitter_us=788 latency_us=0 elapsed_us=3003684
2026-03-25T15:41:56.798521Z  INFO ThreadId(25) sensor_read sensor="imu" seq=5 value=-0.04416066926186342 drift_us=1139 jitter_us=1922 latency_us=0 elapsed_us=3003679
2026-03-25T15:41:56.798621Z  INFO ThreadId(25) downlink_tx: sent tx_log_seq=48 sensor=Imu sensor_seq=5 queue_latency_us=106 elapsed_us=3003694
2026-03-25T15:41:56.798636Z  INFO ThreadId(25) downlink_tx: sent tx_log_seq=49 sensor=Power sensor_seq=14 queue_latency_us=148 elapsed_us=3003694
2026-03-25T15:41:56.798645Z  INFO ThreadId(25) downlink_tx: sent tx_log_seq=50 sensor=Thermal sensor_seq=29 queue_latency_us=126 elapsed_us=3003694
2026-03-25T15:41:56.804589Z  INFO ThreadId(24) Task dispatched task="DataCompress" drift_us=7162
2026-03-25T15:41:56.825960Z  INFO ThreadId(24) Task dispatched task="HealthMonitor" drift_us=28535
2026-03-25T15:41:56.898478Z  INFO ThreadId(24) Task dispatched task="ThermalControl" drift_us=1054
2026-03-25T15:41:56.898483Z  INFO ThreadId(25) sensor_read sensor="thermal" seq=30 value=73.3925498149928 drift_us=1116 jitter_us=402 latency_us=0 elapsed_us=3103642
2026-03-25T15:41:56.898594Z  INFO ThreadId(22) downlink_tx: sent tx_log_seq=51 sensor=Thermal sensor_seq=30 queue_latency_us=111 elapsed_us=3103654
2026-03-25T15:41:56.998100Z  INFO ThreadId(02) sensor_read sensor="thermal" seq=31 value=49.609500553121165 drift_us=730 jitter_us=344 latency_us=0 elapsed_us=3203256
2026-03-25T15:41:56.998102Z  INFO ThreadId(22) Task dispatched task="ThermalControl" drift_us=673
2026-03-25T15:41:56.998126Z  INFO ThreadId(02) sensor_read sensor="power" seq=15 value=1.9408711118769504 drift_us=754 jitter_us=185 latency_us=0 elapsed_us=3203290
2026-03-25T15:41:56.998288Z  INFO ThreadId(24) downlink_tx: sent tx_log_seq=52 sensor=Power sensor_seq=15 queue_latency_us=148 elapsed_us=3203314
2026-03-25T15:41:56.998321Z  INFO ThreadId(24) downlink_tx: sent tx_log_seq=53 sensor=Thermal sensor_seq=31 queue_latency_us=227 elapsed_us=3203314
2026-03-25T15:41:57.098512Z  INFO ThreadId(02) Task dispatched task="ThermalControl" drift_us=1088
2026-03-25T15:41:57.098567Z  INFO ThreadId(21) sensor_read sensor="thermal" seq=32 value=25.377588338736384 drift_us=1191 jitter_us=847 latency_us=0 elapsed_us=3303717
2026-03-25T15:41:57.149588Z  INFO ThreadId(21) downlink_tx: sent tx_log_seq=54 sensor=Thermal sensor_seq=32 queue_latency_us=51020 elapsed_us=3354610
2026-03-25T15:41:57.198680Z  INFO ThreadId(02) Task dispatched task="ThermalControl" drift_us=1255
2026-03-25T15:41:57.198715Z  INFO ThreadId(21) sensor_read sensor="power" seq=16 value=0.7164116349050842 drift_us=1338 jitter_us=946 latency_us=0 elapsed_us=3403874
2026-03-25T15:41:57.198713Z  INFO ThreadId(22) sensor_read sensor="thermal" seq=33 value=31.19351479910016 drift_us=1334 jitter_us=318 latency_us=0 elapsed_us=3403860
2026-03-25T15:41:57.198815Z  INFO ThreadId(24) downlink_tx: sent tx_log_seq=55 sensor=Power sensor_seq=16 queue_latency_us=95 elapsed_us=3403895
2026-03-25T15:41:57.198845Z  INFO ThreadId(24) downlink_tx: sent tx_log_seq=56 sensor=Thermal sensor_seq=33 queue_latency_us=146 elapsed_us=3403895
2026-03-25T15:41:57.298365Z  INFO ThreadId(21) Task dispatched task="ThermalControl" drift_us=940
2026-03-25T15:41:57.298406Z  INFO ThreadId(25) sensor_read sensor="imu" seq=6 value=0.01949917384357916 drift_us=1026 jitter_us=688 latency_us=0 elapsed_us=3503566
2026-03-25T15:41:57.298407Z  INFO ThreadId(24) sensor_read sensor="thermal" seq=34 value=54.73280176503745 drift_us=1021 jitter_us=456 latency_us=1 elapsed_us=3503547
2026-03-25T15:41:57.298487Z  INFO ThreadId(21) downlink_tx: sent tx_log_seq=57 sensor=Thermal sensor_seq=34 queue_latency_us=101 elapsed_us=3503554
2026-03-25T15:41:57.298501Z  INFO ThreadId(21) downlink_tx: sent tx_log_seq=58 sensor=Imu sensor_seq=6 queue_latency_us=99 elapsed_us=3503554
2026-03-25T15:41:57.304501Z  INFO ThreadId(25) Task dispatched task="DataCompress" drift_us=7087
2026-03-25T15:41:57.398459Z  INFO ThreadId(21) Task dispatched task="ThermalControl" drift_us=1030
2026-03-25T15:41:57.398469Z  INFO ThreadId(25) sensor_read sensor="thermal" seq=35 value=41.79262948556238 drift_us=1099 jitter_us=391 latency_us=1 elapsed_us=3603625
2026-03-25T15:41:57.398528Z  INFO ThreadId(22) sensor_read sensor="power" seq=17 value=2.3335886940003943 drift_us=1136 jitter_us=786 latency_us=1 elapsed_us=3603672
2026-03-25T15:41:57.398557Z  INFO ThreadId(25) downlink_tx: sent tx_log_seq=59 sensor=Thermal sensor_seq=35 queue_latency_us=94 elapsed_us=3603662
2026-03-25T15:41:57.398570Z  INFO ThreadId(25) downlink_tx: sent tx_log_seq=60 sensor=Power sensor_seq=17 queue_latency_us=59 elapsed_us=3603662
2026-03-25T15:41:57.499492Z  INFO ThreadId(24) Task dispatched task="ThermalControl" drift_us=2059
2026-03-25T15:41:57.499492Z  INFO ThreadId(25) sensor_read sensor="thermal" seq=36 value=38.39897089733101 drift_us=2122 jitter_us=945 latency_us=0 elapsed_us=3704648
2026-03-25T15:41:57.499600Z  INFO ThreadId(22) downlink_tx: sent tx_log_seq=61 sensor=Thermal sensor_seq=36 queue_latency_us=111 elapsed_us=3704660
2026-03-25T15:41:57.598742Z  INFO ThreadId(25) Task dispatched task="ThermalControl" drift_us=1317
2026-03-25T15:41:57.598776Z  WARN ThreadId(22) JITTER EXCEEDED 1ms limit sensor="thermal" jitter_us=1745 consecutive_miss=1 limit_us=1000 elapsed_us=3803926
2026-03-25T15:41:57.598800Z  INFO ThreadId(22) sensor_read sensor="thermal" seq=37 value=44.28757661266269 drift_us=1400 jitter_us=1745 latency_us=0 elapsed_us=3803926
2026-03-25T15:41:57.598812Z  INFO ThreadId(21) sensor_read sensor="power" seq=18 value=4.336580406937301 drift_us=1430 jitter_us=496 latency_us=0 elapsed_us=3803966
2026-03-25T15:41:57.598936Z  INFO ThreadId(22) downlink_tx: sent tx_log_seq=62 sensor=Power sensor_seq=18 queue_latency_us=132 elapsed_us=3803985
2026-03-25T15:41:57.598958Z  INFO ThreadId(22) downlink_tx: sent tx_log_seq=63 sensor=Thermal sensor_seq=37 queue_latency_us=163 elapsed_us=3803985
2026-03-25T15:41:57.699883Z  INFO ThreadId(22) Task dispatched task="ThermalControl" drift_us=2458
2026-03-25T15:41:57.699909Z  WARN ThreadId(22) JITTER EXCEEDED 1ms limit sensor="thermal" jitter_us=1869 consecutive_miss=2 limit_us=1000 elapsed_us=3905073
2026-03-25T15:41:57.699914Z  INFO ThreadId(22) sensor_read sensor="thermal" seq=38 value=32.53582711247607 drift_us=2547 jitter_us=1869 latency_us=0 elapsed_us=3905073
2026-03-25T15:41:57.700053Z  INFO ThreadId(21) downlink_tx: sent tx_log_seq=64 sensor=Thermal sensor_seq=38 queue_latency_us=126 elapsed_us=3905084
2026-03-25T15:41:57.799246Z  INFO ThreadId(21) Task dispatched task="ThermalControl" drift_us=1822
2026-03-25T15:41:57.799271Z  WARN ThreadId(21) JITTER EXCEEDED 1ms limit sensor="thermal" jitter_us=1787 consecutive_miss=3 limit_us=1000 elapsed_us=4004433
2026-03-25T15:41:57.799277Z  INFO ThreadId(21) sensor_read sensor="thermal" seq=39 value=44.010978807295075 drift_us=1907 jitter_us=1787 latency_us=0 elapsed_us=4004433
2026-03-25T15:41:57.799293Z ERROR ThreadId(21) JITTER LIMIT VIOLATED (>1ms) sensor="imu" jitter_us=1004
2026-03-25T15:41:57.799294Z  INFO ThreadId(21) sensor_read sensor="imu" seq=7 value=0.09399141466971656 drift_us=1917 jitter_us=1004 latency_us=1 elapsed_us=4004457
2026-03-25T15:41:57.799292Z  INFO ThreadId(25) sensor_read sensor="power" seq=19 value=2.7093046367053066 drift_us=1894 jitter_us=170 latency_us=0 elapsed_us=4004430
2026-03-25T15:41:57.799433Z  INFO ThreadId(24) downlink_tx: sent tx_log_seq=65 sensor=Imu sensor_seq=7 queue_latency_us=132 elapsed_us=4004457
2026-03-25T15:41:57.799461Z  INFO ThreadId(24) downlink_tx: sent tx_log_seq=66 sensor=Power sensor_seq=19 queue_latency_us=194 elapsed_us=4004457
2026-03-25T15:41:57.799476Z  INFO ThreadId(24) downlink_tx: sent tx_log_seq=67 sensor=Thermal sensor_seq=39 queue_latency_us=200 elapsed_us=4004457
2026-03-25T15:41:57.805246Z  INFO ThreadId(22) Task dispatched task="DataCompress" drift_us=7827
2026-03-25T15:41:57.827171Z  INFO ThreadId(22) Task dispatched task="HealthMonitor" drift_us=29747
2026-03-25T15:41:57.898167Z  INFO ThreadId(22) Task dispatched task="ThermalControl" drift_us=741
2026-03-25T15:41:57.898205Z  INFO ThreadId(02) sensor_read sensor="thermal" seq=40 value=24.619592746392147 drift_us=838 jitter_us=429 latency_us=1 elapsed_us=4103364
2026-03-25T15:41:57.948313Z  INFO ThreadId(22) downlink_tx: sent tx_log_seq=68 sensor=Thermal sensor_seq=40 queue_latency_us=50098 elapsed_us=4153360
2026-03-25T15:41:57.999234Z  INFO ThreadId(02) Task dispatched task="ThermalControl" drift_us=1808
2026-03-25T15:41:57.999269Z  INFO ThreadId(02) sensor_read sensor="power" seq=20 value=4.709643017784659 drift_us=1895 jitter_us=463 latency_us=0 elapsed_us=4204431
2026-03-25T15:41:57.999268Z  WARN ThreadId(22) JITTER EXCEEDED 1ms limit sensor="thermal" jitter_us=2118 consecutive_miss=1 limit_us=1000 elapsed_us=4204413
2026-03-25T15:41:57.999285Z  INFO ThreadId(22) sensor_read sensor="thermal" seq=41 value=46.68502818098946 drift_us=1887 jitter_us=2118 latency_us=0 elapsed_us=4204413
2026-03-25T15:41:58.048294Z  INFO ThreadId(24) downlink_tx: sent tx_log_seq=69 sensor=Power sensor_seq=20 queue_latency_us=49012 elapsed_us=4253341
2026-03-25T15:41:58.048320Z  INFO ThreadId(24) downlink_tx: sent tx_log_seq=70 sensor=Thermal sensor_seq=41 queue_latency_us=49037 elapsed_us=4253341
2026-03-25T15:41:58.098502Z  INFO ThreadId(22) Task dispatched task="ThermalControl" drift_us=1076
2026-03-25T15:41:58.098527Z  WARN ThreadId(22) JITTER EXCEEDED 1ms limit sensor="thermal" jitter_us=1771 consecutive_miss=2 limit_us=1000 elapsed_us=4303691
2026-03-25T15:41:58.098533Z  INFO ThreadId(22) sensor_read sensor="thermal" seq=42 value=64.56461830165614 drift_us=1165 jitter_us=1771 latency_us=0 elapsed_us=4303691
2026-03-25T15:41:58.098683Z  INFO ThreadId(02) downlink_tx: sent tx_log_seq=71 sensor=Thermal sensor_seq=42 queue_latency_us=136 elapsed_us=4303702
2026-03-25T15:41:58.199108Z  INFO ThreadId(02) Task dispatched task="ThermalControl" drift_us=1683
2026-03-25T15:41:58.199118Z  WARN ThreadId(21) JITTER EXCEEDED 1ms limit sensor="thermal" jitter_us=1307 consecutive_miss=3 limit_us=1000 elapsed_us=4404276
2026-03-25T15:41:58.199128Z  INFO ThreadId(21) sensor_read sensor="thermal" seq=43 value=77.33996114652044 drift_us=1750 jitter_us=1307 latency_us=0 elapsed_us=4404276
2026-03-25T15:41:58.199160Z  INFO ThreadId(22) sensor_read sensor="power" seq=21 value=2.088429753429229 drift_us=1771 jitter_us=125 latency_us=0 elapsed_us=4404307
2026-03-25T15:41:58.199195Z  INFO ThreadId(21) downlink_tx: sent tx_log_seq=72 sensor=Thermal sensor_seq=43 queue_latency_us=67 elapsed_us=4404304
2026-03-25T15:41:58.199207Z  INFO ThreadId(21) downlink_tx: sent tx_log_seq=73 sensor=Power sensor_seq=21 queue_latency_us=63 elapsed_us=4404304
2026-03-25T15:41:58.299330Z  INFO ThreadId(21) Task dispatched task="ThermalControl" drift_us=1905
2026-03-25T15:41:58.299338Z  INFO ThreadId(24) sensor_read sensor="thermal" seq=44 value=74.49605925325329 drift_us=1968 jitter_us=367 latency_us=0 elapsed_us=4504494
2026-03-25T15:41:58.299358Z  INFO ThreadId(24) sensor_read sensor="imu" seq=8 value=-0.07287670287610548 drift_us=1981 jitter_us=827 latency_us=0 elapsed_us=4504521
2026-03-25T15:41:58.299451Z  INFO ThreadId(21) downlink_tx: sent tx_log_seq=74 sensor=Thermal sensor_seq=44 queue_latency_us=119 elapsed_us=4504518
2026-03-25T15:41:58.299465Z  INFO ThreadId(21) downlink_tx: sent tx_log_seq=75 sensor=Imu sensor_seq=8 queue_latency_us=107 elapsed_us=4504518
2026-03-25T15:41:58.305328Z  INFO ThreadId(24) Task dispatched task="DataCompress" drift_us=7913
2026-03-25T15:41:58.398547Z  INFO ThreadId(21) Task dispatched task="ThermalControl" drift_us=1122
2026-03-25T15:41:58.398586Z  INFO ThreadId(24) sensor_read sensor="thermal" seq=45 value=46.54435071885867 drift_us=1206 jitter_us=980 latency_us=0 elapsed_us=4603732
2026-03-25T15:41:58.398639Z  INFO ThreadId(22) sensor_read sensor="power" seq=22 value=0.9742769305471527 drift_us=1252 jitter_us=395 latency_us=1 elapsed_us=4603788
2026-03-25T15:41:58.398679Z  INFO ThreadId(02) downlink_tx: sent tx_log_seq=76 sensor=Thermal sensor_seq=45 queue_latency_us=104 elapsed_us=4603751
2026-03-25T15:41:58.398694Z  INFO ThreadId(02) downlink_tx: sent tx_log_seq=77 sensor=Power sensor_seq=22 queue_latency_us=68 elapsed_us=4603751
2026-03-25T15:41:58.499127Z  INFO ThreadId(24) Task dispatched task="ThermalControl" drift_us=1702
2026-03-25T15:41:58.499145Z  WARN ThreadId(02) JITTER EXCEEDED 1ms limit sensor="thermal" jitter_us=1336 consecutive_miss=1 limit_us=1000 elapsed_us=4704306
2026-03-25T15:41:58.499155Z  INFO ThreadId(02) sensor_read sensor="thermal" seq=46 value=28.189538731482223 drift_us=1780 jitter_us=1336 latency_us=0 elapsed_us=4704306
2026-03-25T15:41:58.499261Z  INFO ThreadId(25) downlink_tx: sent tx_log_seq=78 sensor=Thermal sensor_seq=46 queue_latency_us=104 elapsed_us=4704318
2026-03-25T15:41:58.599439Z  INFO ThreadId(24) Task dispatched task="ThermalControl" drift_us=2014
2026-03-25T15:41:58.599446Z  INFO ThreadId(25) sensor_read sensor="thermal" seq=47 value=46.6688426998966 drift_us=2077 jitter_us=277 latency_us=0 elapsed_us=4804603
2026-03-25T15:41:58.599464Z ERROR ThreadId(25) JITTER LIMIT VIOLATED (>1ms) sensor="power" jitter_us=1359
2026-03-25T15:41:58.599466Z  INFO ThreadId(25) sensor_read sensor="power" seq=23 value=3.9560257272577672 drift_us=2092 jitter_us=1359 latency_us=0 elapsed_us=4804628
2026-03-25T15:41:58.599546Z  INFO ThreadId(24) downlink_tx: sent tx_log_seq=79 sensor=Power sensor_seq=23 queue_latency_us=80 elapsed_us=4804631
2026-03-25T15:41:58.599561Z  INFO ThreadId(24) downlink_tx: sent tx_log_seq=80 sensor=Thermal sensor_seq=47 queue_latency_us=121 elapsed_us=4804631
2026-03-25T15:41:58.698401Z  INFO ThreadId(24) Task dispatched task="ThermalControl" drift_us=976
2026-03-25T15:41:58.698425Z  WARN ThreadId(24) JITTER EXCEEDED 1ms limit sensor="thermal" jitter_us=1311 consecutive_miss=1 limit_us=1000 elapsed_us=4903589
2026-03-25T15:41:58.698430Z  INFO ThreadId(24) sensor_read sensor="thermal" seq=48 value=58.3678060565266 drift_us=1063 jitter_us=1311 latency_us=0 elapsed_us=4903589
2026-03-25T15:41:58.748451Z  INFO ThreadId(25) downlink_tx: sent tx_log_seq=81 sensor=Thermal sensor_seq=48 queue_latency_us=50009 elapsed_us=4953498
2026-03-25T15:41:58.799523Z  INFO ThreadId(24) Task dispatched task="ThermalControl" drift_us=2098
2026-03-25T15:41:58.799532Z  INFO ThreadId(25) sensor_read sensor="power" seq=24 value=1.724993878297033 drift_us=2152 jitter_us=780 latency_us=0 elapsed_us=5004688
2026-03-25T15:41:58.799548Z  INFO ThreadId(25) sensor_read sensor="imu" seq=9 value=-0.05280115676556845 drift_us=2172 jitter_us=127 latency_us=0 elapsed_us=5004712
2026-03-25T15:41:58.799592Z  WARN ThreadId(02) JITTER EXCEEDED 1ms limit sensor="thermal" jitter_us=2161 consecutive_miss=2 limit_us=1000 elapsed_us=5004736
2026-03-25T15:41:58.799613Z  INFO ThreadId(02) sensor_read sensor="thermal" seq=49 value=43.28770800473941 drift_us=2210 jitter_us=2161 latency_us=0 elapsed_us=5004736
2026-03-25T15:41:58.799633Z  INFO ThreadId(24) downlink_tx: sent tx_log_seq=82 sensor=Power sensor_seq=24 queue_latency_us=106 elapsed_us=5004707
2026-03-25T15:41:58.799645Z  INFO ThreadId(24) downlink_tx: sent tx_log_seq=83 sensor=Imu sensor_seq=9 queue_latency_us=98 elapsed_us=5004707
2026-03-25T15:41:58.799654Z  INFO ThreadId(24) downlink_tx: sent tx_log_seq=84 sensor=Thermal sensor_seq=49 queue_latency_us=45 elapsed_us=5004707
2026-03-25T15:41:58.805580Z  INFO ThreadId(25) Task dispatched task="DataCompress" drift_us=8161
2026-03-25T15:41:58.812843Z  INFO ThreadId(21) uplink_rx: received cmd=Heartbeat seq=1 dispatch_latency_us=0 elapsed_us=5017989
2026-03-25T15:41:58.812881Z  INFO ThreadId(21) command executed cmd=Heartbeat
2026-03-25T15:41:58.827325Z  INFO ThreadId(21) Task dispatched task="HealthMonitor" drift_us=29900
2026-03-25T15:41:58.899153Z  INFO ThreadId(21) Task dispatched task="ThermalControl" drift_us=1727
2026-03-25T15:41:58.899156Z  WARN ThreadId(02) JITTER EXCEEDED 1ms limit sensor="thermal" jitter_us=1566 consecutive_miss=3 limit_us=1000 elapsed_us=5104317
2026-03-25T15:41:58.899172Z  INFO ThreadId(02) sensor_read sensor="thermal" seq=50 value=70.332616793572 drift_us=1791 jitter_us=1566 latency_us=0 elapsed_us=5104317
2026-03-25T15:41:58.948640Z  INFO ThreadId(25) downlink_tx: sent tx_log_seq=85 sensor=Thermal sensor_seq=50 queue_latency_us=49457 elapsed_us=5153688
2026-03-25T15:41:58.998601Z  INFO ThreadId(02) Task dispatched task="ThermalControl" drift_us=1176
2026-03-25T15:41:58.998612Z  INFO ThreadId(25) sensor_read sensor="thermal" seq=51 value=63.67622713731706 drift_us=1241 jitter_us=131 latency_us=0 elapsed_us=5203767
2026-03-25T15:41:58.998660Z  INFO ThreadId(22) sensor_read sensor="power" seq=25 value=3.223852356636878 drift_us=1272 jitter_us=940 latency_us=1 elapsed_us=5203808
2026-03-25T15:41:58.998701Z  INFO ThreadId(02) downlink_tx: sent tx_log_seq=86 sensor=Thermal sensor_seq=51 queue_latency_us=95 elapsed_us=5203794
2026-03-25T15:41:58.998721Z  INFO ThreadId(02) downlink_tx: sent tx_log_seq=87 sensor=Power sensor_seq=25 queue_latency_us=76 elapsed_us=5203794
2026-03-25T15:41:59.099280Z  INFO ThreadId(02) Task dispatched task="ThermalControl" drift_us=1856
2026-03-25T15:41:59.099300Z  WARN ThreadId(22) JITTER EXCEEDED 1ms limit sensor="thermal" jitter_us=1243 consecutive_miss=1 limit_us=1000 elapsed_us=5304460
2026-03-25T15:41:59.099309Z  INFO ThreadId(22) sensor_read sensor="thermal" seq=52 value=51.026961686706755 drift_us=1934 jitter_us=1243 latency_us=0 elapsed_us=5304460
2026-03-25T15:41:59.148594Z  INFO ThreadId(22) downlink_tx: sent tx_log_seq=88 sensor=Thermal sensor_seq=52 queue_latency_us=49274 elapsed_us=5353606
2026-03-25T15:41:59.198355Z  INFO ThreadId(02) Task dispatched task="ThermalControl" drift_us=931
2026-03-25T15:41:59.198384Z  INFO ThreadId(02) sensor_read sensor="power" seq=26 value=1.0954462943779357 drift_us=1009 jitter_us=617 latency_us=0 elapsed_us=5403545
2026-03-25T15:41:59.198396Z  WARN ThreadId(02) JITTER EXCEEDED 1ms limit sensor="thermal" jitter_us=1593 consecutive_miss=2 limit_us=1000 elapsed_us=5403560
2026-03-25T15:41:59.198400Z  INFO ThreadId(02) sensor_read sensor="thermal" seq=53 value=26.524225825757348 drift_us=1034 jitter_us=1593 latency_us=0 elapsed_us=5403560
2026-03-25T15:41:59.198611Z  INFO ThreadId(25) downlink_tx: sent tx_log_seq=89 sensor=Power sensor_seq=26 queue_latency_us=216 elapsed_us=5403639
2026-03-25T15:41:59.198647Z  INFO ThreadId(25) downlink_tx: sent tx_log_seq=90 sensor=Thermal sensor_seq=53 queue_latency_us=246 elapsed_us=5403639
2026-03-25T15:41:59.298308Z  INFO ThreadId(25) Task dispatched task="ThermalControl" drift_us=874
2026-03-25T15:41:59.298359Z  INFO ThreadId(22) sensor_read sensor="thermal" seq=54 value=34.02041802647149 drift_us=971 jitter_us=837 latency_us=0 elapsed_us=5503497
2026-03-25T15:41:59.298381Z ERROR ThreadId(02) JITTER LIMIT VIOLATED (>1ms) sensor="imu" jitter_us=1369
2026-03-25T15:41:59.298396Z  INFO ThreadId(02) sensor_read sensor="imu" seq=10 value=0.07580968121518392 drift_us=994 jitter_us=1369 latency_us=0 elapsed_us=5503534
2026-03-25T15:41:59.298523Z  INFO ThreadId(21) downlink_tx: sent tx_log_seq=91 sensor=Imu sensor_seq=10 queue_latency_us=145 elapsed_us=5503558
2026-03-25T15:41:59.298547Z  INFO ThreadId(21) downlink_tx: sent tx_log_seq=92 sensor=Thermal sensor_seq=54 queue_latency_us=211 elapsed_us=5503558
2026-03-25T15:41:59.304646Z  INFO ThreadId(22) Task dispatched task="DataCompress" drift_us=7226
2026-03-25T15:41:59.398418Z  INFO ThreadId(21) Task dispatched task="ThermalControl" drift_us=987
2026-03-25T15:41:59.398473Z  INFO ThreadId(02) sensor_read sensor="power" seq=27 value=2.708845895480573 drift_us=1094 jitter_us=348 latency_us=0 elapsed_us=5603630
2026-03-25T15:41:59.398464Z  INFO ThreadId(22) sensor_read sensor="thermal" seq=55 value=28.996218154554015 drift_us=1082 jitter_us=174 latency_us=0 elapsed_us=5603608
2026-03-25T15:41:59.398603Z  INFO ThreadId(24) downlink_tx: sent tx_log_seq=93 sensor=Power sensor_seq=27 queue_latency_us=132 elapsed_us=5603653
2026-03-25T15:41:59.398620Z  INFO ThreadId(24) downlink_tx: sent tx_log_seq=94 sensor=Thermal sensor_seq=55 queue_latency_us=174 elapsed_us=5603653
2026-03-25T15:41:59.499399Z  INFO ThreadId(24) Task dispatched task="ThermalControl" drift_us=1973
2026-03-25T15:41:59.499403Z  INFO ThreadId(25) sensor_read sensor="thermal" seq=56 value=60.573725901831125 drift_us=2037 jitter_us=844 latency_us=0 elapsed_us=5704563
2026-03-25T15:41:59.499504Z  INFO ThreadId(22) downlink_tx: sent tx_log_seq=95 sensor=Thermal sensor_seq=56 queue_latency_us=100 elapsed_us=5704578
2026-03-25T15:41:59.598874Z  INFO ThreadId(25) Task dispatched task="ThermalControl" drift_us=1436
2026-03-25T15:41:59.598895Z  WARN ThreadId(22) JITTER EXCEEDED 1ms limit sensor="thermal" jitter_us=1476 consecutive_miss=1 limit_us=1000 elapsed_us=5804042
2026-03-25T15:41:59.598916Z  INFO ThreadId(22) sensor_read sensor="thermal" seq=57 value=73.26415788185463 drift_us=1516 jitter_us=1476 latency_us=0 elapsed_us=5804042
2026-03-25T15:41:59.598940Z  INFO ThreadId(02) sensor_read sensor="power" seq=28 value=3.8455613997717815 drift_us=1549 jitter_us=370 latency_us=1 elapsed_us=5804085
2026-03-25T15:41:59.599079Z  INFO ThreadId(24) downlink_tx: sent tx_log_seq=96 sensor=Power sensor_seq=28 queue_latency_us=141 elapsed_us=5804102
2026-03-25T15:41:59.599111Z  INFO ThreadId(24) downlink_tx: sent tx_log_seq=97 sensor=Thermal sensor_seq=57 queue_latency_us=200 elapsed_us=5804102
2026-03-25T15:41:59.698961Z  INFO ThreadId(24) Task dispatched task="ThermalControl" drift_us=1530
2026-03-25T15:41:59.699043Z  INFO ThreadId(02) sensor_read sensor="thermal" seq=58 value=44.259420721979765 drift_us=1654 jitter_us=659 latency_us=0 elapsed_us=5904180
2026-03-25T15:41:59.748756Z  INFO ThreadId(24) downlink_tx: sent tx_log_seq=98 sensor=Thermal sensor_seq=58 queue_latency_us=49720 elapsed_us=5953740
2026-03-25T15:41:59.799258Z  INFO ThreadId(02) Task dispatched task="ThermalControl" drift_us=1832
2026-03-25T15:41:59.799261Z  INFO ThreadId(24) sensor_read sensor="power" seq=29 value=4.597876464167301 drift_us=1882 jitter_us=122 latency_us=0 elapsed_us=6004418
2026-03-25T15:41:59.799283Z  INFO ThreadId(02) sensor_read sensor="thermal" seq=59 value=47.48023894977749 drift_us=1920 jitter_us=128 latency_us=0 elapsed_us=6004446
2026-03-25T15:41:59.799302Z ERROR ThreadId(21) JITTER LIMIT VIOLATED (>1ms) sensor="imu" jitter_us=2083
2026-03-25T15:41:59.799308Z  INFO ThreadId(21) sensor_read sensor="imu" seq=11 value=-0.035092308331484245 drift_us=1899 jitter_us=2083 latency_us=0 elapsed_us=6004439
2026-03-25T15:41:59.799464Z  INFO ThreadId(22) downlink_tx: sent tx_log_seq=99 sensor=Imu sensor_seq=11 queue_latency_us=150 elapsed_us=6004472
2026-03-25T15:41:59.799497Z  INFO ThreadId(22) downlink_tx: sent tx_log_seq=100 sensor=Power sensor_seq=29 queue_latency_us=241 elapsed_us=6004472
2026-03-25T15:41:59.799511Z  INFO ThreadId(22) downlink_tx: sent tx_log_seq=101 sensor=Thermal sensor_seq=59 queue_latency_us=228 elapsed_us=6004472
2026-03-25T15:41:59.805368Z  INFO ThreadId(02) Task dispatched task="DataCompress" drift_us=7955
2026-03-25T15:41:59.827041Z  INFO ThreadId(02) Task dispatched task="HealthMonitor" drift_us=29617
2026-03-25T15:41:59.898180Z  INFO ThreadId(02) Task dispatched task="ThermalControl" drift_us=756
2026-03-25T15:41:59.898214Z  WARN ThreadId(25) JITTER EXCEEDED 1ms limit sensor="thermal" jitter_us=1337 consecutive_miss=1 limit_us=1000 elapsed_us=6103375
2026-03-25T15:41:59.898223Z  INFO ThreadId(25) sensor_read sensor="thermal" seq=60 value=65.35437348313569 drift_us=849 jitter_us=1337 latency_us=0 elapsed_us=6103375
2026-03-25T15:41:59.948680Z  INFO ThreadId(02) downlink_tx: sent tx_log_seq=102 sensor=Thermal sensor_seq=60 queue_latency_us=50437 elapsed_us=6153681
2026-03-25T15:41:59.999542Z  INFO ThreadId(25) Task dispatched task="ThermalControl" drift_us=2117
2026-03-25T15:41:59.999548Z  WARN ThreadId(02) JITTER EXCEEDED 1ms limit sensor="thermal" jitter_us=2402 consecutive_miss=2 limit_us=1000 elapsed_us=6204706
2026-03-25T15:41:59.999561Z  INFO ThreadId(02) sensor_read sensor="thermal" seq=61 value=24.987901896784752 drift_us=2180 jitter_us=2402 latency_us=0 elapsed_us=6204706
2026-03-25T15:41:59.999608Z  INFO ThreadId(22) sensor_read sensor="power" seq=30 value=0.5312446801850533 drift_us=2215 jitter_us=0 latency_us=0 elapsed_us=6204751
2026-03-25T15:41:59.999663Z  INFO ThreadId(25) downlink_tx: sent tx_log_seq=103 sensor=Thermal sensor_seq=61 queue_latency_us=100 elapsed_us=6204730
2026-03-25T15:41:59.999679Z  INFO ThreadId(25) downlink_tx: sent tx_log_seq=104 sensor=Power sensor_seq=30 queue_latency_us=90 elapsed_us=6204730
2026-03-25T15:42:00.099149Z  INFO ThreadId(25) Task dispatched task="ThermalControl" drift_us=1721
2026-03-25T15:42:00.099189Z  WARN ThreadId(24) JITTER EXCEEDED 1ms limit sensor="thermal" jitter_us=1696 consecutive_miss=3 limit_us=1000 elapsed_us=6304341
2026-03-25T15:42:00.099213Z  INFO ThreadId(24) sensor_read sensor="thermal" seq=62 value=29.771644239470515 drift_us=1815 jitter_us=1696 latency_us=0 elapsed_us=6304341
2026-03-25T15:42:00.148711Z  INFO ThreadId(22) downlink_tx: sent tx_log_seq=105 sensor=Thermal sensor_seq=62 queue_latency_us=49481 elapsed_us=6353697
2026-03-25T15:42:00.198372Z  INFO ThreadId(24) Task dispatched task="ThermalControl" drift_us=947
2026-03-25T15:42:00.198419Z ERROR ThreadId(21) JITTER LIMIT VIOLATED (>1ms) sensor="power" jitter_us=1507
2026-03-25T15:42:00.198414Z  INFO ThreadId(22) sensor_read sensor="thermal" seq=63 value=24.078713856901768 drift_us=1035 jitter_us=415 latency_us=1 elapsed_us=6403561
2026-03-25T15:42:00.198436Z  INFO ThreadId(21) sensor_read sensor="power" seq=31 value=2.911061678897376 drift_us=1041 jitter_us=1507 latency_us=0 elapsed_us=6403577
2026-03-25T15:42:00.198528Z  INFO ThreadId(25) downlink_tx: sent tx_log_seq=106 sensor=Power sensor_seq=31 queue_latency_us=109 elapsed_us=6403593
2026-03-25T15:42:00.198547Z  INFO ThreadId(25) downlink_tx: sent tx_log_seq=107 sensor=Thermal sensor_seq=63 queue_latency_us=147 elapsed_us=6403593
2026-03-25T15:42:00.298476Z  INFO ThreadId(25) Task dispatched task="ThermalControl" drift_us=1051
2026-03-25T15:42:00.298523Z ERROR ThreadId(21) JITTER LIMIT VIOLATED (>1ms) sensor="imu" jitter_us=1664
2026-03-25T15:42:00.298519Z  INFO ThreadId(22) sensor_read sensor="thermal" seq=64 value=71.81676123715677 drift_us=1138 jitter_us=883 latency_us=0 elapsed_us=6503664
2026-03-25T15:42:00.298534Z  INFO ThreadId(21) sensor_read sensor="imu" seq=12 value=-0.07229555959426365 drift_us=1140 jitter_us=1664 latency_us=0 elapsed_us=6503680
2026-03-25T15:42:00.298602Z  INFO ThreadId(02) downlink_tx: sent tx_log_seq=108 sensor=Imu sensor_seq=12 queue_latency_us=80 elapsed_us=6503696
2026-03-25T15:42:00.298625Z  INFO ThreadId(02) downlink_tx: sent tx_log_seq=109 sensor=Thermal sensor_seq=64 queue_latency_us=123 elapsed_us=6503696
2026-03-25T15:42:00.304577Z  INFO ThreadId(24) Task dispatched task="DataCompress" drift_us=7150
2026-03-25T15:42:00.398202Z  INFO ThreadId(02) Task dispatched task="ThermalControl" drift_us=777
2026-03-25T15:42:00.398238Z  INFO ThreadId(24) sensor_read sensor="thermal" seq=65 value=31.061216557097335 drift_us=860 jitter_us=381 latency_us=0 elapsed_us=6603386
2026-03-25T15:42:00.398246Z  INFO ThreadId(22) sensor_read sensor="power" seq=32 value=2.3074361396339214 drift_us=867 jitter_us=1000 latency_us=0 elapsed_us=6603403
2026-03-25T15:42:00.398393Z  INFO ThreadId(21) downlink_tx: sent tx_log_seq=110 sensor=Power sensor_seq=32 queue_latency_us=146 elapsed_us=6603432
2026-03-25T15:42:00.398419Z  INFO ThreadId(21) downlink_tx: sent tx_log_seq=111 sensor=Thermal sensor_seq=65 queue_latency_us=194 elapsed_us=6603432
2026-03-25T15:42:00.498630Z  INFO ThreadId(21) Task dispatched task="ThermalControl" drift_us=1205
2026-03-25T15:42:00.498665Z  INFO ThreadId(21) sensor_read sensor="thermal" seq=66 value=24.684571968196888 drift_us=1301 jitter_us=719 latency_us=0 elapsed_us=6703827
2026-03-25T15:42:00.549453Z  INFO ThreadId(25) downlink_tx: sent tx_log_seq=112 sensor=Thermal sensor_seq=66 queue_latency_us=50776 elapsed_us=6754503
2026-03-25T15:42:00.598593Z  INFO ThreadId(21) Task dispatched task="ThermalControl" drift_us=1168
2026-03-25T15:42:00.598626Z  INFO ThreadId(25) sensor_read sensor="thermal" seq=67 value=73.41720474535845 drift_us=1242 jitter_us=500 latency_us=1 elapsed_us=6803768
2026-03-25T15:42:00.598651Z  INFO ThreadId(22) sensor_read sensor="power" seq=33 value=3.2001161059856713 drift_us=1273 jitter_us=580 latency_us=0 elapsed_us=6803809
2026-03-25T15:42:00.598716Z  INFO ThreadId(21) downlink_tx: sent tx_log_seq=113 sensor=Thermal sensor_seq=67 queue_latency_us=108 elapsed_us=6803782
2026-03-25T15:42:00.598731Z  INFO ThreadId(21) downlink_tx: sent tx_log_seq=114 sensor=Power sensor_seq=33 queue_latency_us=85 elapsed_us=6803782
2026-03-25T15:42:00.699511Z  INFO ThreadId(02) Task dispatched task="ThermalControl" drift_us=2085
2026-03-25T15:42:00.699536Z  INFO ThreadId(02) sensor_read sensor="thermal" seq=68 value=47.09031165695947 drift_us=2172 jitter_us=989 latency_us=1 elapsed_us=6904698
2026-03-25T15:42:00.699657Z  INFO ThreadId(22) downlink_tx: sent tx_log_seq=115 sensor=Thermal sensor_seq=68 queue_latency_us=111 elapsed_us=6904702
2026-03-25T15:42:00.799187Z  INFO ThreadId(22) Task dispatched task="ThermalControl" drift_us=1762
2026-03-25T15:42:00.799192Z  INFO ThreadId(02) sensor_read sensor="power" seq=34 value=2.616611109720522 drift_us=1813 jitter_us=134 latency_us=0 elapsed_us=7004349
2026-03-25T15:42:00.799217Z ERROR ThreadId(02) JITTER LIMIT VIOLATED (>1ms) sensor="imu" jitter_us=1459
2026-03-25T15:42:00.799220Z  INFO ThreadId(02) sensor_read sensor="imu" seq=13 value=-0.059174522984385594 drift_us=1840 jitter_us=1459 latency_us=0 elapsed_us=7004380
2026-03-25T15:42:00.799225Z  WARN ThreadId(02) JITTER EXCEEDED 1ms limit sensor="thermal" jitter_us=1238 consecutive_miss=1 limit_us=1000 elapsed_us=7004390
2026-03-25T15:42:00.799228Z  INFO ThreadId(02) sensor_read sensor="thermal" seq=69 value=74.95573462684031 drift_us=1864 jitter_us=1238 latency_us=0 elapsed_us=7004390
2026-03-25T15:42:00.799296Z  INFO ThreadId(22) downlink_tx: sent tx_log_seq=116 sensor=Power sensor_seq=34 queue_latency_us=109 elapsed_us=7004376
2026-03-25T15:42:00.799311Z  INFO ThreadId(22) downlink_tx: sent tx_log_seq=117 sensor=Imu sensor_seq=13 queue_latency_us=94 elapsed_us=7004376
2026-03-25T15:42:00.799320Z  INFO ThreadId(22) downlink_tx: sent tx_log_seq=118 sensor=Thermal sensor_seq=69 queue_latency_us=91 elapsed_us=7004376
2026-03-25T15:42:00.805501Z  INFO ThreadId(21) Task dispatched task="DataCompress" drift_us=8074
2026-03-25T15:42:00.826793Z  INFO ThreadId(21) Task dispatched task="HealthMonitor" drift_us=29368
2026-03-25T15:42:00.898523Z  INFO ThreadId(21) Task dispatched task="ThermalControl" drift_us=1097
2026-03-25T15:42:00.898529Z  INFO ThreadId(22) sensor_read sensor="thermal" seq=70 value=79.33822696715649 drift_us=1161 jitter_us=395 latency_us=0 elapsed_us=7103687
2026-03-25T15:42:00.898687Z  INFO ThreadId(02) downlink_tx: sent tx_log_seq=119 sensor=Thermal sensor_seq=70 queue_latency_us=148 elapsed_us=7103716
2026-03-25T15:42:00.999565Z  INFO ThreadId(02) Task dispatched task="ThermalControl" drift_us=2140
2026-03-25T15:42:00.999570Z  WARN ThreadId(22) JITTER EXCEEDED 1ms limit sensor="thermal" jitter_us=1743 consecutive_miss=1 limit_us=1000 elapsed_us=7204727
2026-03-25T15:42:00.999586Z  INFO ThreadId(22) sensor_read sensor="thermal" seq=71 value=26.10915351302408 drift_us=2201 jitter_us=1743 latency_us=1 elapsed_us=7204727
2026-03-25T15:42:00.999616Z  INFO ThreadId(25) sensor_read sensor="power" seq=35 value=2.308814572055993 drift_us=2229 jitter_us=124 latency_us=0 elapsed_us=7204765
2026-03-25T15:42:00.999688Z  INFO ThreadId(22) downlink_tx: sent tx_log_seq=120 sensor=Thermal sensor_seq=71 queue_latency_us=102 elapsed_us=7204763
2026-03-25T15:42:00.999703Z  INFO ThreadId(22) downlink_tx: sent tx_log_seq=121 sensor=Power sensor_seq=35 queue_latency_us=101 elapsed_us=7204763
2026-03-25T15:42:01.098181Z  INFO ThreadId(22) Task dispatched task="ThermalControl" drift_us=756
2026-03-25T15:42:01.098215Z  WARN ThreadId(21) JITTER EXCEEDED 1ms limit sensor="thermal" jitter_us=2392 consecutive_miss=2 limit_us=1000 elapsed_us=7303375
2026-03-25T15:42:01.098224Z  INFO ThreadId(21) sensor_read sensor="thermal" seq=72 value=75.540349952087 drift_us=849 jitter_us=2392 latency_us=0 elapsed_us=7303375
2026-03-25T15:42:01.148696Z  INFO ThreadId(21) downlink_tx: sent tx_log_seq=122 sensor=Thermal sensor_seq=72 queue_latency_us=50460 elapsed_us=7353745
2026-03-25T15:42:01.198681Z  INFO ThreadId(25) Task dispatched task="ThermalControl" drift_us=1257
2026-03-25T15:42:01.198687Z  WARN ThreadId(21) JITTER EXCEEDED 1ms limit sensor="thermal" jitter_us=1822 consecutive_miss=3 limit_us=1000 elapsed_us=7403845
2026-03-25T15:42:01.198701Z  INFO ThreadId(21) sensor_read sensor="thermal" seq=73 value=53.72583391358458 drift_us=1319 jitter_us=1822 latency_us=0 elapsed_us=7403845
2026-03-25T15:42:01.198731Z ERROR ThreadId(22) JITTER LIMIT VIOLATED (>1ms) sensor="power" jitter_us=1302
2026-03-25T15:42:01.198753Z  INFO ThreadId(22) sensor_read sensor="power" seq=36 value=0.6677645774890947 drift_us=1343 jitter_us=1302 latency_us=0 elapsed_us=7403879
2026-03-25T15:42:01.198796Z  INFO ThreadId(21) downlink_tx: sent tx_log_seq=123 sensor=Thermal sensor_seq=73 queue_latency_us=96 elapsed_us=7403878
2026-03-25T15:42:01.198811Z  INFO ThreadId(21) downlink_tx: sent tx_log_seq=124 sensor=Power sensor_seq=36 queue_latency_us=95 elapsed_us=7403878
2026-03-25T15:42:01.298461Z  INFO ThreadId(21) Task dispatched task="ThermalControl" drift_us=1036
2026-03-25T15:42:01.298498Z  INFO ThreadId(02) sensor_read sensor="thermal" seq=74 value=23.466782176103823 drift_us=1118 jitter_us=671 latency_us=0 elapsed_us=7503644
2026-03-25T15:42:01.298567Z ERROR ThreadId(25) JITTER LIMIT VIOLATED (>1ms) sensor="imu" jitter_us=1359
2026-03-25T15:42:01.298582Z  INFO ThreadId(25) sensor_read sensor="imu" seq=14 value=-0.03171853962617269 drift_us=1181 jitter_us=1359 latency_us=1 elapsed_us=7503721
2026-03-25T15:42:01.298588Z  INFO ThreadId(21) downlink_tx: sent tx_log_seq=125 sensor=Thermal sensor_seq=74 queue_latency_us=106 elapsed_us=7503650
2026-03-25T15:42:01.298601Z  INFO ThreadId(21) downlink_tx: sent tx_log_seq=126 sensor=Imu sensor_seq=14 queue_latency_us=43 elapsed_us=7503650
2026-03-25T15:42:01.304486Z  INFO ThreadId(24) Task dispatched task="DataCompress" drift_us=7073
2026-03-25T15:42:01.399477Z  WARN ThreadId(21) JITTER EXCEEDED 1ms limit sensor="thermal" jitter_us=1192 consecutive_miss=1 limit_us=1000 elapsed_us=7604635
2026-03-25T15:42:01.399472Z  INFO ThreadId(24) Task dispatched task="ThermalControl" drift_us=2047
2026-03-25T15:42:01.399489Z ERROR ThreadId(25) JITTER LIMIT VIOLATED (>1ms) sensor="power" jitter_us=1655
2026-03-25T15:42:01.399490Z  INFO ThreadId(21) sensor_read sensor="thermal" seq=75 value=70.17018134531345 drift_us=2109 jitter_us=1192 latency_us=0 elapsed_us=7604635
2026-03-25T15:42:01.399496Z  INFO ThreadId(25) sensor_read sensor="power" seq=37 value=1.3800133919901216 drift_us=2112 jitter_us=1655 latency_us=0 elapsed_us=7604648
2026-03-25T15:42:01.399581Z  INFO ThreadId(21) downlink_tx: sent tx_log_seq=127 sensor=Power sensor_seq=37 queue_latency_us=95 elapsed_us=7604669
2026-03-25T15:42:01.399595Z  INFO ThreadId(21) downlink_tx: sent tx_log_seq=128 sensor=Thermal sensor_seq=75 queue_latency_us=106 elapsed_us=7604669
2026-03-25T15:42:01.499813Z  INFO ThreadId(24) Task dispatched task="ThermalControl" drift_us=2388
2026-03-25T15:42:01.499833Z  INFO ThreadId(21) sensor_read sensor="thermal" seq=76 value=29.40433659298225 drift_us=2466 jitter_us=634 latency_us=0 elapsed_us=7704992
2026-03-25T15:42:01.499944Z  INFO ThreadId(25) downlink_tx: sent tx_log_seq=129 sensor=Thermal sensor_seq=76 queue_latency_us=111 elapsed_us=7705006
2026-03-25T15:42:01.599141Z  INFO ThreadId(24) Task dispatched task="ThermalControl" drift_us=1717
2026-03-25T15:42:01.599148Z  WARN ThreadId(25) JITTER EXCEEDED 1ms limit sensor="thermal" jitter_us=1043 consecutive_miss=1 limit_us=1000 elapsed_us=7804306
2026-03-25T15:42:01.599160Z  INFO ThreadId(25) sensor_read sensor="thermal" seq=77 value=78.86813363877323 drift_us=1780 jitter_us=1043 latency_us=0 elapsed_us=7804306
2026-03-25T15:42:01.599170Z ERROR ThreadId(25) JITTER LIMIT VIOLATED (>1ms) sensor="power" jitter_us=1082
2026-03-25T15:42:01.599172Z  INFO ThreadId(25) sensor_read sensor="power" seq=38 value=2.356963574276466 drift_us=1799 jitter_us=1082 latency_us=0 elapsed_us=7804335
2026-03-25T15:42:01.599233Z  INFO ThreadId(24) downlink_tx: sent tx_log_seq=130 sensor=Thermal sensor_seq=77 queue_latency_us=73 elapsed_us=7804329
2026-03-25T15:42:01.599246Z  INFO ThreadId(24) downlink_tx: sent tx_log_seq=131 sensor=Power sensor_seq=38 queue_latency_us=76 elapsed_us=7804329
2026-03-25T15:42:01.698389Z  INFO ThreadId(24) Task dispatched task="ThermalControl" drift_us=964
2026-03-25T15:42:01.698445Z  INFO ThreadId(25) sensor_read sensor="thermal" seq=78 value=79.58779445344263 drift_us=1067 jitter_us=27 latency_us=0 elapsed_us=7903593
2026-03-25T15:42:01.748676Z  INFO ThreadId(24) downlink_tx: sent tx_log_seq=132 sensor=Thermal sensor_seq=78 queue_latency_us=50231 elapsed_us=7953723
2026-03-25T15:42:01.798645Z  INFO ThreadId(25) Task dispatched task="ThermalControl" drift_us=1218
2026-03-25T15:42:01.798653Z  INFO ThreadId(24) sensor_read sensor="power" seq=39 value=4.443700768226478 drift_us=1276 jitter_us=210 latency_us=0 elapsed_us=8003812
2026-03-25T15:42:01.798670Z  INFO ThreadId(25) sensor_read sensor="thermal" seq=79 value=48.18759490098947 drift_us=1307 jitter_us=953 latency_us=0 elapsed_us=8003833
2026-03-25T15:42:01.798673Z  INFO ThreadId(24) sensor_read sensor="imu" seq=15 value=0.05070471928966072 drift_us=1296 jitter_us=774 latency_us=0 elapsed_us=8003836
2026-03-25T15:42:01.798744Z  INFO ThreadId(25) downlink_tx: sent tx_log_seq=133 sensor=Imu sensor_seq=15 queue_latency_us=71 elapsed_us=8003845
2026-03-25T15:42:01.798759Z  INFO ThreadId(25) downlink_tx: sent tx_log_seq=134 sensor=Power sensor_seq=39 queue_latency_us=110 elapsed_us=8003845
2026-03-25T15:42:01.798770Z  INFO ThreadId(25) downlink_tx: sent tx_log_seq=135 sensor=Thermal sensor_seq=79 queue_latency_us=101 elapsed_us=8003845
2026-03-25T15:42:01.805511Z  INFO ThreadId(02) Task dispatched task="DataCompress" drift_us=8089
2026-03-25T15:42:01.826144Z  INFO ThreadId(02) Task dispatched task="HealthMonitor" drift_us=28719
2026-03-25T15:42:01.898536Z  INFO ThreadId(02) Task dispatched task="ThermalControl" drift_us=1109
2026-03-25T15:42:01.898583Z  INFO ThreadId(21) sensor_read sensor="thermal" seq=80 value=62.94664182400334 drift_us=1201 jitter_us=346 latency_us=1 elapsed_us=8103727
2026-03-25T15:42:01.898681Z  INFO ThreadId(02) downlink_tx: sent tx_log_seq=136 sensor=Thermal sensor_seq=80 queue_latency_us=114 elapsed_us=8103730
2026-03-25T15:42:01.998260Z  INFO ThreadId(02) Task dispatched task="ThermalControl" drift_us=835
2026-03-25T15:42:01.998268Z  INFO ThreadId(24) sensor_read sensor="thermal" seq=81 value=70.09006141836332 drift_us=898 jitter_us=197 latency_us=0 elapsed_us=8203424
2026-03-25T15:42:01.998280Z  INFO ThreadId(21) sensor_read sensor="power" seq=40 value=4.647966642161898 drift_us=903 jitter_us=150 latency_us=0 elapsed_us=8203439
2026-03-25T15:42:01.998377Z  INFO ThreadId(24) downlink_tx: sent tx_log_seq=137 sensor=Power sensor_seq=40 queue_latency_us=102 elapsed_us=8203449
2026-03-25T15:42:01.998393Z  INFO ThreadId(24) downlink_tx: sent tx_log_seq=138 sensor=Thermal sensor_seq=81 queue_latency_us=132 elapsed_us=8203449
2026-03-25T15:42:02.098383Z  INFO ThreadId(24) Task dispatched task="ThermalControl" drift_us=957
2026-03-25T15:42:02.098431Z  INFO ThreadId(21) sensor_read sensor="thermal" seq=82 value=61.56669293252959 drift_us=1051 jitter_us=456 latency_us=0 elapsed_us=8303577
2026-03-25T15:42:02.149224Z  INFO ThreadId(25) downlink_tx: sent tx_log_seq=139 sensor=Thermal sensor_seq=82 queue_latency_us=50796 elapsed_us=8354272
2026-03-25T15:42:02.198404Z  INFO ThreadId(21) Task dispatched task="ThermalControl" drift_us=981
2026-03-25T15:42:02.198407Z  INFO ThreadId(25) sensor_read sensor="thermal" seq=83 value=72.886067832561 drift_us=1039 jitter_us=165 latency_us=0 elapsed_us=8403565
2026-03-25T15:42:02.198428Z  INFO ThreadId(21) sensor_read sensor="power" seq=41 value=1.1339763879826426 drift_us=1056 jitter_us=526 latency_us=0 elapsed_us=8403592
2026-03-25T15:42:02.198529Z  INFO ThreadId(02) downlink_tx: sent tx_log_seq=140 sensor=Power sensor_seq=41 queue_latency_us=97 elapsed_us=8403599
2026-03-25T15:42:02.198547Z  INFO ThreadId(02) downlink_tx: sent tx_log_seq=141 sensor=Thermal sensor_seq=83 queue_latency_us=145 elapsed_us=8403599
2026-03-25T15:42:02.298266Z  INFO ThreadId(02) Task dispatched task="ThermalControl" drift_us=841
2026-03-25T15:42:02.298298Z  INFO ThreadId(22) sensor_read sensor="imu" seq=16 value=-0.07053613199212277 drift_us=916 jitter_us=495 latency_us=0 elapsed_us=8503456
2026-03-25T15:42:02.298297Z  INFO ThreadId(25) sensor_read sensor="thermal" seq=84 value=74.87646223696663 drift_us=918 jitter_us=109 latency_us=0 elapsed_us=8503444
2026-03-25T15:42:02.298439Z  INFO ThreadId(21) downlink_tx: sent tx_log_seq=142 sensor=Imu sensor_seq=16 queue_latency_us=138 elapsed_us=8503477
2026-03-25T15:42:02.298466Z  INFO ThreadId(21) downlink_tx: sent tx_log_seq=143 sensor=Thermal sensor_seq=84 queue_latency_us=184 elapsed_us=8503477
2026-03-25T15:42:02.304553Z  INFO ThreadId(22) Task dispatched task="DataCompress" drift_us=7134
2026-03-25T15:42:02.398534Z  INFO ThreadId(22) Task dispatched task="ThermalControl" drift_us=1110
2026-03-25T15:42:02.398544Z  INFO ThreadId(21) sensor_read sensor="thermal" seq=85 value=71.55011801452395 drift_us=1175 jitter_us=378 latency_us=0 elapsed_us=8603701
2026-03-25T15:42:02.398559Z  INFO ThreadId(22) sensor_read sensor="power" seq=42 value=3.7498272280377414 drift_us=1186 jitter_us=23 latency_us=0 elapsed_us=8603722
2026-03-25T15:42:02.398655Z  INFO ThreadId(24) downlink_tx: sent tx_log_seq=144 sensor=Thermal sensor_seq=85 queue_latency_us=112 elapsed_us=8603721
2026-03-25T15:42:02.398672Z  INFO ThreadId(24) downlink_tx: sent tx_log_seq=145 sensor=Power sensor_seq=42 queue_latency_us=113 elapsed_us=8603721
2026-03-25T15:42:02.498549Z  INFO ThreadId(22) Task dispatched task="ThermalControl" drift_us=1122
2026-03-25T15:42:02.498598Z  INFO ThreadId(22) sensor_read sensor="thermal" seq=86 value=20.990301505111248 drift_us=1223 jitter_us=209 latency_us=0 elapsed_us=8703749
2026-03-25T15:42:02.549546Z  INFO ThreadId(25) downlink_tx: sent tx_log_seq=146 sensor=Thermal sensor_seq=86 queue_latency_us=50939 elapsed_us=8754593
2026-03-25T15:42:02.598490Z  INFO ThreadId(22) Task dispatched task="ThermalControl" drift_us=1065
2026-03-25T15:42:02.598531Z  INFO ThreadId(25) sensor_read sensor="thermal" seq=87 value=53.5827667799507 drift_us=1153 jitter_us=118 latency_us=0 elapsed_us=8803679
2026-03-25T15:42:02.598551Z  INFO ThreadId(21) sensor_read sensor="power" seq=43 value=1.1813105859999764 drift_us=1172 jitter_us=144 latency_us=0 elapsed_us=8803708
2026-03-25T15:42:02.598661Z  INFO ThreadId(24) downlink_tx: sent tx_log_seq=147 sensor=Thermal sensor_seq=87 queue_latency_us=136 elapsed_us=8803696
2026-03-25T15:42:02.598688Z  INFO ThreadId(24) downlink_tx: sent tx_log_seq=148 sensor=Power sensor_seq=43 queue_latency_us=143 elapsed_us=8803696
2026-03-25T15:42:02.698197Z  INFO ThreadId(02) Task dispatched task="ThermalControl" drift_us=773
2026-03-25T15:42:02.698225Z  INFO ThreadId(21) sensor_read sensor="thermal" seq=88 value=63.58521709524713 drift_us=857 jitter_us=226 latency_us=0 elapsed_us=8903383
2026-03-25T15:42:02.698336Z  INFO ThreadId(21) downlink_tx: sent tx_log_seq=149 sensor=Thermal sensor_seq=88 queue_latency_us=116 elapsed_us=8903383
2026-03-25T15:42:02.798503Z  INFO ThreadId(25) Task dispatched task="ThermalControl" drift_us=1080
2026-03-25T15:42:02.798510Z  INFO ThreadId(21) sensor_read sensor="power" seq=44 value=4.545077611630364 drift_us=1130 jitter_us=28 latency_us=0 elapsed_us=9003666
2026-03-25T15:42:02.798522Z  INFO ThreadId(02) sensor_read sensor="imu" seq=17 value=-0.04904728850298326 drift_us=1141 jitter_us=605 latency_us=0 elapsed_us=9003681
2026-03-25T15:42:02.798526Z  INFO ThreadId(25) sensor_read sensor="thermal" seq=89 value=66.18462361301562 drift_us=1163 jitter_us=602 latency_us=0 elapsed_us=9003689
2026-03-25T15:42:02.798690Z  INFO ThreadId(24) downlink_tx: sent tx_log_seq=150 sensor=Imu sensor_seq=17 queue_latency_us=158 elapsed_us=9003712
2026-03-25T15:42:02.798723Z  INFO ThreadId(24) downlink_tx: sent tx_log_seq=151 sensor=Power sensor_seq=44 queue_latency_us=218 elapsed_us=9003712
2026-03-25T15:42:02.798737Z  INFO ThreadId(24) downlink_tx: sent tx_log_seq=152 sensor=Thermal sensor_seq=89 queue_latency_us=212 elapsed_us=9003712
2026-03-25T15:42:02.805411Z  INFO ThreadId(02) Task dispatched task="DataCompress" drift_us=7988
2026-03-25T15:42:02.826432Z  INFO ThreadId(02) Task dispatched task="HealthMonitor" drift_us=29004
2026-03-25T15:42:02.899405Z  INFO ThreadId(02) Task dispatched task="ThermalControl" drift_us=1975
2026-03-25T15:42:02.899409Z  INFO ThreadId(24) sensor_read sensor="thermal" seq=90 value=53.96253240924902 drift_us=2041 jitter_us=572 latency_us=0 elapsed_us=9104567
2026-03-25T15:42:02.899598Z  INFO ThreadId(22) downlink_tx: sent tx_log_seq=153 sensor=Thermal sensor_seq=90 queue_latency_us=185 elapsed_us=9104607
2026-03-25T15:42:02.998143Z  INFO ThreadId(22) Task dispatched task="ThermalControl" drift_us=718
2026-03-25T15:42:02.998172Z  WARN ThreadId(24) JITTER EXCEEDED 1ms limit sensor="thermal" jitter_us=2120 consecutive_miss=1 limit_us=1000 elapsed_us=9203325
2026-03-25T15:42:02.998190Z  INFO ThreadId(24) sensor_read sensor="thermal" seq=91 value=72.54446324543986 drift_us=799 jitter_us=2120 latency_us=0 elapsed_us=9203325
2026-03-25T15:42:02.998202Z  INFO ThreadId(24) sensor_read sensor="power" seq=45 value=2.96517791315244 drift_us=829 jitter_us=259 latency_us=0 elapsed_us=9203365
2026-03-25T15:42:02.998270Z  INFO ThreadId(24) downlink_tx: sent tx_log_seq=154 sensor=Power sensor_seq=45 queue_latency_us=67 elapsed_us=9203376
2026-03-25T15:42:02.998284Z  INFO ThreadId(24) downlink_tx: sent tx_log_seq=155 sensor=Thermal sensor_seq=91 queue_latency_us=96 elapsed_us=9203376
2026-03-25T15:42:03.099248Z  INFO ThreadId(24) Task dispatched task="ThermalControl" drift_us=1824
2026-03-25T15:42:03.099275Z  WARN ThreadId(24) JITTER EXCEEDED 1ms limit sensor="thermal" jitter_us=2356 consecutive_miss=2 limit_us=1000 elapsed_us=9304439
2026-03-25T15:42:03.099281Z  INFO ThreadId(24) sensor_read sensor="thermal" seq=92 value=44.432542507624426 drift_us=1913 jitter_us=2356 latency_us=0 elapsed_us=9304439
2026-03-25T15:42:03.099414Z  INFO ThreadId(22) downlink_tx: sent tx_log_seq=156 sensor=Thermal sensor_seq=92 queue_latency_us=121 elapsed_us=9304444
2026-03-25T15:42:03.198170Z  INFO ThreadId(22) Task dispatched task="ThermalControl" drift_us=746
2026-03-25T15:42:03.198179Z  WARN ThreadId(24) JITTER EXCEEDED 1ms limit sensor="thermal" jitter_us=2218 consecutive_miss=3 limit_us=1000 elapsed_us=9403335
2026-03-25T15:42:03.198188Z  INFO ThreadId(24) sensor_read sensor="thermal" seq=93 value=31.99015754089406 drift_us=809 jitter_us=2218 latency_us=0 elapsed_us=9403335
2026-03-25T15:42:03.198197Z  INFO ThreadId(24) sensor_read sensor="power" seq=46 value=0.8360784139636213 drift_us=825 jitter_us=297 latency_us=0 elapsed_us=9403361
2026-03-25T15:42:03.198241Z  INFO ThreadId(22) downlink_tx: sent tx_log_seq=157 sensor=Thermal sensor_seq=93 queue_latency_us=54 elapsed_us=9403355
2026-03-25T15:42:03.198253Z  INFO ThreadId(22) downlink_tx: sent tx_log_seq=158 sensor=Power sensor_seq=46 queue_latency_us=57 elapsed_us=9403355
2026-03-25T15:42:03.298533Z  INFO ThreadId(25) Task dispatched task="ThermalControl" drift_us=1108
2026-03-25T15:42:03.298541Z  WARN ThreadId(22) JITTER EXCEEDED 1ms limit sensor="thermal" jitter_us=1467 consecutive_miss=4 limit_us=1000 elapsed_us=9503698
2026-03-25T15:42:03.298553Z  INFO ThreadId(22) sensor_read sensor="thermal" seq=94 value=34.92117839867839 drift_us=1172 jitter_us=1467 latency_us=0 elapsed_us=9503698
2026-03-25T15:42:03.298585Z  INFO ThreadId(24) sensor_read sensor="imu" seq=18 value=0.041866983818021175 drift_us=1192 jitter_us=174 latency_us=0 elapsed_us=9503732
2026-03-25T15:42:03.298643Z  INFO ThreadId(22) downlink_tx: sent tx_log_seq=159 sensor=Thermal sensor_seq=94 queue_latency_us=91 elapsed_us=9503728
2026-03-25T15:42:03.298656Z  INFO ThreadId(22) downlink_tx: sent tx_log_seq=160 sensor=Imu sensor_seq=18 queue_latency_us=87 elapsed_us=9503728
2026-03-25T15:42:03.304586Z  INFO ThreadId(02) Task dispatched task="DataCompress" drift_us=7168
2026-03-25T15:42:03.398285Z  INFO ThreadId(22) Task dispatched task="ThermalControl" drift_us=860
2026-03-25T15:42:03.398292Z  INFO ThreadId(02) sensor_read sensor="thermal" seq=95 value=77.4449743198474 drift_us=923 jitter_us=612 latency_us=0 elapsed_us=9603449
2026-03-25T15:42:03.398318Z  INFO ThreadId(25) sensor_read sensor="power" seq=47 value=3.578827754835409 drift_us=942 jitter_us=121 latency_us=0 elapsed_us=9603478
2026-03-25T15:42:03.398402Z  INFO ThreadId(22) downlink_tx: sent tx_log_seq=161 sensor=Thermal sensor_seq=95 queue_latency_us=115 elapsed_us=9603471
2026-03-25T15:42:03.398416Z  INFO ThreadId(22) downlink_tx: sent tx_log_seq=162 sensor=Power sensor_seq=47 queue_latency_us=102 elapsed_us=9603471
2026-03-25T15:42:03.499385Z  INFO ThreadId(22) Task dispatched task="ThermalControl" drift_us=1960
2026-03-25T15:42:03.499408Z  WARN ThreadId(22) JITTER EXCEEDED 1ms limit sensor="thermal" jitter_us=1372 consecutive_miss=1 limit_us=1000 elapsed_us=9704572
2026-03-25T15:42:03.499413Z  INFO ThreadId(22) sensor_read sensor="thermal" seq=96 value=35.53862553657938 drift_us=2046 jitter_us=1372 latency_us=0 elapsed_us=9704572
2026-03-25T15:42:03.548432Z  INFO ThreadId(21) downlink_tx: sent tx_log_seq=163 sensor=Thermal sensor_seq=96 queue_latency_us=49005 elapsed_us=9753478
2026-03-25T15:42:03.598549Z  INFO ThreadId(22) Task dispatched task="ThermalControl" drift_us=1124
2026-03-25T15:42:03.598554Z  WARN ThreadId(21) JITTER EXCEEDED 1ms limit sensor="thermal" jitter_us=1984 consecutive_miss=2 limit_us=1000 elapsed_us=9803711
2026-03-25T15:42:03.598570Z  INFO ThreadId(21) sensor_read sensor="thermal" seq=97 value=59.23967835842069 drift_us=1185 jitter_us=1984 latency_us=1 elapsed_us=9803711
2026-03-25T15:42:03.598576Z  INFO ThreadId(22) sensor_read sensor="power" seq=48 value=0.9215902112321889 drift_us=1204 jitter_us=145 latency_us=0 elapsed_us=9803740
2026-03-25T15:42:03.598684Z  INFO ThreadId(02) downlink_tx: sent tx_log_seq=164 sensor=Power sensor_seq=48 queue_latency_us=104 elapsed_us=9803745
2026-03-25T15:42:03.598699Z  INFO ThreadId(02) downlink_tx: sent tx_log_seq=165 sensor=Thermal sensor_seq=97 queue_latency_us=129 elapsed_us=9803745
2026-03-25T15:42:03.698672Z  INFO ThreadId(02) Task dispatched task="ThermalControl" drift_us=1249
2026-03-25T15:42:03.698725Z  WARN ThreadId(24) JITTER EXCEEDED 1ms limit sensor="thermal" jitter_us=1026 consecutive_miss=3 limit_us=1000 elapsed_us=9903876
2026-03-25T15:42:03.698746Z  INFO ThreadId(24) sensor_read sensor="thermal" seq=98 value=54.07463190208047 drift_us=1350 jitter_us=1026 latency_us=0 elapsed_us=9903876
2026-03-25T15:42:03.749588Z  INFO ThreadId(02) downlink_tx: sent tx_log_seq=166 sensor=Thermal sensor_seq=98 queue_latency_us=50832 elapsed_us=9954634
2026-03-25T15:42:03.798873Z  INFO ThreadId(24) rms_scheduler CPU usage cpu_util_pct=13.248088300858186
2026-03-25T15:42:03.798879Z  INFO ThreadId(02) sensor_read sensor="power" seq=49 value=1.9208310713984276 drift_us=1499 jitter_us=33 latency_us=1 elapsed_us=10004035
2026-03-25T15:42:03.798890Z  INFO ThreadId(24) Task dispatched task="ThermalControl" drift_us=1447
2026-03-25T15:42:03.798897Z  INFO ThreadId(22) sensor_read sensor="thermal" seq=99 value=78.01745498574299 drift_us=1530 jitter_us=15 latency_us=0 elapsed_us=10004056
2026-03-25T15:42:03.798942Z  INFO ThreadId(21) sensor_read sensor="imu" seq=19 value=-0.00518639159167833 drift_us=1544 jitter_us=301 latency_us=0 elapsed_us=10004084
2026-03-25T15:42:03.798996Z  INFO ThreadId(24) downlink_tx: sent tx_log_seq=167 sensor=Power sensor_seq=49 queue_latency_us=122 elapsed_us=10004061
2026-03-25T15:42:03.799010Z  INFO ThreadId(24) downlink_tx: sent tx_log_seq=168 sensor=Imu sensor_seq=19 queue_latency_us=90 elapsed_us=10004061
2026-03-25T15:42:03.799020Z  INFO ThreadId(24) downlink_tx: sent tx_log_seq=169 sensor=Thermal sensor_seq=99 queue_latency_us=126 elapsed_us=10004061
2026-03-25T15:42:03.799118Z  INFO ThreadId(22) uplink_rx: received cmd=Heartbeat seq=2 dispatch_latency_us=0 elapsed_us=10004274
2026-03-25T15:42:03.799136Z  INFO ThreadId(22) command executed cmd=Heartbeat
2026-03-25T15:42:03.804390Z  INFO ThreadId(22) Task dispatched task="DataCompress" drift_us=6975
2026-03-25T15:42:03.814651Z  WARN ThreadId(22) FAULT INJECTED fault=DelayedSensor severity=2 elapsed_us=10019787
2026-03-25T15:42:03.814672Z  INFO ThreadId(22) satellite state → Fault (fault injection) fault=DelayedSensor elapsed_us=10019787
2026-03-25T15:42:03.826247Z  INFO ThreadId(22) Task dispatched task="HealthMonitor" drift_us=28820
2026-03-25T15:42:03.866577Z  INFO ThreadId(22) fault_pkt sent to GCS — awaiting ResetSensor command elapsed_us=10071723
2026-03-25T15:42:03.898214Z  INFO ThreadId(22) Task dispatched task="ThermalControl" drift_us=783
2026-03-25T15:42:03.898255Z  INFO ThreadId(22) sensor_read sensor="thermal" seq=100 value=35.57212171577762 drift_us=888 jitter_us=822 latency_us=0 elapsed_us=10103414
2026-03-25T15:42:03.898412Z  INFO ThreadId(21) downlink_tx: sent tx_log_seq=170 sensor=Thermal sensor_seq=100 queue_latency_us=146 elapsed_us=10103418
2026-03-25T15:42:03.914663Z  INFO ThreadId(22) uplink_rx: received cmd=SafeMode seq=3 dispatch_latency_us=0 elapsed_us=10119807
2026-03-25T15:42:03.914692Z  INFO ThreadId(22) command executed cmd=SafeMode
2026-03-25T15:42:03.961332Z  INFO ThreadId(22) uplink_rx: received cmd=ResetSensor seq=4 dispatch_latency_us=0 elapsed_us=10166476
2026-03-25T15:42:03.961361Z  INFO ThreadId(22) command executed cmd=ResetSensor
2026-03-25T15:42:03.968223Z  INFO ThreadId(02) FAULT RECOVERED — satellite state → Nominal recovery_ms=101 elapsed_us=10173382
2026-03-25T15:42:03.998579Z  INFO ThreadId(22) Task dispatched task="ThermalControl" drift_us=1154
2026-03-25T15:42:03.998639Z  WARN ThreadId(21) JITTER EXCEEDED 1ms limit sensor="thermal" jitter_us=1014 consecutive_miss=1 limit_us=1000 elapsed_us=10203786
2026-03-25T15:42:03.998672Z  INFO ThreadId(21) sensor_read sensor="thermal" seq=101 value=70.13374526662085 drift_us=1260 jitter_us=1014 latency_us=0 elapsed_us=10203786
2026-03-25T15:42:03.998691Z  INFO ThreadId(25) sensor_read sensor="power" seq=50 value=4.069098698722802 drift_us=1313 jitter_us=481 latency_us=0 elapsed_us=10203849
2026-03-25T15:42:03.998791Z  INFO ThreadId(02) downlink_tx: sent tx_log_seq=171 sensor=Thermal sensor_seq=101 queue_latency_us=119 elapsed_us=10203837
2026-03-25T15:42:03.998808Z  INFO ThreadId(02) downlink_tx: sent tx_log_seq=172 sensor=Power sensor_seq=50 queue_latency_us=123 elapsed_us=10203837
2026-03-25T15:42:04.098204Z  INFO ThreadId(24) Task dispatched task="ThermalControl" drift_us=779
2026-03-25T15:42:04.098241Z  INFO ThreadId(24) sensor_read sensor="thermal" seq=102 value=60.16416269298381 drift_us=877 jitter_us=755 latency_us=0 elapsed_us=10303403
2026-03-25T15:42:04.149232Z  INFO ThreadId(21) downlink_tx: sent tx_log_seq=173 sensor=Thermal sensor_seq=102 queue_latency_us=50979 elapsed_us=10354280
2026-03-25T15:42:04.198573Z  INFO ThreadId(02) Task dispatched task="ThermalControl" drift_us=1144
2026-03-25T15:42:04.198602Z  INFO ThreadId(21) sensor_read sensor="thermal" seq=103 value=77.44585567133984 drift_us=1221 jitter_us=727 latency_us=0 elapsed_us=10403747
2026-03-25T15:42:04.198660Z  INFO ThreadId(24) sensor_read sensor="power" seq=51 value=3.882698880408345 drift_us=1268 jitter_us=141 latency_us=0 elapsed_us=10403804
2026-03-25T15:42:04.198785Z  INFO ThreadId(21) downlink_tx: sent tx_log_seq=174 sensor=Thermal sensor_seq=103 queue_latency_us=196 elapsed_us=10403797
2026-03-25T15:42:04.198813Z  INFO ThreadId(21) downlink_tx: sent tx_log_seq=175 sensor=Power sensor_seq=51 queue_latency_us=173 elapsed_us=10403797
2026-03-25T15:42:04.299219Z  INFO ThreadId(25) Task dispatched task="ThermalControl" drift_us=1794
2026-03-25T15:42:04.299252Z  INFO ThreadId(21) sensor_read sensor="thermal" seq=104 value=73.16133440125242 drift_us=1872 jitter_us=307 latency_us=0 elapsed_us=10504398
2026-03-25T15:42:04.299291Z  INFO ThreadId(24) sensor_read sensor="imu" seq=20 value=0.08661323477089802 drift_us=1900 jitter_us=4 latency_us=0 elapsed_us=10504440
2026-03-25T15:42:04.299421Z  INFO ThreadId(02) downlink_tx: sent tx_log_seq=176 sensor=Imu sensor_seq=20 queue_latency_us=131 elapsed_us=10504457
2026-03-25T15:42:04.299449Z  INFO ThreadId(02) downlink_tx: sent tx_log_seq=177 sensor=Thermal sensor_seq=104 queue_latency_us=213 elapsed_us=10504457
2026-03-25T15:42:04.305316Z  INFO ThreadId(21) Task dispatched task="DataCompress" drift_us=7902
2026-03-25T15:42:04.398162Z  INFO ThreadId(02) Task dispatched task="ThermalControl" drift_us=737
2026-03-25T15:42:04.398174Z  WARN ThreadId(21) JITTER EXCEEDED 1ms limit sensor="thermal" jitter_us=1717 consecutive_miss=1 limit_us=1000 elapsed_us=10603332
2026-03-25T15:42:04.398184Z  INFO ThreadId(21) sensor_read sensor="thermal" seq=105 value=34.256935699911836 drift_us=806 jitter_us=1717 latency_us=0 elapsed_us=10603332
2026-03-25T15:42:04.398195Z  INFO ThreadId(21) sensor_read sensor="power" seq=52 value=4.257479589299351 drift_us=823 jitter_us=400 latency_us=1 elapsed_us=10603359
2026-03-25T15:42:04.398336Z  INFO ThreadId(24) downlink_tx: sent tx_log_seq=178 sensor=Power sensor_seq=52 queue_latency_us=126 elapsed_us=10603366
2026-03-25T15:42:04.398370Z  INFO ThreadId(24) downlink_tx: sent tx_log_seq=179 sensor=Thermal sensor_seq=105 queue_latency_us=186 elapsed_us=10603366
2026-03-25T15:42:04.498227Z  INFO ThreadId(21) Task dispatched task="ThermalControl" drift_us=803
2026-03-25T15:42:04.498252Z  WARN ThreadId(22) JITTER EXCEEDED 1ms limit sensor="thermal" jitter_us=1147 consecutive_miss=2 limit_us=1000 elapsed_us=10703413
2026-03-25T15:42:04.498262Z  INFO ThreadId(22) sensor_read sensor="thermal" seq=106 value=26.41672834564638 drift_us=887 jitter_us=1147 latency_us=0 elapsed_us=10703413
2026-03-25T15:42:04.549342Z  INFO ThreadId(22) downlink_tx: sent tx_log_seq=180 sensor=Thermal sensor_seq=106 queue_latency_us=51066 elapsed_us=10754368
2026-03-25T15:42:04.598232Z  INFO ThreadId(02) Task dispatched task="ThermalControl" drift_us=808
2026-03-25T15:42:04.598271Z  INFO ThreadId(22) sensor_read sensor="power" seq=53 value=4.259009367409831 drift_us=893 jitter_us=515 latency_us=1 elapsed_us=10803429
2026-03-25T15:42:04.598272Z  INFO ThreadId(21) sensor_read sensor="thermal" seq=107 value=20.224531474148904 drift_us=893 jitter_us=75 latency_us=0 elapsed_us=10803419
2026-03-25T15:42:04.598463Z  INFO ThreadId(24) downlink_tx: sent tx_log_seq=181 sensor=Power sensor_seq=53 queue_latency_us=183 elapsed_us=10803460
2026-03-25T15:42:04.598511Z  INFO ThreadId(24) downlink_tx: sent tx_log_seq=182 sensor=Thermal sensor_seq=107 queue_latency_us=252 elapsed_us=10803460
2026-03-25T15:42:04.699104Z  INFO ThreadId(24) Task dispatched task="ThermalControl" drift_us=1680
2026-03-25T15:42:04.699127Z  INFO ThreadId(21) sensor_read sensor="thermal" seq=108 value=77.55283109948351 drift_us=1760 jitter_us=861 latency_us=1 elapsed_us=10904286
2026-03-25T15:42:04.699223Z  INFO ThreadId(24) downlink_tx: sent tx_log_seq=183 sensor=Thermal sensor_seq=108 queue_latency_us=98 elapsed_us=10904291
2026-03-25T15:42:04.798176Z  INFO ThreadId(25) Task dispatched task="ThermalControl" drift_us=752
2026-03-25T15:42:04.798200Z  WARN ThreadId(25) JITTER EXCEEDED 1ms limit sensor="thermal" jitter_us=1790 consecutive_miss=1 limit_us=1000 elapsed_us=11003363
2026-03-25T15:42:04.798207Z  INFO ThreadId(25) sensor_read sensor="thermal" seq=109 value=26.54577312627346 drift_us=837 jitter_us=1790 latency_us=0 elapsed_us=11003363
2026-03-25T15:42:04.798223Z ERROR ThreadId(21) JITTER LIMIT VIOLATED (>1ms) sensor="imu" jitter_us=1412
2026-03-25T15:42:04.798229Z  INFO ThreadId(21) sensor_read sensor="imu" seq=21 value=-0.09716354933074181 drift_us=844 jitter_us=1412 latency_us=0 elapsed_us=11003384
2026-03-25T15:42:04.798225Z  INFO ThreadId(24) sensor_read sensor="power" seq=54 value=4.614884239642209 drift_us=833 jitter_us=130 latency_us=0 elapsed_us=11003369
2026-03-25T15:42:04.798369Z  INFO ThreadId(22) downlink_tx: sent tx_log_seq=184 sensor=Imu sensor_seq=21 queue_latency_us=140 elapsed_us=11003409
2026-03-25T15:42:04.798397Z  INFO ThreadId(22) downlink_tx: sent tx_log_seq=185 sensor=Power sensor_seq=54 queue_latency_us=190 elapsed_us=11003409
2026-03-25T15:42:04.798414Z  INFO ThreadId(22) downlink_tx: sent tx_log_seq=186 sensor=Thermal sensor_seq=109 queue_latency_us=208 elapsed_us=11003409
2026-03-25T15:42:04.804537Z  INFO ThreadId(21) Task dispatched task="DataCompress" drift_us=7115
2026-03-25T15:42:04.825913Z  INFO ThreadId(21) Task dispatched task="HealthMonitor" drift_us=28486
2026-03-25T15:42:04.898841Z  INFO ThreadId(21) Task dispatched task="ThermalControl" drift_us=1417
2026-03-25T15:42:04.898861Z  WARN ThreadId(24) JITTER EXCEEDED 1ms limit sensor="thermal" jitter_us=1581 consecutive_miss=2 limit_us=1000 elapsed_us=11104021
2026-03-25T15:42:04.898871Z  INFO ThreadId(24) sensor_read sensor="thermal" seq=110 value=30.273593375941417 drift_us=1495 jitter_us=1581 latency_us=0 elapsed_us=11104021
2026-03-25T15:42:04.948349Z  INFO ThreadId(24) downlink_tx: sent tx_log_seq=187 sensor=Thermal sensor_seq=110 queue_latency_us=49465 elapsed_us=11153411
2026-03-25T15:42:04.998309Z  INFO ThreadId(21) Task dispatched task="ThermalControl" drift_us=885
2026-03-25T15:42:04.998345Z  INFO ThreadId(21) sensor_read sensor="power" seq=55 value=2.229644087043196 drift_us=972 jitter_us=199 latency_us=0 elapsed_us=11203508
2026-03-25T15:42:04.998344Z  WARN ThreadId(02) JITTER EXCEEDED 1ms limit sensor="thermal" jitter_us=1191 consecutive_miss=3 limit_us=1000 elapsed_us=11203488
2026-03-25T15:42:04.998363Z  INFO ThreadId(02) sensor_read sensor="thermal" seq=111 value=60.12546926122566 drift_us=962 jitter_us=1191 latency_us=0 elapsed_us=11203488
2026-03-25T15:42:05.048624Z  INFO ThreadId(22) downlink_tx: sent tx_log_seq=188 sensor=Power sensor_seq=55 queue_latency_us=50267 elapsed_us=11253673
2026-03-25T15:42:05.048650Z  INFO ThreadId(22) downlink_tx: sent tx_log_seq=189 sensor=Thermal sensor_seq=111 queue_latency_us=50289 elapsed_us=11253673
2026-03-25T15:42:05.098230Z  INFO ThreadId(02) Task dispatched task="ThermalControl" drift_us=807
2026-03-25T15:42:05.098268Z  INFO ThreadId(24) sensor_read sensor="thermal" seq=112 value=40.29074774431216 drift_us=900 jitter_us=471 latency_us=0 elapsed_us=11303426
2026-03-25T15:42:05.148599Z  INFO ThreadId(02) downlink_tx: sent tx_log_seq=190 sensor=Thermal sensor_seq=112 queue_latency_us=50325 elapsed_us=11353651
2026-03-25T15:42:05.198309Z  INFO ThreadId(24) Task dispatched task="ThermalControl" drift_us=884
2026-03-25T15:42:05.198346Z  INFO ThreadId(02) sensor_read sensor="thermal" seq=113 value=33.43627514562837 drift_us=968 jitter_us=130 latency_us=0 elapsed_us=11403494
2026-03-25T15:42:05.198363Z  INFO ThreadId(22) sensor_read sensor="power" seq=56 value=0.7809076095571791 drift_us=986 jitter_us=125 latency_us=0 elapsed_us=11403522
2026-03-25T15:42:05.198471Z  INFO ThreadId(21) downlink_tx: sent tx_log_seq=191 sensor=Thermal sensor_seq=113 queue_latency_us=132 elapsed_us=11403509
2026-03-25T15:42:05.198501Z  INFO ThreadId(21) downlink_tx: sent tx_log_seq=192 sensor=Power sensor_seq=56 queue_latency_us=141 elapsed_us=11403509
2026-03-25T15:42:05.298572Z  INFO ThreadId(21) Task dispatched task="ThermalControl" drift_us=1148
2026-03-25T15:42:05.298607Z ERROR ThreadId(21) JITTER LIMIT VIOLATED (>1ms) sensor="imu" jitter_us=1442
2026-03-25T15:42:05.298609Z  INFO ThreadId(21) sensor_read sensor="imu" seq=22 value=0.02125824927271705 drift_us=1230 jitter_us=1442 latency_us=0 elapsed_us=11503770
2026-03-25T15:42:05.298614Z  INFO ThreadId(25) sensor_read sensor="thermal" seq=114 value=68.21544374432466 drift_us=1233 jitter_us=197 latency_us=0 elapsed_us=11503759
2026-03-25T15:42:05.304599Z  INFO ThreadId(22) Task dispatched task="DataCompress" drift_us=7182
2026-03-25T15:42:05.348646Z  INFO ThreadId(25) downlink_tx: sent tx_log_seq=193 sensor=Imu sensor_seq=22 queue_latency_us=50026 elapsed_us=11553695
2026-03-25T15:42:05.348675Z  INFO ThreadId(25) downlink_tx: sent tx_log_seq=194 sensor=Thermal sensor_seq=114 queue_latency_us=50078 elapsed_us=11553695
2026-03-25T15:42:05.398270Z  INFO ThreadId(22) Task dispatched task="ThermalControl" drift_us=846
2026-03-25T15:42:05.398278Z  INFO ThreadId(21) sensor_read sensor="thermal" seq=115 value=29.34042016501579 drift_us=910 jitter_us=588 latency_us=0 elapsed_us=11603436
2026-03-25T15:42:05.398298Z  INFO ThreadId(21) sensor_read sensor="power" seq=57 value=2.8496693850752175 drift_us=925 jitter_us=75 latency_us=0 elapsed_us=11603461
2026-03-25T15:42:05.398359Z  INFO ThreadId(22) downlink_tx: sent tx_log_seq=195 sensor=Thermal sensor_seq=115 queue_latency_us=85 elapsed_us=11603457
2026-03-25T15:42:05.398373Z  INFO ThreadId(22) downlink_tx: sent tx_log_seq=196 sensor=Power sensor_seq=57 queue_latency_us=75 elapsed_us=11603457
2026-03-25T15:42:05.498369Z  INFO ThreadId(21) Task dispatched task="ThermalControl" drift_us=946
2026-03-25T15:42:05.498406Z  INFO ThreadId(02) sensor_read sensor="thermal" seq=116 value=24.875495723751662 drift_us=1039 jitter_us=452 latency_us=0 elapsed_us=11703565
2026-03-25T15:42:05.548415Z  INFO ThreadId(02) downlink_tx: sent tx_log_seq=197 sensor=Thermal sensor_seq=116 queue_latency_us=49998 elapsed_us=11753447
2026-03-25T15:42:05.598941Z  INFO ThreadId(21) Task dispatched task="ThermalControl" drift_us=1516
2026-03-25T15:42:05.598951Z  INFO ThreadId(25) sensor_read sensor="thermal" seq=117 value=47.98061874202199 drift_us=1582 jitter_us=414 latency_us=1 elapsed_us=11804108
2026-03-25T15:42:05.598966Z  INFO ThreadId(21) sensor_read sensor="power" seq=58 value=2.511331122297826 drift_us=1594 jitter_us=730 latency_us=1 elapsed_us=11804130
2026-03-25T15:42:05.599068Z  INFO ThreadId(02) downlink_tx: sent tx_log_seq=198 sensor=Power sensor_seq=58 queue_latency_us=100 elapsed_us=11804142
2026-03-25T15:42:05.599082Z  INFO ThreadId(02) downlink_tx: sent tx_log_seq=199 sensor=Thermal sensor_seq=117 queue_latency_us=136 elapsed_us=11804142
2026-03-25T15:42:05.699560Z  INFO ThreadId(02) Task dispatched task="ThermalControl" drift_us=2136
2026-03-25T15:42:05.699566Z  INFO ThreadId(21) sensor_read sensor="thermal" seq=118 value=34.89028360240369 drift_us=2199 jitter_us=74 latency_us=0 elapsed_us=11904725
2026-03-25T15:42:05.699673Z  INFO ThreadId(22) downlink_tx: sent tx_log_seq=200 sensor=Thermal sensor_seq=118 queue_latency_us=107 elapsed_us=11904739
2026-03-25T15:42:05.798588Z  INFO ThreadId(22) Task dispatched task="ThermalControl" drift_us=1164
2026-03-25T15:42:05.798623Z  WARN ThreadId(25) JITTER EXCEEDED 1ms limit sensor="thermal" jitter_us=1558 consecutive_miss=1 limit_us=1000 elapsed_us=12003784
2026-03-25T15:42:05.798630Z  INFO ThreadId(25) sensor_read sensor="thermal" seq=119 value=52.988814435773584 drift_us=1258 jitter_us=1558 latency_us=0 elapsed_us=12003784
2026-03-25T15:42:05.798627Z ERROR ThreadId(21) JITTER LIMIT VIOLATED (>1ms) sensor="power" jitter_us=1034
2026-03-25T15:42:05.798644Z  INFO ThreadId(25) sensor_read sensor="imu" seq=23 value=0.000296775546752448 drift_us=1269 jitter_us=347 latency_us=0 elapsed_us=12003809
2026-03-25T15:42:05.798644Z  INFO ThreadId(21) sensor_read sensor="power" seq=59 value=2.645667134504682 drift_us=1229 jitter_us=1034 latency_us=1 elapsed_us=12003765
2026-03-25T15:42:05.798726Z  INFO ThreadId(22) downlink_tx: sent tx_log_seq=201 sensor=Power sensor_seq=59 queue_latency_us=120 elapsed_us=12003776
2026-03-25T15:42:05.798740Z  INFO ThreadId(22) downlink_tx: sent tx_log_seq=202 sensor=Imu sensor_seq=23 queue_latency_us=96 elapsed_us=12003776
2026-03-25T15:42:05.798749Z  INFO ThreadId(22) downlink_tx: sent tx_log_seq=203 sensor=Thermal sensor_seq=119 queue_latency_us=120 elapsed_us=12003776
2026-03-25T15:42:05.804823Z  INFO ThreadId(24) Task dispatched task="DataCompress" drift_us=7394
2026-03-25T15:42:05.826573Z  INFO ThreadId(24) Task dispatched task="HealthMonitor" drift_us=29144
2026-03-25T15:42:05.898524Z  INFO ThreadId(24) Task dispatched task="ThermalControl" drift_us=1099
2026-03-25T15:42:05.898548Z  INFO ThreadId(02) sensor_read sensor="thermal" seq=120 value=42.563028740336456 drift_us=1182 jitter_us=865 latency_us=0 elapsed_us=12103708
2026-03-25T15:42:05.898627Z  INFO ThreadId(24) downlink_tx: sent tx_log_seq=204 sensor=Thermal sensor_seq=120 queue_latency_us=82 elapsed_us=12103710
2026-03-25T15:42:05.998236Z  INFO ThreadId(24) Task dispatched task="ThermalControl" drift_us=810
2026-03-25T15:42:05.998277Z  INFO ThreadId(25) sensor_read sensor="thermal" seq=121 value=68.19281340597524 drift_us=897 jitter_us=209 latency_us=0 elapsed_us=12203423
2026-03-25T15:42:05.998287Z  INFO ThreadId(22) sensor_read sensor="power" seq=60 value=2.4067221668266834 drift_us=910 jitter_us=46 latency_us=0 elapsed_us=12203446
2026-03-25T15:42:05.998398Z  INFO ThreadId(02) downlink_tx: sent tx_log_seq=205 sensor=Thermal sensor_seq=121 queue_latency_us=129 elapsed_us=12203434
2026-03-25T15:42:05.998426Z  INFO ThreadId(02) downlink_tx: sent tx_log_seq=206 sensor=Power sensor_seq=60 queue_latency_us=143 elapsed_us=12203434
2026-03-25T15:42:06.098509Z  INFO ThreadId(21) Task dispatched task="ThermalControl" drift_us=1079
2026-03-25T15:42:06.098514Z  INFO ThreadId(22) sensor_read sensor="thermal" seq=122 value=35.36382460796211 drift_us=1145 jitter_us=533 latency_us=0 elapsed_us=12303671
2026-03-25T15:42:06.098634Z  INFO ThreadId(02) downlink_tx: sent tx_log_seq=207 sensor=Thermal sensor_seq=122 queue_latency_us=113 elapsed_us=12303694
2026-03-25T15:42:06.198513Z  INFO ThreadId(02) Task dispatched task="ThermalControl" drift_us=1089
2026-03-25T15:42:06.198543Z  INFO ThreadId(25) sensor_read sensor="power" seq=61 value=4.524316789584366 drift_us=1167 jitter_us=576 latency_us=0 elapsed_us=12403703
2026-03-25T15:42:06.198544Z  INFO ThreadId(22) sensor_read sensor="thermal" seq=123 value=75.49330523299332 drift_us=1164 jitter_us=229 latency_us=0 elapsed_us=12403690
2026-03-25T15:42:06.198703Z  INFO ThreadId(21) downlink_tx: sent tx_log_seq=208 sensor=Power sensor_seq=61 queue_latency_us=154 elapsed_us=12403728
2026-03-25T15:42:06.198732Z  INFO ThreadId(21) downlink_tx: sent tx_log_seq=209 sensor=Thermal sensor_seq=123 queue_latency_us=204 elapsed_us=12403728
2026-03-25T15:42:06.298473Z  INFO ThreadId(21) Task dispatched task="ThermalControl" drift_us=1048
2026-03-25T15:42:06.298514Z  INFO ThreadId(25) sensor_read sensor="thermal" seq=124 value=49.950871290769655 drift_us=1136 jitter_us=47 latency_us=1 elapsed_us=12503662
2026-03-25T15:42:06.298561Z  INFO ThreadId(24) sensor_read sensor="imu" seq=24 value=0.08514405642856768 drift_us=1172 jitter_us=136 latency_us=0 elapsed_us=12503712
2026-03-25T15:42:06.298699Z  INFO ThreadId(22) downlink_tx: sent tx_log_seq=210 sensor=Thermal sensor_seq=124 queue_latency_us=185 elapsed_us=12503690
2026-03-25T15:42:06.298751Z  INFO ThreadId(22) downlink_tx: sent tx_log_seq=211 sensor=Imu sensor_seq=24 queue_latency_us=199 elapsed_us=12503690
2026-03-25T15:42:06.304676Z  INFO ThreadId(25) Task dispatched task="DataCompress" drift_us=7254
2026-03-25T15:42:06.399336Z  INFO ThreadId(22) Task dispatched task="ThermalControl" drift_us=1912
2026-03-25T15:42:06.399410Z  INFO ThreadId(02) sensor_read sensor="power" seq=62 value=2.1964661185568817 drift_us=2028 jitter_us=604 latency_us=1 elapsed_us=12604564
2026-03-25T15:42:06.399380Z  INFO ThreadId(25) sensor_read sensor="thermal" seq=125 value=59.51400169953202 drift_us=1997 jitter_us=889 latency_us=0 elapsed_us=12604523
2026-03-25T15:42:06.399506Z  INFO ThreadId(24) downlink_tx: sent tx_log_seq=212 sensor=Thermal sensor_seq=125 queue_latency_us=139 elapsed_us=12604542
2026-03-25T15:42:06.399532Z  INFO ThreadId(24) downlink_tx: sent tx_log_seq=213 sensor=Power sensor_seq=62 queue_latency_us=131 elapsed_us=12604542
2026-03-25T15:42:06.498724Z  INFO ThreadId(24) Task dispatched task="ThermalControl" drift_us=1299
2026-03-25T15:42:06.498772Z  WARN ThreadId(25) JITTER EXCEEDED 1ms limit sensor="thermal" jitter_us=1459 consecutive_miss=1 limit_us=1000 elapsed_us=12703925
2026-03-25T15:42:06.498803Z  INFO ThreadId(25) sensor_read sensor="thermal" seq=126 value=34.85587635807438 drift_us=1399 jitter_us=1459 latency_us=0 elapsed_us=12703925
2026-03-25T15:42:06.549403Z  INFO ThreadId(24) downlink_tx: sent tx_log_seq=214 sensor=Thermal sensor_seq=126 queue_latency_us=50591 elapsed_us=12754453
2026-03-25T15:42:06.598474Z  INFO ThreadId(25) Task dispatched task="ThermalControl" drift_us=1050
2026-03-25T15:42:06.598477Z  INFO ThreadId(24) sensor_read sensor="thermal" seq=127 value=37.67473831894215 drift_us=1107 jitter_us=306 latency_us=0 elapsed_us=12803633
2026-03-25T15:42:06.598487Z ERROR ThreadId(02) JITTER LIMIT VIOLATED (>1ms) sensor="power" jitter_us=1779
2026-03-25T15:42:06.598493Z  INFO ThreadId(02) sensor_read sensor="power" seq=63 value=4.03869704429663 drift_us=1110 jitter_us=1779 latency_us=0 elapsed_us=12803646
2026-03-25T15:42:06.598575Z  INFO ThreadId(24) downlink_tx: sent tx_log_seq=215 sensor=Power sensor_seq=63 queue_latency_us=91 elapsed_us=12803662
2026-03-25T15:42:06.598585Z  INFO ThreadId(24) downlink_tx: sent tx_log_seq=216 sensor=Thermal sensor_seq=127 queue_latency_us=115 elapsed_us=12803662
2026-03-25T15:42:06.698481Z  INFO ThreadId(24) Task dispatched task="ThermalControl" drift_us=1055
2026-03-25T15:42:06.698486Z  INFO ThreadId(02) sensor_read sensor="thermal" seq=128 value=67.4517931367491 drift_us=1118 jitter_us=303 latency_us=0 elapsed_us=12903644
2026-03-25T15:42:06.698555Z  INFO ThreadId(21) downlink_tx: sent tx_log_seq=217 sensor=Thermal sensor_seq=128 queue_latency_us=69 elapsed_us=12903656
2026-03-25T15:42:06.798236Z  INFO ThreadId(21) Task dispatched task="ThermalControl" drift_us=811
2026-03-25T15:42:06.798271Z  INFO ThreadId(02) sensor_read sensor="power" seq=64 value=4.3588585169658085 drift_us=880 jitter_us=688 latency_us=0 elapsed_us=13003416
2026-03-25T15:42:06.798307Z  INFO ThreadId(02) sensor_read sensor="imu" seq=25 value=-0.0635936976666791 drift_us=927 jitter_us=148 latency_us=0 elapsed_us=13003467
2026-03-25T15:42:06.798344Z  INFO ThreadId(24) sensor_read sensor="thermal" seq=129 value=69.74857878194635 drift_us=966 jitter_us=163 latency_us=0 elapsed_us=13003492
2026-03-25T15:42:06.798363Z  INFO ThreadId(21) downlink_tx: sent tx_log_seq=218 sensor=Power sensor_seq=64 queue_latency_us=107 elapsed_us=13003425
2026-03-25T15:42:06.798377Z  INFO ThreadId(21) downlink_tx: sent tx_log_seq=219 sensor=Imu sensor_seq=25 queue_latency_us=74 elapsed_us=13003425
2026-03-25T15:42:06.798385Z  INFO ThreadId(21) downlink_tx: sent tx_log_seq=220 sensor=Thermal sensor_seq=129 queue_latency_us=56 elapsed_us=13003425
2026-03-25T15:42:06.804539Z  INFO ThreadId(02) Task dispatched task="DataCompress" drift_us=7117
2026-03-25T15:42:06.826333Z  INFO ThreadId(02) Task dispatched task="HealthMonitor" drift_us=28909
2026-03-25T15:42:06.898259Z  INFO ThreadId(02) Task dispatched task="ThermalControl" drift_us=835
2026-03-25T15:42:06.898265Z  INFO ThreadId(21) sensor_read sensor="thermal" seq=130 value=58.852335803186456 drift_us=898 jitter_us=84 latency_us=0 elapsed_us=13103424
2026-03-25T15:42:06.898363Z  INFO ThreadId(02) downlink_tx: sent tx_log_seq=221 sensor=Thermal sensor_seq=130 queue_latency_us=101 elapsed_us=13103446
2026-03-25T15:42:06.999411Z  INFO ThreadId(02) Task dispatched task="ThermalControl" drift_us=1987
2026-03-25T15:42:06.999411Z  WARN ThreadId(21) JITTER EXCEEDED 1ms limit sensor="thermal" jitter_us=1214 consecutive_miss=1 limit_us=1000 elapsed_us=13204570
2026-03-25T15:42:06.999426Z ERROR ThreadId(22) JITTER LIMIT VIOLATED (>1ms) sensor="power" jitter_us=1397
2026-03-25T15:42:06.999431Z  INFO ThreadId(21) sensor_read sensor="thermal" seq=131 value=23.42218860822518 drift_us=2044 jitter_us=1214 latency_us=0 elapsed_us=13204570
2026-03-25T15:42:06.999432Z  INFO ThreadId(22) sensor_read sensor="power" seq=65 value=4.366340110770539 drift_us=2047 jitter_us=1397 latency_us=0 elapsed_us=13204583
2026-03-25T15:42:06.999592Z  INFO ThreadId(24) downlink_tx: sent tx_log_seq=222 sensor=Power sensor_seq=65 queue_latency_us=154 elapsed_us=13204616
2026-03-25T15:42:06.999626Z  INFO ThreadId(24) downlink_tx: sent tx_log_seq=223 sensor=Thermal sensor_seq=131 queue_latency_us=194 elapsed_us=13204616
2026-03-25T15:42:07.099206Z  INFO ThreadId(24) Task dispatched task="ThermalControl" drift_us=1781
2026-03-25T15:42:07.099221Z  WARN ThreadId(25) JITTER EXCEEDED 1ms limit sensor="thermal" jitter_us=1334 consecutive_miss=2 limit_us=1000 elapsed_us=13304382
2026-03-25T15:42:07.099229Z  INFO ThreadId(25) sensor_read sensor="thermal" seq=132 value=70.19082988847772 drift_us=1856 jitter_us=1334 latency_us=0 elapsed_us=13304382
2026-03-25T15:42:07.148701Z  INFO ThreadId(22) downlink_tx: sent tx_log_seq=224 sensor=Thermal sensor_seq=132 queue_latency_us=49460 elapsed_us=13353747
2026-03-25T15:42:07.198206Z  INFO ThreadId(22) Task dispatched task="ThermalControl" drift_us=781
2026-03-25T15:42:07.198245Z  INFO ThreadId(25) sensor_read sensor="thermal" seq=133 value=61.31609306496049 drift_us=865 jitter_us=803 latency_us=0 elapsed_us=13403391
2026-03-25T15:42:07.198295Z  INFO ThreadId(21) downlink_tx: sent tx_log_seq=225 sensor=Thermal sensor_seq=133 queue_latency_us=63 elapsed_us=13403402
2026-03-25T15:42:07.198311Z  INFO ThreadId(21) downlink_tx: sent tx_log_seq=226 sensor=Power sensor_seq=66 queue_latency_us=10 elapsed_us=13403402
2026-03-25T15:42:07.198309Z ERROR ThreadId(24) JITTER LIMIT VIOLATED (>1ms) sensor="power" jitter_us=2327
2026-03-25T15:42:07.198317Z  INFO ThreadId(24) sensor_read sensor="power" seq=66 value=0.8862588196171081 drift_us=887 jitter_us=2327 latency_us=0 elapsed_us=13403423
2026-03-25T15:42:07.298398Z  INFO ThreadId(24) Task dispatched task="ThermalControl" drift_us=974
2026-03-25T15:42:07.298405Z  WARN ThreadId(02) JITTER EXCEEDED 1ms limit sensor="thermal" jitter_us=1162 consecutive_miss=1 limit_us=1000 elapsed_us=13503562
2026-03-25T15:42:07.298416Z  INFO ThreadId(02) sensor_read sensor="thermal" seq=134 value=36.86293638873828 drift_us=1036 jitter_us=1162 latency_us=0 elapsed_us=13503562
2026-03-25T15:42:07.298426Z  INFO ThreadId(02) sensor_read sensor="imu" seq=26 value=-0.08612265367065777 drift_us=1051 jitter_us=369 latency_us=0 elapsed_us=13503591
2026-03-25T15:42:07.298517Z  INFO ThreadId(24) downlink_tx: sent tx_log_seq=227 sensor=Thermal sensor_seq=134 queue_latency_us=101 elapsed_us=13503584
2026-03-25T15:42:07.298530Z  INFO ThreadId(24) downlink_tx: sent tx_log_seq=228 sensor=Imu sensor_seq=26 queue_latency_us=104 elapsed_us=13503584
2026-03-25T15:42:07.304721Z  INFO ThreadId(02) Task dispatched task="DataCompress" drift_us=7296
2026-03-25T15:42:07.398517Z  INFO ThreadId(24) Task dispatched task="ThermalControl" drift_us=1092
2026-03-25T15:42:07.398520Z  INFO ThreadId(02) sensor_read sensor="thermal" seq=135 value=69.30144211180716 drift_us=1151 jitter_us=56 latency_us=1 elapsed_us=13603677
2026-03-25T15:42:07.398541Z ERROR ThreadId(02) JITTER LIMIT VIOLATED (>1ms) sensor="power" jitter_us=1442
2026-03-25T15:42:07.398543Z  INFO ThreadId(02) sensor_read sensor="power" seq=67 value=4.045471753086266 drift_us=1169 jitter_us=1442 latency_us=0 elapsed_us=13603705
2026-03-25T15:42:07.398610Z  INFO ThreadId(21) downlink_tx: sent tx_log_seq=229 sensor=Thermal sensor_seq=135 queue_latency_us=91 elapsed_us=13603704
2026-03-25T15:42:07.398625Z  INFO ThreadId(21) downlink_tx: sent tx_log_seq=230 sensor=Power sensor_seq=67 queue_latency_us=84 elapsed_us=13603704
2026-03-25T15:42:07.498661Z  INFO ThreadId(21) Task dispatched task="ThermalControl" drift_us=1233
2026-03-25T15:42:07.498692Z  INFO ThreadId(21) sensor_read sensor="thermal" seq=136 value=63.30672446498785 drift_us=1328 jitter_us=62 latency_us=0 elapsed_us=13703854
2026-03-25T15:42:07.548649Z  INFO ThreadId(22) downlink_tx: sent tx_log_seq=231 sensor=Thermal sensor_seq=136 queue_latency_us=49946 elapsed_us=13753702
2026-03-25T15:42:07.599435Z  INFO ThreadId(21) Task dispatched task="ThermalControl" drift_us=2010
2026-03-25T15:42:07.599450Z  INFO ThreadId(22) sensor_read sensor="thermal" seq=137 value=58.892500153250225 drift_us=2080 jitter_us=575 latency_us=0 elapsed_us=13804606
2026-03-25T15:42:07.599465Z  INFO ThreadId(22) sensor_read sensor="power" seq=68 value=0.6233456235988643 drift_us=2093 jitter_us=642 latency_us=0 elapsed_us=13804629
2026-03-25T15:42:07.599533Z  INFO ThreadId(22) downlink_tx: sent tx_log_seq=232 sensor=Power sensor_seq=68 queue_latency_us=66 elapsed_us=13804637
2026-03-25T15:42:07.599548Z  INFO ThreadId(22) downlink_tx: sent tx_log_seq=233 sensor=Thermal sensor_seq=137 queue_latency_us=105 elapsed_us=13804637
2026-03-25T15:42:07.698099Z  INFO ThreadId(22) Task dispatched task="ThermalControl" drift_us=675
2026-03-25T15:42:07.698133Z  WARN ThreadId(21) JITTER EXCEEDED 1ms limit sensor="thermal" jitter_us=2064 consecutive_miss=1 limit_us=1000 elapsed_us=13903294
2026-03-25T15:42:07.698141Z  INFO ThreadId(21) sensor_read sensor="thermal" seq=138 value=77.64760959892459 drift_us=768 jitter_us=2064 latency_us=0 elapsed_us=13903294
2026-03-25T15:42:07.749506Z  INFO ThreadId(22) downlink_tx: sent tx_log_seq=234 sensor=Thermal sensor_seq=138 queue_latency_us=51353 elapsed_us=13954559
2026-03-25T15:42:07.799825Z  INFO ThreadId(21) Task dispatched task="ThermalControl" drift_us=2401
2026-03-25T15:42:07.799829Z  INFO ThreadId(22) sensor_read sensor="power" seq=69 value=4.107696066505255 drift_us=2451 jitter_us=566 latency_us=0 elapsed_us=14004987
2026-03-25T15:42:07.799843Z ERROR ThreadId(24) JITTER LIMIT VIOLATED (>1ms) sensor="imu" jitter_us=1289
2026-03-25T15:42:07.799849Z  WARN ThreadId(22) JITTER EXCEEDED 1ms limit sensor="thermal" jitter_us=3032 consecutive_miss=2 limit_us=1000 elapsed_us=14005014
2026-03-25T15:42:07.799850Z  INFO ThreadId(24) sensor_read sensor="imu" seq=27 value=0.06713411577207692 drift_us=2464 jitter_us=1289 latency_us=0 elapsed_us=14005004
2026-03-25T15:42:07.799852Z  INFO ThreadId(22) sensor_read sensor="thermal" seq=139 value=26.768333583879908 drift_us=2488 jitter_us=3032 latency_us=0 elapsed_us=14005014
2026-03-25T15:42:07.799940Z  INFO ThreadId(21) downlink_tx: sent tx_log_seq=235 sensor=Imu sensor_seq=27 queue_latency_us=98 elapsed_us=14005012
2026-03-25T15:42:07.799952Z  INFO ThreadId(21) downlink_tx: sent tx_log_seq=236 sensor=Power sensor_seq=69 queue_latency_us=128 elapsed_us=14005012
2026-03-25T15:42:07.799959Z  INFO ThreadId(21) downlink_tx: sent tx_log_seq=237 sensor=Thermal sensor_seq=139 queue_latency_us=107 elapsed_us=14005012
2026-03-25T15:42:07.806349Z  INFO ThreadId(02) Task dispatched task="DataCompress" drift_us=8936
2026-03-25T15:42:07.829065Z  INFO ThreadId(02) Task dispatched task="HealthMonitor" drift_us=31640
2026-03-25T15:42:07.900099Z  INFO ThreadId(02) Task dispatched task="ThermalControl" drift_us=2672
2026-03-25T15:42:07.900169Z  WARN ThreadId(25) JITTER EXCEEDED 1ms limit sensor="thermal" jitter_us=1428 consecutive_miss=3 limit_us=1000 elapsed_us=14105306
2026-03-25T15:42:07.900194Z  INFO ThreadId(25) sensor_read sensor="thermal" seq=140 value=70.32866092666566 drift_us=2780 jitter_us=1428 latency_us=0 elapsed_us=14105306
2026-03-25T15:42:07.949303Z  INFO ThreadId(02) downlink_tx: sent tx_log_seq=238 sensor=Thermal sensor_seq=140 queue_latency_us=49100 elapsed_us=14154348
2026-03-25T15:42:07.998163Z  INFO ThreadId(02) Task dispatched task="ThermalControl" drift_us=731
2026-03-25T15:42:07.998206Z  WARN ThreadId(25) JITTER EXCEEDED 1ms limit sensor="thermal" jitter_us=2245 consecutive_miss=4 limit_us=1000 elapsed_us=14203353
2026-03-25T15:42:07.998220Z ERROR ThreadId(22) JITTER LIMIT VIOLATED (>1ms) sensor="power" jitter_us=1970
2026-03-25T15:42:07.998230Z  INFO ThreadId(22) sensor_read sensor="power" seq=70 value=3.357183896806875 drift_us=839 jitter_us=1970 latency_us=1 elapsed_us=14203375
2026-03-25T15:42:07.998233Z  INFO ThreadId(25) sensor_read sensor="thermal" seq=141 value=38.303981907866245 drift_us=827 jitter_us=2245 latency_us=0 elapsed_us=14203353
2026-03-25T15:42:07.998351Z  INFO ThreadId(21) downlink_tx: sent tx_log_seq=239 sensor=Power sensor_seq=70 queue_latency_us=129 elapsed_us=14203404
2026-03-25T15:42:07.998388Z  INFO ThreadId(21) downlink_tx: sent tx_log_seq=240 sensor=Thermal sensor_seq=141 queue_latency_us=156 elapsed_us=14203404
2026-03-25T15:42:08.098624Z  INFO ThreadId(21) Task dispatched task="ThermalControl" drift_us=1197
2026-03-25T15:42:08.098674Z  WARN ThreadId(25) JITTER EXCEEDED 1ms limit sensor="thermal" jitter_us=2432 consecutive_miss=5 limit_us=1000 elapsed_us=14303832
2026-03-25T15:42:08.098692Z  INFO ThreadId(25) sensor_read sensor="thermal" seq=142 value=25.048091925154385 drift_us=1306 jitter_us=2432 latency_us=0 elapsed_us=14303832
2026-03-25T15:42:08.149440Z  INFO ThreadId(25) downlink_tx: sent tx_log_seq=241 sensor=Thermal sensor_seq=142 queue_latency_us=50733 elapsed_us=14354467
2026-03-25T15:42:08.198375Z  INFO ThreadId(21) Task dispatched task="ThermalControl" drift_us=950
2026-03-25T15:42:08.198409Z ERROR ThreadId(25) JITTER LIMIT VIOLATED (>1ms) sensor="power" jitter_us=1806
2026-03-25T15:42:08.198415Z  INFO ThreadId(25) sensor_read sensor="power" seq=71 value=0.5192185396445844 drift_us=1033 jitter_us=1806 latency_us=0 elapsed_us=14403569
2026-03-25T15:42:08.198410Z  INFO ThreadId(22) sensor_read sensor="thermal" seq=143 value=65.11415282205017 drift_us=1032 jitter_us=753 latency_us=0 elapsed_us=14403558
2026-03-25T15:42:08.198559Z  INFO ThreadId(24) downlink_tx: sent tx_log_seq=242 sensor=Power sensor_seq=71 queue_latency_us=141 elapsed_us=14403592
2026-03-25T15:42:08.198587Z  INFO ThreadId(24) downlink_tx: sent tx_log_seq=243 sensor=Thermal sensor_seq=143 queue_latency_us=191 elapsed_us=14403592
2026-03-25T15:42:08.298133Z  INFO ThreadId(25) Task dispatched task="ThermalControl" drift_us=709
2026-03-25T15:42:08.298172Z  INFO ThreadId(02) sensor_read sensor="thermal" seq=144 value=59.362813607848366 drift_us=793 jitter_us=35 latency_us=0 elapsed_us=14503319
2026-03-25T15:42:08.298198Z ERROR ThreadId(22) JITTER LIMIT VIOLATED (>1ms) sensor="imu" jitter_us=3062
2026-03-25T15:42:08.298209Z  INFO ThreadId(22) sensor_read sensor="imu" seq=28 value=-0.004818073864874789 drift_us=815 jitter_us=3062 latency_us=0 elapsed_us=14503355
2026-03-25T15:42:08.298263Z  INFO ThreadId(24) downlink_tx: sent tx_log_seq=244 sensor=Thermal sensor_seq=144 queue_latency_us=102 elapsed_us=14503330
2026-03-25T15:42:08.298282Z  INFO ThreadId(24) downlink_tx: sent tx_log_seq=245 sensor=Imu sensor_seq=28 queue_latency_us=90 elapsed_us=14503330
2026-03-25T15:42:08.304254Z  INFO ThreadId(21) Task dispatched task="DataCompress" drift_us=6834
2026-03-25T15:42:08.398295Z  INFO ThreadId(21) Task dispatched task="ThermalControl" drift_us=870
2026-03-25T15:42:08.398331Z  INFO ThreadId(24) sensor_read sensor="thermal" seq=145 value=64.83129488680837 drift_us=953 jitter_us=399 latency_us=1 elapsed_us=14603479
2026-03-25T15:42:08.398348Z  INFO ThreadId(02) sensor_read sensor="power" seq=72 value=4.978413535237794 drift_us=971 jitter_us=256 latency_us=0 elapsed_us=14603507
2026-03-25T15:42:08.398455Z  INFO ThreadId(22) downlink_tx: sent tx_log_seq=246 sensor=Thermal sensor_seq=145 queue_latency_us=129 elapsed_us=14603495
2026-03-25T15:42:08.398483Z  INFO ThreadId(22) downlink_tx: sent tx_log_seq=247 sensor=Power sensor_seq=72 queue_latency_us=138 elapsed_us=14603495
2026-03-25T15:42:08.498460Z  INFO ThreadId(22) Task dispatched task="ThermalControl" drift_us=1023
2026-03-25T15:42:08.498511Z  INFO ThreadId(24) sensor_read sensor="thermal" seq=146 value=71.06511053431979 drift_us=1140 jitter_us=27 latency_us=0 elapsed_us=14703666
2026-03-25T15:42:08.548973Z  INFO ThreadId(02) downlink_tx: sent tx_log_seq=248 sensor=Thermal sensor_seq=146 queue_latency_us=50456 elapsed_us=14754022
2026-03-25T15:42:08.599384Z  INFO ThreadId(24) Task dispatched task="ThermalControl" drift_us=1959
2026-03-25T15:42:08.599424Z  INFO ThreadId(02) sensor_read sensor="thermal" seq=147 value=58.02911256190208 drift_us=2045 jitter_us=718 latency_us=1 elapsed_us=14804571
2026-03-25T15:42:08.599453Z ERROR ThreadId(21) JITTER LIMIT VIOLATED (>1ms) sensor="power" jitter_us=1165
2026-03-25T15:42:08.599466Z  INFO ThreadId(21) sensor_read sensor="power" seq=73 value=4.709386345588931 drift_us=2074 jitter_us=1165 latency_us=0 elapsed_us=14804610
2026-03-25T15:42:08.599548Z  INFO ThreadId(22) downlink_tx: sent tx_log_seq=249 sensor=Thermal sensor_seq=147 queue_latency_us=133 elapsed_us=14804590
2026-03-25T15:42:08.599573Z  INFO ThreadId(22) downlink_tx: sent tx_log_seq=250 sensor=Power sensor_seq=73 queue_latency_us=125 elapsed_us=14804590
2026-03-25T15:42:08.699270Z  INFO ThreadId(02) Task dispatched task="ThermalControl" drift_us=1844
2026-03-25T15:42:08.699307Z  WARN ThreadId(02) JITTER EXCEEDED 1ms limit sensor="thermal" jitter_us=1006 consecutive_miss=1 limit_us=1000 elapsed_us=14904470
2026-03-25T15:42:08.699313Z  INFO ThreadId(02) sensor_read sensor="thermal" seq=148 value=30.568442121275265 drift_us=1944 jitter_us=1006 latency_us=0 elapsed_us=14904470
2026-03-25T15:42:08.748691Z  INFO ThreadId(21) downlink_tx: sent tx_log_seq=251 sensor=Thermal sensor_seq=148 queue_latency_us=49366 elapsed_us=14953746
2026-03-25T15:42:08.798223Z  INFO ThreadId(02) Task dispatched task="ThermalControl" drift_us=799
2026-03-25T15:42:08.798248Z  INFO ThreadId(02) sensor_read sensor="thermal" seq=149 value=52.19863430164811 drift_us=884 jitter_us=959 latency_us=0 elapsed_us=15003410
2026-03-25T15:42:08.798261Z ERROR ThreadId(22) JITTER LIMIT VIOLATED (>1ms) sensor="imu" jitter_us=1716
2026-03-25T15:42:08.798267Z  INFO ThreadId(22) sensor_read sensor="imu" seq=29 value=0.04459020619653367 drift_us=882 jitter_us=1716 latency_us=0 elapsed_us=15003422
2026-03-25T15:42:08.798264Z ERROR ThreadId(21) JITTER LIMIT VIOLATED (>1ms) sensor="power" jitter_us=2310
2026-03-25T15:42:08.798278Z  INFO ThreadId(21) sensor_read sensor="power" seq=74 value=0.6672115709465581 drift_us=867 jitter_us=2310 latency_us=0 elapsed_us=15003403
2026-03-25T15:42:08.798339Z  INFO ThreadId(02) downlink_tx: sent tx_log_seq=252 sensor=Imu sensor_seq=29 queue_latency_us=81 elapsed_us=15003425
2026-03-25T15:42:08.798352Z  INFO ThreadId(02) downlink_tx: sent tx_log_seq=253 sensor=Power sensor_seq=74 queue_latency_us=111 elapsed_us=15003425
2026-03-25T15:42:08.798359Z  INFO ThreadId(02) downlink_tx: sent tx_log_seq=254 sensor=Thermal sensor_seq=149 queue_latency_us=113 elapsed_us=15003425
2026-03-25T15:42:08.804562Z  INFO ThreadId(25) Task dispatched task="DataCompress" drift_us=7141
2026-03-25T15:42:08.810334Z  INFO ThreadId(25) uplink_rx: received cmd=Heartbeat seq=5 dispatch_latency_us=0 elapsed_us=15015480
2026-03-25T15:42:08.810357Z  INFO ThreadId(25) command executed cmd=Heartbeat
2026-03-25T15:42:08.825279Z  INFO ThreadId(25) Task dispatched task="HealthMonitor" drift_us=27854
2026-03-25T15:42:08.898927Z  WARN ThreadId(25) JITTER EXCEEDED 1ms limit sensor="thermal" jitter_us=1738 consecutive_miss=1 limit_us=1000 elapsed_us=15104088
2026-03-25T15:42:08.898923Z  INFO ThreadId(02) Task dispatched task="ThermalControl" drift_us=1498
2026-03-25T15:42:08.898942Z  INFO ThreadId(25) sensor_read sensor="thermal" seq=150 value=37.623487443283295 drift_us=1562 jitter_us=1738 latency_us=0 elapsed_us=15104088
2026-03-25T15:42:08.899111Z  INFO ThreadId(22) downlink_tx: sent tx_log_seq=255 sensor=Thermal sensor_seq=150 queue_latency_us=162 elapsed_us=15104128
2026-03-25T15:42:08.999255Z  INFO ThreadId(25) Task dispatched task="ThermalControl" drift_us=1831
2026-03-25T15:42:08.999293Z  INFO ThreadId(22) sensor_read sensor="thermal" seq=151 value=68.80221931588252 drift_us=1914 jitter_us=326 latency_us=0 elapsed_us=15204440
2026-03-25T15:42:08.999301Z ERROR ThreadId(21) JITTER LIMIT VIOLATED (>1ms) sensor="power" jitter_us=2260
2026-03-25T15:42:08.999316Z  INFO ThreadId(21) sensor_read sensor="power" seq=75 value=4.651687402328324 drift_us=1920 jitter_us=2260 latency_us=0 elapsed_us=15204456
2026-03-25T15:42:08.999437Z  INFO ThreadId(02) downlink_tx: sent tx_log_seq=256 sensor=Power sensor_seq=75 queue_latency_us=137 elapsed_us=15204474
2026-03-25T15:42:08.999465Z  INFO ThreadId(02) downlink_tx: sent tx_log_seq=257 sensor=Thermal sensor_seq=151 queue_latency_us=187 elapsed_us=15204474
2026-03-25T15:42:09.098315Z  INFO ThreadId(02) Task dispatched task="ThermalControl" drift_us=890
2026-03-25T15:42:09.098318Z  WARN ThreadId(24) JITTER EXCEEDED 1ms limit sensor="thermal" jitter_us=1314 consecutive_miss=1 limit_us=1000 elapsed_us=15303478
2026-03-25T15:42:09.098334Z  INFO ThreadId(24) sensor_read sensor="thermal" seq=152 value=50.19651285390621 drift_us=952 jitter_us=1314 latency_us=0 elapsed_us=15303478
2026-03-25T15:42:09.149242Z  INFO ThreadId(22) downlink_tx: sent tx_log_seq=258 sensor=Thermal sensor_seq=152 queue_latency_us=50896 elapsed_us=15354294
2026-03-25T15:42:09.198745Z  INFO ThreadId(24) Task dispatched task="ThermalControl" drift_us=1321
2026-03-25T15:42:09.198773Z ERROR ThreadId(21) JITTER LIMIT VIOLATED (>1ms) sensor="power" jitter_us=1576
2026-03-25T15:42:09.198779Z  INFO ThreadId(21) sensor_read sensor="power" seq=76 value=3.1727288937581637 drift_us=1397 jitter_us=1576 latency_us=0 elapsed_us=15403933
2026-03-25T15:42:09.198774Z  WARN ThreadId(22) JITTER EXCEEDED 1ms limit sensor="thermal" jitter_us=1408 consecutive_miss=2 limit_us=1000 elapsed_us=15403924
2026-03-25T15:42:09.198797Z  INFO ThreadId(22) sensor_read sensor="thermal" seq=153 value=49.422074223675324 drift_us=1398 jitter_us=1408 latency_us=0 elapsed_us=15403924
2026-03-25T15:42:09.198923Z  INFO ThreadId(22) downlink_tx: sent tx_log_seq=259 sensor=Power sensor_seq=76 queue_latency_us=152 elapsed_us=15403957
2026-03-25T15:42:09.198945Z  INFO ThreadId(22) downlink_tx: sent tx_log_seq=260 sensor=Thermal sensor_seq=153 queue_latency_us=151 elapsed_us=15403957
2026-03-25T15:42:09.298111Z  INFO ThreadId(22) Task dispatched task="ThermalControl" drift_us=687
2026-03-25T15:42:09.298153Z  INFO ThreadId(25) sensor_read sensor="imu" seq=30 value=-0.013534012363149592 drift_us=773 jitter_us=176 latency_us=0 elapsed_us=15503313
2026-03-25T15:42:09.298149Z  WARN ThreadId(21) JITTER EXCEEDED 1ms limit sensor="thermal" jitter_us=1072 consecutive_miss=3 limit_us=1000 elapsed_us=15503298
2026-03-25T15:42:09.298174Z  INFO ThreadId(21) sensor_read sensor="thermal" seq=154 value=42.32987822456495 drift_us=772 jitter_us=1072 latency_us=0 elapsed_us=15503298
2026-03-25T15:42:09.304421Z  INFO ThreadId(02) Task dispatched task="DataCompress" drift_us=7001
2026-03-25T15:42:09.348443Z  INFO ThreadId(02) downlink_tx: sent tx_log_seq=261 sensor=Imu sensor_seq=30 queue_latency_us=50281 elapsed_us=15553498
2026-03-25T15:42:09.348469Z  INFO ThreadId(02) downlink_tx: sent tx_log_seq=262 sensor=Thermal sensor_seq=154 queue_latency_us=50297 elapsed_us=15553498
2026-03-25T15:42:09.398920Z  INFO ThreadId(21) Task dispatched task="ThermalControl" drift_us=1495
2026-03-25T15:42:09.398923Z  WARN ThreadId(02) JITTER EXCEEDED 1ms limit sensor="thermal" jitter_us=1410 consecutive_miss=4 limit_us=1000 elapsed_us=15604082
2026-03-25T15:42:09.398939Z  INFO ThreadId(02) sensor_read sensor="thermal" seq=155 value=49.890575390938466 drift_us=1556 jitter_us=1410 latency_us=0 elapsed_us=15604082
2026-03-25T15:42:09.398937Z  INFO ThreadId(25) sensor_read sensor="power" seq=77 value=2.8706350388116877 drift_us=1559 jitter_us=685 latency_us=0 elapsed_us=15604095
2026-03-25T15:42:09.399007Z  INFO ThreadId(25) downlink_tx: sent tx_log_seq=263 sensor=Power sensor_seq=77 queue_latency_us=75 elapsed_us=15604113
2026-03-25T15:42:09.399019Z  INFO ThreadId(25) downlink_tx: sent tx_log_seq=264 sensor=Thermal sensor_seq=155 queue_latency_us=80 elapsed_us=15604113
2026-03-25T15:42:09.498291Z  INFO ThreadId(25) Task dispatched task="ThermalControl" drift_us=868
2026-03-25T15:42:09.498323Z  WARN ThreadId(22) JITTER EXCEEDED 1ms limit sensor="thermal" jitter_us=1383 consecutive_miss=5 limit_us=1000 elapsed_us=15703483
2026-03-25T15:42:09.498331Z  INFO ThreadId(22) sensor_read sensor="thermal" seq=156 value=74.33018544611102 drift_us=957 jitter_us=1383 latency_us=0 elapsed_us=15703483
2026-03-25T15:42:09.548515Z  INFO ThreadId(25) downlink_tx: sent tx_log_seq=265 sensor=Thermal sensor_seq=156 queue_latency_us=50173 elapsed_us=15753570
2026-03-25T15:42:09.599624Z  INFO ThreadId(22) Task dispatched task="ThermalControl" drift_us=2201
2026-03-25T15:42:09.599626Z  WARN ThreadId(25) JITTER EXCEEDED 1ms limit sensor="thermal" jitter_us=1902 consecutive_miss=6 limit_us=1000 elapsed_us=15804786
2026-03-25T15:42:09.599642Z  INFO ThreadId(25) sensor_read sensor="thermal" seq=157 value=45.97600279756081 drift_us=2260 jitter_us=1902 latency_us=0 elapsed_us=15804786
2026-03-25T15:42:09.599657Z  INFO ThreadId(25) sensor_read sensor="power" seq=78 value=1.3784874607909168 drift_us=2285 jitter_us=564 latency_us=0 elapsed_us=15804821
2026-03-25T15:42:09.599713Z  INFO ThreadId(22) downlink_tx: sent tx_log_seq=266 sensor=Thermal sensor_seq=157 queue_latency_us=71 elapsed_us=15804809
2026-03-25T15:42:09.599724Z  INFO ThreadId(22) downlink_tx: sent tx_log_seq=267 sensor=Power sensor_seq=78 queue_latency_us=68 elapsed_us=15804809
2026-03-25T15:42:09.698540Z  INFO ThreadId(22) Task dispatched task="ThermalControl" drift_us=1115
2026-03-25T15:42:09.698569Z  WARN ThreadId(22) JITTER EXCEEDED 1ms limit sensor="thermal" jitter_us=2357 consecutive_miss=7 limit_us=1000 elapsed_us=15903732
2026-03-25T15:42:09.698574Z  INFO ThreadId(22) sensor_read sensor="thermal" seq=158 value=27.54929300693105 drift_us=1206 jitter_us=2357 latency_us=0 elapsed_us=15903732
2026-03-25T15:42:09.748580Z  INFO ThreadId(22) downlink_tx: sent tx_log_seq=268 sensor=Thermal sensor_seq=158 queue_latency_us=49994 elapsed_us=15953634
2026-03-25T15:42:09.799119Z  INFO ThreadId(02) Task dispatched task="ThermalControl" drift_us=1694
2026-03-25T15:42:09.799146Z  WARN ThreadId(02) JITTER EXCEEDED 1ms limit sensor="thermal" jitter_us=1631 consecutive_miss=8 limit_us=1000 elapsed_us=16004309
2026-03-25T15:42:09.799154Z  INFO ThreadId(02) sensor_read sensor="thermal" seq=159 value=51.77766362840832 drift_us=1783 jitter_us=1631 latency_us=0 elapsed_us=16004309
2026-03-25T15:42:09.799185Z ERROR ThreadId(22) JITTER LIMIT VIOLATED (>1ms) sensor="power" jitter_us=1218
2026-03-25T15:42:09.799205Z  INFO ThreadId(22) sensor_read sensor="power" seq=79 value=4.07205196279771 drift_us=1793 jitter_us=1218 latency_us=0 elapsed_us=16004329
2026-03-25T15:42:09.799210Z ERROR ThreadId(21) JITTER LIMIT VIOLATED (>1ms) sensor="imu" jitter_us=1160
2026-03-25T15:42:09.799221Z  INFO ThreadId(21) sensor_read sensor="imu" seq=31 value=-0.09748512141166482 drift_us=1824 jitter_us=1160 latency_us=0 elapsed_us=16004364
2026-03-25T15:42:09.799262Z  INFO ThreadId(25) downlink_tx: sent tx_log_seq=269 sensor=Imu sensor_seq=31 queue_latency_us=57 elapsed_us=16004373
2026-03-25T15:42:09.799277Z  INFO ThreadId(25) downlink_tx: sent tx_log_seq=270 sensor=Power sensor_seq=79 queue_latency_us=109 elapsed_us=16004373
2026-03-25T15:42:09.799285Z  INFO ThreadId(25) downlink_tx: sent tx_log_seq=271 sensor=Thermal sensor_seq=159 queue_latency_us=133 elapsed_us=16004373
2026-03-25T15:42:09.805202Z  INFO ThreadId(22) Task dispatched task="DataCompress" drift_us=7782
2026-03-25T15:42:09.826339Z  INFO ThreadId(22) Task dispatched task="HealthMonitor" drift_us=28915
2026-03-25T15:42:09.898291Z  INFO ThreadId(22) Task dispatched task="ThermalControl" drift_us=867
2026-03-25T15:42:09.898314Z  WARN ThreadId(22) JITTER EXCEEDED 1ms limit sensor="thermal" jitter_us=1409 consecutive_miss=9 limit_us=1000 elapsed_us=16103477
2026-03-25T15:42:09.898321Z  INFO ThreadId(22) sensor_read sensor="thermal" seq=160 value=39.71635120375705 drift_us=951 jitter_us=1409 latency_us=1 elapsed_us=16103477
2026-03-25T15:42:09.898411Z  INFO ThreadId(22) downlink_tx: sent tx_log_seq=272 sensor=Thermal sensor_seq=160 queue_latency_us=90 elapsed_us=16103500
2026-03-25T15:42:09.998255Z  INFO ThreadId(22) Task dispatched task="ThermalControl" drift_us=830
2026-03-25T15:42:09.998293Z  INFO ThreadId(24) sensor_read sensor="thermal" seq=161 value=60.67229222171095 drift_us=914 jitter_us=795 latency_us=0 elapsed_us=16203440
2026-03-25T15:42:09.998340Z  INFO ThreadId(21) sensor_read sensor="power" seq=80 value=4.610698055777022 drift_us=959 jitter_us=342 latency_us=0 elapsed_us=16203495
2026-03-25T15:42:09.998386Z  INFO ThreadId(25) downlink_tx: sent tx_log_seq=273 sensor=Thermal sensor_seq=161 queue_latency_us=104 elapsed_us=16203453
2026-03-25T15:42:09.998399Z  INFO ThreadId(25) downlink_tx: sent tx_log_seq=274 sensor=Power sensor_seq=80 queue_latency_us=67 elapsed_us=16203453
2026-03-25T15:42:10.098337Z  INFO ThreadId(25) Task dispatched task="ThermalControl" drift_us=908
2026-03-25T15:42:10.098400Z  INFO ThreadId(21) sensor_read sensor="thermal" seq=162 value=65.27870894822357 drift_us=1016 jitter_us=139 latency_us=0 elapsed_us=16303542
2026-03-25T15:42:10.148889Z  INFO ThreadId(25) downlink_tx: sent tx_log_seq=275 sensor=Thermal sensor_seq=162 queue_latency_us=50496 elapsed_us=16353944
2026-03-25T15:42:10.198317Z  INFO ThreadId(21) Task dispatched task="ThermalControl" drift_us=892
2026-03-25T15:42:10.198323Z  INFO ThreadId(25) sensor_read sensor="thermal" seq=163 value=30.833537924440844 drift_us=954 jitter_us=164 latency_us=0 elapsed_us=16403480
2026-03-25T15:42:10.198339Z  INFO ThreadId(02) sensor_read sensor="power" seq=81 value=3.4070997675284813 drift_us=962 jitter_us=837 latency_us=0 elapsed_us=16403498
2026-03-25T15:42:10.198432Z  INFO ThreadId(25) downlink_tx: sent tx_log_seq=276 sensor=Power sensor_seq=81 queue_latency_us=97 elapsed_us=16403509
2026-03-25T15:42:10.198442Z  INFO ThreadId(25) downlink_tx: sent tx_log_seq=277 sensor=Thermal sensor_seq=163 queue_latency_us=126 elapsed_us=16403509
2026-03-25T15:42:10.298525Z  INFO ThreadId(25) Task dispatched task="ThermalControl" drift_us=1101
2026-03-25T15:42:10.298601Z ERROR ThreadId(21) JITTER LIMIT VIOLATED (>1ms) sensor="imu" jitter_us=1666
2026-03-25T15:42:10.298599Z  INFO ThreadId(02) sensor_read sensor="thermal" seq=164 value=70.937663146945 drift_us=1184 jitter_us=292 latency_us=0 elapsed_us=16503710
2026-03-25T15:42:10.298621Z  INFO ThreadId(21) sensor_read sensor="imu" seq=32 value=0.03615903963069372 drift_us=1209 jitter_us=1666 latency_us=0 elapsed_us=16503749
2026-03-25T15:42:10.298634Z  INFO ThreadId(24) downlink_tx: sent tx_log_seq=278 sensor=Thermal sensor_seq=164 queue_latency_us=81 elapsed_us=16503721
2026-03-25T15:42:10.298648Z  INFO ThreadId(24) downlink_tx: sent tx_log_seq=279 sensor=Imu sensor_seq=32 queue_latency_us=62 elapsed_us=16503721
2026-03-25T15:42:10.304626Z  INFO ThreadId(22) Task dispatched task="DataCompress" drift_us=7205
2026-03-25T15:42:10.399269Z  INFO ThreadId(24) Task dispatched task="ThermalControl" drift_us=1844
2026-03-25T15:42:10.399274Z  INFO ThreadId(22) sensor_read sensor="thermal" seq=165 value=49.56421542597816 drift_us=1906 jitter_us=492 latency_us=0 elapsed_us=16604432
2026-03-25T15:42:10.399285Z  INFO ThreadId(02) sensor_read sensor="power" seq=82 value=1.807243427492172 drift_us=1907 jitter_us=942 latency_us=0 elapsed_us=16604443
2026-03-25T15:42:10.399364Z  INFO ThreadId(02) downlink_tx: sent tx_log_seq=280 sensor=Power sensor_seq=82 queue_latency_us=85 elapsed_us=16604462
2026-03-25T15:42:10.399377Z  INFO ThreadId(02) downlink_tx: sent tx_log_seq=281 sensor=Thermal sensor_seq=165 queue_latency_us=109 elapsed_us=16604462
2026-03-25T15:42:10.499676Z  INFO ThreadId(02) Task dispatched task="ThermalControl" drift_us=2246
2026-03-25T15:42:10.499721Z  INFO ThreadId(21) sensor_read sensor="thermal" seq=166 value=29.86104011835304 drift_us=2349 jitter_us=279 latency_us=0 elapsed_us=16704875
2026-03-25T15:42:10.548445Z  INFO ThreadId(21) downlink_tx: sent tx_log_seq=282 sensor=Thermal sensor_seq=166 queue_latency_us=48714 elapsed_us=16753467
2026-03-25T15:42:10.598309Z  INFO ThreadId(02) Task dispatched task="ThermalControl" drift_us=885
2026-03-25T15:42:10.598343Z ERROR ThreadId(21) JITTER LIMIT VIOLATED (>1ms) sensor="power" jitter_us=1886
2026-03-25T15:42:10.598349Z  INFO ThreadId(21) sensor_read sensor="power" seq=83 value=4.8613657186723565 drift_us=966 jitter_us=1886 latency_us=0 elapsed_us=16803502
2026-03-25T15:42:10.598341Z  WARN ThreadId(24) JITTER EXCEEDED 1ms limit sensor="thermal" jitter_us=1828 consecutive_miss=1 limit_us=1000 elapsed_us=16803490
2026-03-25T15:42:10.598366Z  INFO ThreadId(24) sensor_read sensor="thermal" seq=167 value=44.66364972626541 drift_us=964 jitter_us=1828 latency_us=0 elapsed_us=16803490
2026-03-25T15:42:10.598487Z  INFO ThreadId(22) downlink_tx: sent tx_log_seq=283 sensor=Power sensor_seq=83 queue_latency_us=139 elapsed_us=16803526
2026-03-25T15:42:10.598514Z  INFO ThreadId(22) downlink_tx: sent tx_log_seq=284 sensor=Thermal sensor_seq=167 queue_latency_us=154 elapsed_us=16803526
2026-03-25T15:42:10.698454Z  INFO ThreadId(22) Task dispatched task="ThermalControl" drift_us=1027
2026-03-25T15:42:10.698485Z  WARN ThreadId(22) JITTER EXCEEDED 1ms limit sensor="thermal" jitter_us=1543 consecutive_miss=2 limit_us=1000 elapsed_us=16903648
2026-03-25T15:42:10.698493Z  INFO ThreadId(22) sensor_read sensor="thermal" seq=168 value=27.75600819603185 drift_us=1122 jitter_us=1543 latency_us=0 elapsed_us=16903648
2026-03-25T15:42:10.698620Z  INFO ThreadId(22) downlink_tx: sent tx_log_seq=285 sensor=Thermal sensor_seq=168 queue_latency_us=127 elapsed_us=16903654
2026-03-25T15:42:10.799212Z  INFO ThreadId(24) Task dispatched task="ThermalControl" drift_us=1788
2026-03-25T15:42:10.799220Z ERROR ThreadId(25) JITTER LIMIT VIOLATED (>1ms) sensor="power" jitter_us=1815
2026-03-25T15:42:10.799232Z  INFO ThreadId(25) sensor_read sensor="power" seq=84 value=4.018216116555471 drift_us=1840 jitter_us=1815 latency_us=0 elapsed_us=17004376
2026-03-25T15:42:10.799247Z ERROR ThreadId(25) JITTER LIMIT VIOLATED (>1ms) sensor="imu" jitter_us=1278
2026-03-25T15:42:10.799249Z  INFO ThreadId(25) sensor_read sensor="imu" seq=33 value=-0.09596489490735408 drift_us=1872 jitter_us=1278 latency_us=0 elapsed_us=17004412
2026-03-25T15:42:10.799282Z  INFO ThreadId(21) sensor_read sensor="thermal" seq=169 value=42.13465561891352 drift_us=1906 jitter_us=626 latency_us=0 elapsed_us=17004432
2026-03-25T15:42:10.799313Z  INFO ThreadId(24) downlink_tx: sent tx_log_seq=286 sensor=Power sensor_seq=84 queue_latency_us=100 elapsed_us=17004398
2026-03-25T15:42:10.799326Z  INFO ThreadId(24) downlink_tx: sent tx_log_seq=287 sensor=Imu sensor_seq=33 queue_latency_us=77 elapsed_us=17004398
2026-03-25T15:42:10.799334Z  INFO ThreadId(24) downlink_tx: sent tx_log_seq=288 sensor=Thermal sensor_seq=169 queue_latency_us=66 elapsed_us=17004398
2026-03-25T15:42:10.805509Z  INFO ThreadId(25) Task dispatched task="DataCompress" drift_us=8092
2026-03-25T15:42:10.826839Z  INFO ThreadId(25) Task dispatched task="HealthMonitor" drift_us=29417
2026-03-25T15:42:10.898842Z  INFO ThreadId(25) Task dispatched task="ThermalControl" drift_us=1418
2026-03-25T15:42:10.898867Z  WARN ThreadId(25) JITTER EXCEEDED 1ms limit sensor="thermal" jitter_us=1186 consecutive_miss=1 limit_us=1000 elapsed_us=17104030
2026-03-25T15:42:10.898874Z  INFO ThreadId(25) sensor_read sensor="thermal" seq=170 value=55.78405771898077 drift_us=1504 jitter_us=1186 latency_us=0 elapsed_us=17104030
2026-03-25T15:42:10.898975Z  INFO ThreadId(25) downlink_tx: sent tx_log_seq=289 sensor=Thermal sensor_seq=170 queue_latency_us=102 elapsed_us=17104050
2026-03-25T15:42:10.998627Z  INFO ThreadId(21) Task dispatched task="ThermalControl" drift_us=1204
2026-03-25T15:42:10.998635Z  INFO ThreadId(25) sensor_read sensor="thermal" seq=171 value=58.756986846404494 drift_us=1267 jitter_us=165 latency_us=0 elapsed_us=17203793
2026-03-25T15:42:10.998652Z ERROR ThreadId(24) JITTER LIMIT VIOLATED (>1ms) sensor="power" jitter_us=1437
2026-03-25T15:42:10.998657Z  INFO ThreadId(24) sensor_read sensor="power" seq=85 value=2.498812795447162 drift_us=1277 jitter_us=1437 latency_us=0 elapsed_us=17203813
2026-03-25T15:42:10.998715Z  INFO ThreadId(21) downlink_tx: sent tx_log_seq=290 sensor=Power sensor_seq=85 queue_latency_us=66 elapsed_us=17203812
2026-03-25T15:42:10.998728Z  INFO ThreadId(21) downlink_tx: sent tx_log_seq=291 sensor=Thermal sensor_seq=171 queue_latency_us=99 elapsed_us=17203812
2026-03-25T15:42:11.098524Z  INFO ThreadId(21) Task dispatched task="ThermalControl" drift_us=1100
2026-03-25T15:42:11.098548Z  INFO ThreadId(21) sensor_read sensor="thermal" seq=172 value=52.43303708076151 drift_us=1185 jitter_us=155 latency_us=0 elapsed_us=17303711
2026-03-25T15:42:11.148478Z  INFO ThreadId(24) downlink_tx: sent tx_log_seq=292 sensor=Thermal sensor_seq=172 queue_latency_us=49917 elapsed_us=17353525
2026-03-25T15:42:11.199521Z  INFO ThreadId(25) Task dispatched task="ThermalControl" drift_us=2097
2026-03-25T15:42:11.199524Z  WARN ThreadId(24) JITTER EXCEEDED 1ms limit sensor="thermal" jitter_us=1054 consecutive_miss=1 limit_us=1000 elapsed_us=17404683
2026-03-25T15:42:11.199540Z  INFO ThreadId(24) sensor_read sensor="thermal" seq=173 value=66.27137313127739 drift_us=2157 jitter_us=1054 latency_us=1 elapsed_us=17404683
2026-03-25T15:42:11.199576Z ERROR ThreadId(21) JITTER LIMIT VIOLATED (>1ms) sensor="power" jitter_us=1474
2026-03-25T15:42:11.199597Z  INFO ThreadId(21) sensor_read sensor="power" seq=86 value=2.0484307075663875 drift_us=2188 jitter_us=1474 latency_us=0 elapsed_us=17404724
2026-03-25T15:42:11.199643Z  INFO ThreadId(24) downlink_tx: sent tx_log_seq=293 sensor=Thermal sensor_seq=173 queue_latency_us=104 elapsed_us=17404716
2026-03-25T15:42:11.199654Z  INFO ThreadId(24) downlink_tx: sent tx_log_seq=294 sensor=Power sensor_seq=86 queue_latency_us=92 elapsed_us=17404716
2026-03-25T15:42:11.298456Z  INFO ThreadId(24) Task dispatched task="ThermalControl" drift_us=1032
2026-03-25T15:42:11.298462Z  WARN ThreadId(02) JITTER EXCEEDED 1ms limit sensor="thermal" jitter_us=2035 consecutive_miss=2 limit_us=1000 elapsed_us=17503620
2026-03-25T15:42:11.298479Z ERROR ThreadId(21) JITTER LIMIT VIOLATED (>1ms) sensor="imu" jitter_us=1438
2026-03-25T15:42:11.298480Z  INFO ThreadId(24) sensor_read sensor="thermal" seq=174 value=71.40470596799958 drift_us=1094 jitter_us=2035 latency_us=0 elapsed_us=17503620
2026-03-25T15:42:11.298484Z  INFO ThreadId(21) sensor_read sensor="imu" seq=34 value=-0.046140147359562136 drift_us=1097 jitter_us=1438 latency_us=1 elapsed_us=17503637
2026-03-25T15:42:11.298585Z  INFO ThreadId(24) downlink_tx: sent tx_log_seq=295 sensor=Imu sensor_seq=34 queue_latency_us=111 elapsed_us=17503642
2026-03-25T15:42:11.298598Z  INFO ThreadId(24) downlink_tx: sent tx_log_seq=296 sensor=Thermal sensor_seq=174 queue_latency_us=125 elapsed_us=17503642
2026-03-25T15:42:11.304560Z  INFO ThreadId(02) Task dispatched task="DataCompress" drift_us=7144
2026-03-25T15:42:11.399052Z  INFO ThreadId(24) Task dispatched task="ThermalControl" drift_us=1628
2026-03-25T15:42:11.399055Z  WARN ThreadId(02) JITTER EXCEEDED 1ms limit sensor="thermal" jitter_us=1657 consecutive_miss=3 limit_us=1000 elapsed_us=17604214
2026-03-25T15:42:11.399070Z  INFO ThreadId(02) sensor_read sensor="thermal" seq=175 value=50.81607064792905 drift_us=1688 jitter_us=1657 latency_us=0 elapsed_us=17604214
2026-03-25T15:42:11.399081Z ERROR ThreadId(02) JITTER LIMIT VIOLATED (>1ms) sensor="power" jitter_us=1389
2026-03-25T15:42:11.399083Z  INFO ThreadId(02) sensor_read sensor="power" seq=87 value=1.757534728130632 drift_us=1710 jitter_us=1389 latency_us=0 elapsed_us=17604246
2026-03-25T15:42:11.399121Z  INFO ThreadId(24) downlink_tx: sent tx_log_seq=297 sensor=Thermal sensor_seq=175 queue_latency_us=50 elapsed_us=17604238
2026-03-25T15:42:11.399132Z  INFO ThreadId(24) downlink_tx: sent tx_log_seq=298 sensor=Power sensor_seq=87 queue_latency_us=51 elapsed_us=17604238
2026-03-25T15:42:11.498553Z  WARN ThreadId(24) JITTER EXCEEDED 1ms limit sensor="thermal" jitter_us=1095 consecutive_miss=4 limit_us=1000 elapsed_us=17703713
2026-03-25T15:42:11.498551Z  INFO ThreadId(02) Task dispatched task="ThermalControl" drift_us=1124
2026-03-25T15:42:11.498570Z  INFO ThreadId(24) sensor_read sensor="thermal" seq=176 value=53.01257132528556 drift_us=1187 jitter_us=1095 latency_us=0 elapsed_us=17703713
2026-03-25T15:42:11.498725Z  INFO ThreadId(21) downlink_tx: sent tx_log_seq=299 sensor=Thermal sensor_seq=176 queue_latency_us=140 elapsed_us=17703744
2026-03-25T15:42:11.598646Z  INFO ThreadId(21) Task dispatched task="ThermalControl" drift_us=1222
2026-03-25T15:42:11.598654Z  INFO ThreadId(24) sensor_read sensor="thermal" seq=177 value=59.85314121450312 drift_us=1285 jitter_us=599 latency_us=0 elapsed_us=17803811
2026-03-25T15:42:11.598670Z  INFO ThreadId(24) sensor_read sensor="power" seq=88 value=3.945168734061679 drift_us=1298 jitter_us=66 latency_us=1 elapsed_us=17803834
2026-03-25T15:42:11.598737Z  INFO ThreadId(25) downlink_tx: sent tx_log_seq=300 sensor=Thermal sensor_seq=177 queue_latency_us=86 elapsed_us=17803831
2026-03-25T15:42:11.598752Z  INFO ThreadId(25) downlink_tx: sent tx_log_seq=301 sensor=Power sensor_seq=88 queue_latency_us=82 elapsed_us=17803831
2026-03-25T15:42:11.698459Z  INFO ThreadId(25) Task dispatched task="ThermalControl" drift_us=1035
2026-03-25T15:42:11.698491Z  INFO ThreadId(02) sensor_read sensor="thermal" seq=178 value=61.919913985221044 drift_us=1124 jitter_us=259 latency_us=0 elapsed_us=17903650
2026-03-25T15:42:11.748357Z  INFO ThreadId(25) downlink_tx: sent tx_log_seq=302 sensor=Thermal sensor_seq=178 queue_latency_us=49858 elapsed_us=17953412
2026-03-25T15:42:11.799762Z  INFO ThreadId(02) Task dispatched task="ThermalControl" drift_us=2337
2026-03-25T15:42:11.799766Z ERROR ThreadId(25) JITTER LIMIT VIOLATED (>1ms) sensor="power" jitter_us=1502
2026-03-25T15:42:11.799780Z  INFO ThreadId(25) sensor_read sensor="power" seq=89 value=3.873729188421912 drift_us=2388 jitter_us=1502 latency_us=0 elapsed_us=18004924
2026-03-25T15:42:11.799784Z  WARN ThreadId(02) JITTER EXCEEDED 1ms limit sensor="thermal" jitter_us=1459 consecutive_miss=1 limit_us=1000 elapsed_us=18004948
2026-03-25T15:42:11.799784Z ERROR ThreadId(21) JITTER LIMIT VIOLATED (>1ms) sensor="imu" jitter_us=2080
2026-03-25T15:42:11.799789Z  INFO ThreadId(21) sensor_read sensor="imu" seq=35 value=0.01922269298560106 drift_us=2402 jitter_us=2080 latency_us=0 elapsed_us=18004942
2026-03-25T15:42:11.799789Z  INFO ThreadId(02) sensor_read sensor="thermal" seq=179 value=45.994181830180636 drift_us=2422 jitter_us=1459 latency_us=0 elapsed_us=18004948
2026-03-25T15:42:11.799874Z  INFO ThreadId(25) downlink_tx: sent tx_log_seq=303 sensor=Imu sensor_seq=35 queue_latency_us=94 elapsed_us=18004957
2026-03-25T15:42:11.799887Z  INFO ThreadId(25) downlink_tx: sent tx_log_seq=304 sensor=Power sensor_seq=89 queue_latency_us=127 elapsed_us=18004957
2026-03-25T15:42:11.799896Z  INFO ThreadId(25) downlink_tx: sent tx_log_seq=305 sensor=Thermal sensor_seq=179 queue_latency_us=109 elapsed_us=18004957
2026-03-25T15:42:11.806297Z  INFO ThreadId(02) Task dispatched task="DataCompress" drift_us=8875
2026-03-25T15:42:11.827667Z  INFO ThreadId(02) Task dispatched task="HealthMonitor" drift_us=30242
2026-03-25T15:42:11.898586Z  INFO ThreadId(02) Task dispatched task="ThermalControl" drift_us=1160
2026-03-25T15:42:11.898601Z  WARN ThreadId(22) JITTER EXCEEDED 1ms limit sensor="thermal" jitter_us=2485 consecutive_miss=2 limit_us=1000 elapsed_us=18103761
2026-03-25T15:42:11.898610Z  INFO ThreadId(22) sensor_read sensor="thermal" seq=180 value=54.467183821336164 drift_us=1235 jitter_us=2485 latency_us=0 elapsed_us=18103761
2026-03-25T15:42:11.898715Z  INFO ThreadId(21) downlink_tx: sent tx_log_seq=306 sensor=Thermal sensor_seq=180 queue_latency_us=103 elapsed_us=18103778
2026-03-25T15:42:11.998563Z  INFO ThreadId(21) Task dispatched task="ThermalControl" drift_us=1139
2026-03-25T15:42:11.998605Z ERROR ThreadId(24) JITTER LIMIT VIOLATED (>1ms) sensor="power" jitter_us=2249
2026-03-25T15:42:11.998597Z  WARN ThreadId(02) JITTER EXCEEDED 1ms limit sensor="thermal" jitter_us=1174 consecutive_miss=3 limit_us=1000 elapsed_us=18203748
2026-03-25T15:42:11.998611Z  INFO ThreadId(24) sensor_read sensor="power" seq=90 value=2.9988497328165753 drift_us=1229 jitter_us=2249 latency_us=0 elapsed_us=18203765
2026-03-25T15:42:11.998617Z  INFO ThreadId(02) sensor_read sensor="thermal" seq=181 value=46.865042503761664 drift_us=1222 jitter_us=1174 latency_us=0 elapsed_us=18203748
2026-03-25T15:42:12.048665Z  INFO ThreadId(24) downlink_tx: sent tx_log_seq=307 sensor=Power sensor_seq=90 queue_latency_us=50051 elapsed_us=18253716
2026-03-25T15:42:12.048690Z  INFO ThreadId(24) downlink_tx: sent tx_log_seq=308 sensor=Thermal sensor_seq=181 queue_latency_us=50075 elapsed_us=18253716
2026-03-25T15:42:12.098337Z  INFO ThreadId(02) Task dispatched task="ThermalControl" drift_us=912
2026-03-25T15:42:12.098370Z  INFO ThreadId(02) sensor_read sensor="thermal" seq=182 value=30.778365975907363 drift_us=1007 jitter_us=202 latency_us=0 elapsed_us=18303533
2026-03-25T15:42:12.149335Z  INFO ThreadId(02) downlink_tx: sent tx_log_seq=309 sensor=Thermal sensor_seq=182 queue_latency_us=50950 elapsed_us=18354357
2026-03-25T15:42:12.198554Z  INFO ThreadId(21) Task dispatched task="ThermalControl" drift_us=1124
2026-03-25T15:42:12.198590Z  INFO ThreadId(24) sensor_read sensor="thermal" seq=183 value=51.71029056840733 drift_us=1210 jitter_us=418 latency_us=0 elapsed_us=18403736
2026-03-25T15:42:12.198637Z ERROR ThreadId(22) JITTER LIMIT VIOLATED (>1ms) sensor="power" jitter_us=1182
2026-03-25T15:42:12.198648Z  INFO ThreadId(22) sensor_read sensor="power" seq=91 value=4.048918681705679 drift_us=1252 jitter_us=1182 latency_us=0 elapsed_us=18403788
2026-03-25T15:42:12.198720Z  INFO ThreadId(02) downlink_tx: sent tx_log_seq=310 sensor=Thermal sensor_seq=183 queue_latency_us=141 elapsed_us=18403758
2026-03-25T15:42:12.198745Z  INFO ThreadId(02) downlink_tx: sent tx_log_seq=311 sensor=Power sensor_seq=91 queue_latency_us=119 elapsed_us=18403758
2026-03-25T15:42:12.298293Z  INFO ThreadId(02) Task dispatched task="ThermalControl" drift_us=869
2026-03-25T15:42:12.298331Z  INFO ThreadId(24) sensor_read sensor="thermal" seq=184 value=54.106912673640075 drift_us=950 jitter_us=463 latency_us=0 elapsed_us=18503476
2026-03-25T15:42:12.298349Z ERROR ThreadId(25) JITTER LIMIT VIOLATED (>1ms) sensor="imu" jitter_us=2741
2026-03-25T15:42:12.298362Z  INFO ThreadId(25) sensor_read sensor="imu" seq=36 value=0.028160885275999664 drift_us=966 jitter_us=2741 latency_us=0 elapsed_us=18503506
2026-03-25T15:42:12.298413Z  INFO ThreadId(02) downlink_tx: sent tx_log_seq=312 sensor=Thermal sensor_seq=184 queue_latency_us=98 elapsed_us=18503481
2026-03-25T15:42:12.298428Z  INFO ThreadId(02) downlink_tx: sent tx_log_seq=313 sensor=Imu sensor_seq=36 queue_latency_us=84 elapsed_us=18503481
2026-03-25T15:42:12.305246Z  INFO ThreadId(21) Task dispatched task="DataCompress" drift_us=7829
2026-03-25T15:42:12.398225Z  INFO ThreadId(21) Task dispatched task="ThermalControl" drift_us=800
2026-03-25T15:42:12.398261Z  INFO ThreadId(02) sensor_read sensor="thermal" seq=185 value=20.859741765178086 drift_us=882 jitter_us=192 latency_us=0 elapsed_us=18603408
2026-03-25T15:42:12.398308Z  INFO ThreadId(24) sensor_read sensor="power" seq=92 value=3.093842953380964 drift_us=930 jitter_us=345 latency_us=0 elapsed_us=18603466
2026-03-25T15:42:12.398345Z  INFO ThreadId(25) downlink_tx: sent tx_log_seq=314 sensor=Thermal sensor_seq=185 queue_latency_us=95 elapsed_us=18603441
2026-03-25T15:42:12.398358Z  INFO ThreadId(25) downlink_tx: sent tx_log_seq=315 sensor=Power sensor_seq=92 queue_latency_us=56 elapsed_us=18603441
2026-03-25T15:42:12.498899Z  INFO ThreadId(25) Task dispatched task="ThermalControl" drift_us=1476
2026-03-25T15:42:12.498924Z  INFO ThreadId(25) sensor_read sensor="thermal" seq=186 value=45.54959890964629 drift_us=1560 jitter_us=746 latency_us=0 elapsed_us=18704086
2026-03-25T15:42:12.499008Z  INFO ThreadId(24) downlink_tx: sent tx_log_seq=316 sensor=Thermal sensor_seq=186 queue_latency_us=81 elapsed_us=18704089
2026-03-25T15:42:12.598289Z  INFO ThreadId(24) Task dispatched task="ThermalControl" drift_us=864
2026-03-25T15:42:12.598325Z  WARN ThreadId(25) JITTER EXCEEDED 1ms limit sensor="thermal" jitter_us=1290 consecutive_miss=1 limit_us=1000 elapsed_us=18803474
2026-03-25T15:42:12.598341Z  INFO ThreadId(22) sensor_read sensor="power" seq=93 value=2.665452468926624 drift_us=965 jitter_us=357 latency_us=0 elapsed_us=18803501
2026-03-25T15:42:12.598345Z  INFO ThreadId(25) sensor_read sensor="thermal" seq=187 value=38.07966955537853 drift_us=948 jitter_us=1290 latency_us=0 elapsed_us=18803474
2026-03-25T15:42:12.648508Z  INFO ThreadId(25) downlink_tx: sent tx_log_seq=317 sensor=Power sensor_seq=93 queue_latency_us=50151 elapsed_us=18853513
2026-03-25T15:42:12.648608Z  INFO ThreadId(25) downlink_tx: sent tx_log_seq=318 sensor=Thermal sensor_seq=187 queue_latency_us=50264 elapsed_us=18853513
2026-03-25T15:42:12.698550Z  INFO ThreadId(02) Task dispatched task="ThermalControl" drift_us=1125
2026-03-25T15:42:12.698610Z  INFO ThreadId(25) sensor_read sensor="thermal" seq=188 value=48.329967249470684 drift_us=1243 jitter_us=907 latency_us=0 elapsed_us=18903769
2026-03-25T15:42:12.749267Z  INFO ThreadId(02) downlink_tx: sent tx_log_seq=319 sensor=Thermal sensor_seq=188 queue_latency_us=50645 elapsed_us=18954270
2026-03-25T15:42:12.798146Z  INFO ThreadId(25) Task dispatched task="ThermalControl" drift_us=719
2026-03-25T15:42:12.798175Z  INFO ThreadId(25) sensor_read sensor="thermal" seq=189 value=79.3929813122026 drift_us=810 jitter_us=728 latency_us=0 elapsed_us=19003336
2026-03-25T15:42:12.798192Z ERROR ThreadId(25) JITTER LIMIT VIOLATED (>1ms) sensor="imu" jitter_us=1286
2026-03-25T15:42:12.798193Z  INFO ThreadId(25) sensor_read sensor="imu" seq=37 value=-0.00023216786786836585 drift_us=816 jitter_us=1286 latency_us=0 elapsed_us=19003356
2026-03-25T15:42:12.798189Z  INFO ThreadId(02) sensor_read sensor="power" seq=94 value=2.915403986436491 drift_us=795 jitter_us=205 latency_us=0 elapsed_us=19003331
2026-03-25T15:42:12.798326Z  INFO ThreadId(24) downlink_tx: sent tx_log_seq=320 sensor=Imu sensor_seq=37 queue_latency_us=128 elapsed_us=19003363
2026-03-25T15:42:12.798351Z  INFO ThreadId(24) downlink_tx: sent tx_log_seq=321 sensor=Power sensor_seq=94 queue_latency_us=182 elapsed_us=19003363
2026-03-25T15:42:12.798364Z  INFO ThreadId(24) downlink_tx: sent tx_log_seq=322 sensor=Thermal sensor_seq=189 queue_latency_us=191 elapsed_us=19003363
2026-03-25T15:42:12.804494Z  INFO ThreadId(25) Task dispatched task="DataCompress" drift_us=7076
2026-03-25T15:42:12.826409Z  INFO ThreadId(25) Task dispatched task="HealthMonitor" drift_us=28986
2026-03-25T15:42:12.898567Z  INFO ThreadId(25) Task dispatched task="ThermalControl" drift_us=1143
2026-03-25T15:42:12.898617Z  INFO ThreadId(22) sensor_read sensor="thermal" seq=190 value=31.976308978504196 drift_us=1240 jitter_us=863 latency_us=0 elapsed_us=19103766
2026-03-25T15:42:12.949415Z  INFO ThreadId(25) downlink_tx: sent tx_log_seq=323 sensor=Thermal sensor_seq=190 queue_latency_us=50798 elapsed_us=19154469
2026-03-25T15:42:12.998252Z  INFO ThreadId(22) Task dispatched task="ThermalControl" drift_us=828
2026-03-25T15:42:12.998258Z  INFO ThreadId(25) sensor_read sensor="thermal" seq=191 value=32.16942726069757 drift_us=890 jitter_us=780 latency_us=0 elapsed_us=19203416
2026-03-25T15:42:12.998286Z  INFO ThreadId(24) sensor_read sensor="power" seq=95 value=1.0723307076293764 drift_us=910 jitter_us=285 latency_us=0 elapsed_us=19203446
2026-03-25T15:42:12.998373Z  INFO ThreadId(22) downlink_tx: sent tx_log_seq=324 sensor=Thermal sensor_seq=191 queue_latency_us=119 elapsed_us=19203439
2026-03-25T15:42:12.998387Z  INFO ThreadId(22) downlink_tx: sent tx_log_seq=325 sensor=Power sensor_seq=95 queue_latency_us=105 elapsed_us=19203439
2026-03-25T15:42:13.098108Z  INFO ThreadId(25) Task dispatched task="ThermalControl" drift_us=685
2026-03-25T15:42:13.098134Z  INFO ThreadId(25) sensor_read sensor="thermal" seq=192 value=23.112341100718062 drift_us=770 jitter_us=230 latency_us=0 elapsed_us=19303296
2026-03-25T15:42:13.098221Z  INFO ThreadId(24) downlink_tx: sent tx_log_seq=326 sensor=Thermal sensor_seq=192 queue_latency_us=84 elapsed_us=19303300
2026-03-25T15:42:13.198117Z  INFO ThreadId(24) Task dispatched task="ThermalControl" drift_us=692
2026-03-25T15:42:13.198159Z  INFO ThreadId(25) sensor_read sensor="thermal" seq=193 value=26.574857155075232 drift_us=779 jitter_us=129 latency_us=0 elapsed_us=19403305
2026-03-25T15:42:13.198189Z  INFO ThreadId(25) sensor_read sensor="power" seq=96 value=2.2445072692817574 drift_us=776 jitter_us=249 latency_us=0 elapsed_us=19403312
2026-03-25T15:42:13.198313Z  INFO ThreadId(25) downlink_tx: sent tx_log_seq=327 sensor=Power sensor_seq=96 queue_latency_us=163 elapsed_us=19403307
2026-03-25T15:42:13.198333Z  INFO ThreadId(25) downlink_tx: sent tx_log_seq=328 sensor=Thermal sensor_seq=193 queue_latency_us=190 elapsed_us=19403307
2026-03-25T15:42:13.298125Z  INFO ThreadId(25) Task dispatched task="ThermalControl" drift_us=702
2026-03-25T15:42:13.298134Z  INFO ThreadId(24) sensor_read sensor="thermal" seq=194 value=73.6568907641717 drift_us=765 jitter_us=23 latency_us=0 elapsed_us=19503291
2026-03-25T15:42:13.298149Z  INFO ThreadId(22) sensor_read sensor="imu" seq=38 value=0.023338968047150382 drift_us=770 jitter_us=104 latency_us=0 elapsed_us=19503310
2026-03-25T15:42:13.298202Z  INFO ThreadId(25) downlink_tx: sent tx_log_seq=329 sensor=Imu sensor_seq=38 queue_latency_us=56 elapsed_us=19503314
2026-03-25T15:42:13.298216Z  INFO ThreadId(25) downlink_tx: sent tx_log_seq=330 sensor=Thermal sensor_seq=194 queue_latency_us=88 elapsed_us=19503314
2026-03-25T15:42:13.304243Z  INFO ThreadId(21) Task dispatched task="DataCompress" drift_us=6824
2026-03-25T15:42:13.398360Z  INFO ThreadId(25) Task dispatched task="ThermalControl" drift_us=934
2026-03-25T15:42:13.398390Z  INFO ThreadId(21) sensor_read sensor="thermal" seq=195 value=24.85697926415114 drift_us=1011 jitter_us=260 latency_us=0 elapsed_us=19603537
2026-03-25T15:42:13.398436Z  INFO ThreadId(22) sensor_read sensor="power" seq=97 value=0.6393365465772578 drift_us=1049 jitter_us=407 latency_us=1 elapsed_us=19603585
2026-03-25T15:42:13.398605Z  INFO ThreadId(22) downlink_tx: sent tx_log_seq=331 sensor=Power sensor_seq=97 queue_latency_us=179 elapsed_us=19603587
2026-03-25T15:42:13.398641Z  INFO ThreadId(22) downlink_tx: sent tx_log_seq=332 sensor=Thermal sensor_seq=195 queue_latency_us=265 elapsed_us=19603587
2026-03-25T15:42:13.498638Z  INFO ThreadId(22) Task dispatched task="ThermalControl" drift_us=1213
2026-03-25T15:42:13.498661Z  INFO ThreadId(22) sensor_read sensor="thermal" seq=196 value=40.14433473001916 drift_us=1298 jitter_us=41 latency_us=0 elapsed_us=19703824
2026-03-25T15:42:13.498808Z  INFO ThreadId(24) downlink_tx: sent tx_log_seq=333 sensor=Thermal sensor_seq=196 queue_latency_us=137 elapsed_us=19703840
2026-03-25T15:42:13.598088Z  INFO ThreadId(24) Task dispatched task="ThermalControl" drift_us=663
2026-03-25T15:42:13.598122Z  INFO ThreadId(25) sensor_read sensor="power" seq=98 value=3.1634542149053346 drift_us=745 jitter_us=577 latency_us=0 elapsed_us=19803281
2026-03-25T15:42:13.598123Z  INFO ThreadId(22) sensor_read sensor="thermal" seq=197 value=57.98376962328192 drift_us=744 jitter_us=841 latency_us=0 elapsed_us=19803270
2026-03-25T15:42:13.598271Z  INFO ThreadId(21) downlink_tx: sent tx_log_seq=334 sensor=Power sensor_seq=98 queue_latency_us=144 elapsed_us=19803306
2026-03-25T15:42:13.598301Z  INFO ThreadId(21) downlink_tx: sent tx_log_seq=335 sensor=Thermal sensor_seq=197 queue_latency_us=191 elapsed_us=19803306
2026-03-25T15:42:13.698476Z  INFO ThreadId(21) Task dispatched task="ThermalControl" drift_us=1050
2026-03-25T15:42:13.698482Z  INFO ThreadId(25) sensor_read sensor="thermal" seq=198 value=36.213184565546385 drift_us=1115 jitter_us=925 latency_us=0 elapsed_us=19903641
2026-03-25T15:42:13.698588Z  INFO ThreadId(02) downlink_tx: sent tx_log_seq=336 sensor=Thermal sensor_seq=198 queue_latency_us=106 elapsed_us=19903655
2026-03-25T15:42:13.798105Z  INFO ThreadId(02) Task dispatched task="ThermalControl" drift_us=680
2026-03-25T15:42:13.798117Z  INFO ThreadId(22) sensor_read sensor="power" seq=99 value=4.152829208651313 drift_us=738 jitter_us=297 latency_us=0 elapsed_us=20003274
2026-03-25T15:42:13.798130Z  INFO ThreadId(02) sensor_read sensor="thermal" seq=199 value=62.25038007176835 drift_us=767 jitter_us=719 latency_us=0 elapsed_us=20003293
2026-03-25T15:42:13.798136Z  INFO ThreadId(25) sensor_read sensor="imu" seq=39 value=-0.04616577750451887 drift_us=757 jitter_us=33 latency_us=0 elapsed_us=20003297
2026-03-25T15:42:13.798221Z  INFO ThreadId(02) downlink_tx: sent tx_log_seq=337 sensor=Imu sensor_seq=39 queue_latency_us=87 elapsed_us=20003302
2026-03-25T15:42:13.798235Z  INFO ThreadId(02) downlink_tx: sent tx_log_seq=338 sensor=Power sensor_seq=99 queue_latency_us=125 elapsed_us=20003302
2026-03-25T15:42:13.798243Z  INFO ThreadId(02) downlink_tx: sent tx_log_seq=339 sensor=Thermal sensor_seq=199 queue_latency_us=114 elapsed_us=20003302
2026-03-25T15:42:13.804636Z  INFO ThreadId(25) rms_scheduler CPU usage cpu_util_pct=14.041896421575109
2026-03-25T15:42:13.804667Z  INFO ThreadId(25) Task dispatched task="DataCompress" drift_us=7218
2026-03-25T15:42:13.811502Z  INFO ThreadId(25) uplink_rx: received cmd=Heartbeat seq=6 dispatch_latency_us=0 elapsed_us=20016648
2026-03-25T15:42:13.811525Z  INFO ThreadId(25) command executed cmd=Heartbeat
2026-03-25T15:42:13.825396Z  INFO ThreadId(25) Task dispatched task="HealthMonitor" drift_us=27971
2026-03-25T15:42:13.898525Z  INFO ThreadId(25) Task dispatched task="ThermalControl" drift_us=1100
2026-03-25T15:42:13.898529Z  INFO ThreadId(02) sensor_read sensor="thermal" seq=200 value=26.813385660504547 drift_us=1162 jitter_us=743 latency_us=0 elapsed_us=20103688
2026-03-25T15:42:13.898690Z  INFO ThreadId(21) downlink_tx: sent tx_log_seq=340 sensor=Thermal sensor_seq=200 queue_latency_us=149 elapsed_us=20103717
2026-03-25T15:42:13.980225Z  WARN ThreadId(02) FAULT INJECTED fault=CorruptedData severity=2 elapsed_us=20185370
2026-03-25T15:42:13.980255Z  INFO ThreadId(02) satellite state → Fault (fault injection) fault=CorruptedData elapsed_us=20185370
2026-03-25T15:42:13.998268Z  INFO ThreadId(02) Task dispatched task="ThermalControl" drift_us=844
2026-03-25T15:42:13.998274Z  INFO ThreadId(21) sensor_read sensor="thermal" seq=201 value=62.24563659109285 drift_us=905 jitter_us=652 latency_us=0 elapsed_us=20203431
2026-03-25T15:42:13.998319Z  INFO ThreadId(22) sensor_read sensor="power" seq=100 value=1.1332409375619579 drift_us=929 jitter_us=198 latency_us=0 elapsed_us=20203465
2026-03-25T15:42:13.998389Z  INFO ThreadId(21) downlink_tx: sent tx_log_seq=341 sensor=Thermal sensor_seq=201 queue_latency_us=120 elapsed_us=20203462
2026-03-25T15:42:13.998405Z  INFO ThreadId(21) downlink_tx: sent tx_log_seq=342 sensor=Power sensor_seq=100 queue_latency_us=102 elapsed_us=20203462
2026-03-25T15:42:14.098502Z  INFO ThreadId(25) Task dispatched task="ThermalControl" drift_us=1077
2026-03-25T15:42:14.098555Z  INFO ThreadId(21) sensor_read sensor="thermal" seq=202 value=60.023205173936596 drift_us=1175 jitter_us=527 latency_us=1 elapsed_us=20303701
2026-03-25T15:42:14.131911Z  INFO ThreadId(22) fault_pkt sent to GCS — awaiting ResetSensor command elapsed_us=20337058
2026-03-25T15:42:14.148600Z  INFO ThreadId(21) downlink_tx: sent tx_log_seq=343 sensor=Thermal sensor_seq=202 queue_latency_us=50048 elapsed_us=20353637
2026-03-25T15:42:14.164801Z  INFO ThreadId(21) uplink_rx: received cmd=SafeMode seq=7 dispatch_latency_us=0 elapsed_us=20369951
2026-03-25T15:42:14.164821Z  INFO ThreadId(21) command executed cmd=SafeMode
2026-03-25T15:42:14.199189Z  INFO ThreadId(22) Task dispatched task="ThermalControl" drift_us=1765
2026-03-25T15:42:14.199193Z  INFO ThreadId(21) sensor_read sensor="thermal" seq=203 value=78.17829932221271 drift_us=1825 jitter_us=380 latency_us=0 elapsed_us=20404351
2026-03-25T15:42:14.199212Z  INFO ThreadId(21) sensor_read sensor="power" seq=101 value=0.9982694596242787 drift_us=1840 jitter_us=720 latency_us=0 elapsed_us=20404376
2026-03-25T15:42:14.199286Z  INFO ThreadId(22) downlink_tx: sent tx_log_seq=344 sensor=Power sensor_seq=101 queue_latency_us=74 elapsed_us=20404376
2026-03-25T15:42:14.199300Z  INFO ThreadId(22) downlink_tx: sent tx_log_seq=345 sensor=Thermal sensor_seq=203 queue_latency_us=112 elapsed_us=20404376
2026-03-25T15:42:14.199381Z  INFO ThreadId(02) uplink_rx: received cmd=ResetSensor seq=8 dispatch_latency_us=0 elapsed_us=20404543
2026-03-25T15:42:14.199389Z  INFO ThreadId(02) command executed cmd=ResetSensor
2026-03-25T15:42:14.204514Z  INFO ThreadId(02) FAULT RECOVERED — satellite state → Nominal recovery_ms=72 elapsed_us=20409671
2026-03-25T15:42:14.211189Z  INFO ThreadId(02) uplink_rx: received cmd=RequestTelemetry seq=9 dispatch_latency_us=0 elapsed_us=20416344
2026-03-25T15:42:14.211207Z  WARN ThreadId(02) RE-REQUEST RECEIVED: GCS requesting missing packet req_seq=9
2026-03-25T15:42:14.211210Z  INFO ThreadId(02) command executed cmd=RequestTelemetry
2026-03-25T15:42:14.211214Z  INFO ThreadId(02) uplink_rx: received cmd=RequestTelemetry seq=10 dispatch_latency_us=0 elapsed_us=20416379
2026-03-25T15:42:14.211217Z  WARN ThreadId(02) RE-REQUEST RECEIVED: GCS requesting missing packet req_seq=10
2026-03-25T15:42:14.211219Z  INFO ThreadId(02) command executed cmd=RequestTelemetry
2026-03-25T15:42:14.298216Z  WARN ThreadId(25) JITTER EXCEEDED 1ms limit sensor="thermal" jitter_us=1627 consecutive_miss=1 limit_us=1000 elapsed_us=20503374
2026-03-25T15:42:14.298213Z  INFO ThreadId(02) Task dispatched task="ThermalControl" drift_us=787
2026-03-25T15:42:14.298232Z  INFO ThreadId(25) sensor_read sensor="thermal" seq=204 value=76.98394536879843 drift_us=848 jitter_us=1627 latency_us=0 elapsed_us=20503374
2026-03-25T15:42:14.298245Z  INFO ThreadId(22) sensor_read sensor="imu" seq=40 value=-0.04449752151450777 drift_us=865 jitter_us=121 latency_us=0 elapsed_us=20503405
2026-03-25T15:42:14.298329Z  INFO ThreadId(02) downlink_tx: sent tx_log_seq=346 sensor=Thermal sensor_seq=204 queue_latency_us=96 elapsed_us=20503401
2026-03-25T15:42:14.298344Z  INFO ThreadId(02) downlink_tx: sent tx_log_seq=347 sensor=Imu sensor_seq=40 queue_latency_us=102 elapsed_us=20503401
2026-03-25T15:42:14.304714Z  INFO ThreadId(25) Task dispatched task="DataCompress" drift_us=7292
2026-03-25T15:42:14.398306Z  INFO ThreadId(02) Task dispatched task="ThermalControl" drift_us=881
2026-03-25T15:42:14.398340Z ERROR ThreadId(22) JITTER LIMIT VIOLATED (>1ms) sensor="power" jitter_us=1788
2026-03-25T15:42:14.398337Z  WARN ThreadId(25) JITTER EXCEEDED 1ms limit sensor="thermal" jitter_us=1089 consecutive_miss=2 limit_us=1000 elapsed_us=20603486
2026-03-25T15:42:14.398347Z  INFO ThreadId(22) sensor_read sensor="power" seq=102 value=2.8153823781110767 drift_us=963 jitter_us=1788 latency_us=0 elapsed_us=20603499
2026-03-25T15:42:14.398357Z  INFO ThreadId(25) sensor_read sensor="thermal" seq=205 value=20.59642706492123 drift_us=960 jitter_us=1089 latency_us=0 elapsed_us=20603486
2026-03-25T15:42:14.398481Z  INFO ThreadId(24) downlink_tx: sent tx_log_seq=348 sensor=Power sensor_seq=102 queue_latency_us=137 elapsed_us=20603520
2026-03-25T15:42:14.398507Z  INFO ThreadId(24) downlink_tx: sent tx_log_seq=349 sensor=Thermal sensor_seq=205 queue_latency_us=152 elapsed_us=20603520
2026-03-25T15:42:14.498341Z  INFO ThreadId(24) Task dispatched task="ThermalControl" drift_us=917
2026-03-25T15:42:14.498348Z  INFO ThreadId(22) sensor_read sensor="thermal" seq=206 value=57.668831660718595 drift_us=981 jitter_us=91 latency_us=0 elapsed_us=20703507
2026-03-25T15:42:14.498461Z  INFO ThreadId(24) downlink_tx: sent tx_log_seq=350 sensor=Thermal sensor_seq=206 queue_latency_us=117 elapsed_us=20703528
2026-03-25T15:42:14.598274Z  INFO ThreadId(22) Task dispatched task="ThermalControl" drift_us=848
2026-03-25T15:42:14.598316Z  INFO ThreadId(21) sensor_read sensor="power" seq=103 value=4.577890052062914 drift_us=938 jitter_us=852 latency_us=0 elapsed_us=20803474
2026-03-25T15:42:14.598311Z  INFO ThreadId(24) sensor_read sensor="thermal" seq=207 value=57.114282338632705 drift_us=931 jitter_us=71 latency_us=0 elapsed_us=20803457
2026-03-25T15:42:14.598462Z  INFO ThreadId(25) downlink_tx: sent tx_log_seq=351 sensor=Power sensor_seq=103 queue_latency_us=142 elapsed_us=20803500
2026-03-25T15:42:14.598489Z  INFO ThreadId(25) downlink_tx: sent tx_log_seq=352 sensor=Thermal sensor_seq=207 queue_latency_us=195 elapsed_us=20803500
2026-03-25T15:42:14.698605Z  INFO ThreadId(25) Task dispatched task="ThermalControl" drift_us=1179
2026-03-25T15:42:14.698660Z  INFO ThreadId(02) sensor_read sensor="thermal" seq=208 value=48.51317682789954 drift_us=1276 jitter_us=395 latency_us=0 elapsed_us=20903802
2026-03-25T15:42:14.748557Z  INFO ThreadId(25) downlink_tx: sent tx_log_seq=353 sensor=Thermal sensor_seq=208 queue_latency_us=49901 elapsed_us=20953498
2026-03-25T15:42:14.798418Z  INFO ThreadId(02) Task dispatched task="ThermalControl" drift_us=992
2026-03-25T15:42:14.798446Z  INFO ThreadId(02) sensor_read sensor="thermal" seq=209 value=56.84991709868187 drift_us=1081 jitter_us=540 latency_us=0 elapsed_us=21003607
2026-03-25T15:42:14.798462Z  INFO ThreadId(24) sensor_read sensor="imu" seq=41 value=0.03676094223151288 drift_us=1082 jitter_us=109 latency_us=0 elapsed_us=21003622
2026-03-25T15:42:14.798533Z  INFO ThreadId(02) downlink_tx: sent tx_log_seq=354 sensor=Imu sensor_seq=41 queue_latency_us=75 elapsed_us=21003625
2026-03-25T15:42:14.798547Z  INFO ThreadId(02) downlink_tx: sent tx_log_seq=355 sensor=Power sensor_seq=104 queue_latency_us=106 elapsed_us=21003625
2026-03-25T15:42:14.798536Z  INFO ThreadId(25) sensor_read sensor="power" seq=104 value=4.491521152658874 drift_us=1068 jitter_us=155 latency_us=0 elapsed_us=21003604
2026-03-25T15:42:14.798555Z  INFO ThreadId(02) downlink_tx: sent tx_log_seq=356 sensor=Thermal sensor_seq=209 queue_latency_us=111 elapsed_us=21003625
2026-03-25T15:42:14.804492Z  INFO ThreadId(21) Task dispatched task="DataCompress" drift_us=7074
2026-03-25T15:42:14.826139Z  INFO ThreadId(21) Task dispatched task="HealthMonitor" drift_us=28714
2026-03-25T15:42:14.898482Z  INFO ThreadId(21) Task dispatched task="ThermalControl" drift_us=1057
2026-03-25T15:42:14.898519Z  INFO ThreadId(21) sensor_read sensor="thermal" seq=210 value=31.88332914210332 drift_us=1154 jitter_us=268 latency_us=0 elapsed_us=21103680
2026-03-25T15:42:14.949367Z  INFO ThreadId(21) downlink_tx: sent tx_log_seq=357 sensor=Thermal sensor_seq=210 queue_latency_us=50833 elapsed_us=21154383
2026-03-25T15:42:14.998418Z  INFO ThreadId(24) Task dispatched task="ThermalControl" drift_us=992
2026-03-25T15:42:14.998445Z  INFO ThreadId(24) sensor_read sensor="power" seq=105 value=0.8453585300231311 drift_us=1071 jitter_us=127 latency_us=0 elapsed_us=21203607
2026-03-25T15:42:14.998491Z  INFO ThreadId(02) sensor_read sensor="thermal" seq=211 value=31.12231767407887 drift_us=1126 jitter_us=101 latency_us=0 elapsed_us=21203652
2026-03-25T15:42:14.998565Z  INFO ThreadId(24) downlink_tx: sent tx_log_seq=358 sensor=Power sensor_seq=105 queue_latency_us=118 elapsed_us=21203623
2026-03-25T15:42:14.998599Z  INFO ThreadId(24) downlink_tx: sent tx_log_seq=359 sensor=Thermal sensor_seq=211 queue_latency_us=110 elapsed_us=21203623
2026-03-25T15:42:15.098561Z  INFO ThreadId(24) Task dispatched task="ThermalControl" drift_us=1135
2026-03-25T15:42:15.098616Z  INFO ThreadId(02) sensor_read sensor="thermal" seq=212 value=29.93742251283504 drift_us=1241 jitter_us=143 latency_us=0 elapsed_us=21303767
2026-03-25T15:42:15.148485Z  INFO ThreadId(02) downlink_tx: sent tx_log_seq=360 sensor=Thermal sensor_seq=212 queue_latency_us=49868 elapsed_us=21353530
2026-03-25T15:42:15.198628Z  INFO ThreadId(24) Task dispatched task="ThermalControl" drift_us=1203
2026-03-25T15:42:15.198635Z  INFO ThreadId(21) sensor_read sensor="thermal" seq=213 value=51.48016701299724 drift_us=1265 jitter_us=91 latency_us=0 elapsed_us=21403791
2026-03-25T15:42:15.198680Z  INFO ThreadId(02) sensor_read sensor="power" seq=106 value=4.061163831413928 drift_us=1292 jitter_us=218 latency_us=0 elapsed_us=21403828
2026-03-25T15:42:15.198765Z  INFO ThreadId(21) downlink_tx: sent tx_log_seq=361 sensor=Thermal sensor_seq=213 queue_latency_us=135 elapsed_us=21403825
2026-03-25T15:42:15.198784Z  INFO ThreadId(21) downlink_tx: sent tx_log_seq=362 sensor=Power sensor_seq=106 queue_latency_us=119 elapsed_us=21403825
2026-03-25T15:42:15.298188Z  INFO ThreadId(21) Task dispatched task="ThermalControl" drift_us=764
2026-03-25T15:42:15.298223Z  INFO ThreadId(25) sensor_read sensor="thermal" seq=214 value=42.16649399525238 drift_us=843 jitter_us=446 latency_us=0 elapsed_us=21503369
2026-03-25T15:42:15.298257Z  INFO ThreadId(24) sensor_read sensor="imu" seq=42 value=-0.07494211533758498 drift_us=869 jitter_us=430 latency_us=1 elapsed_us=21503409
2026-03-25T15:42:15.298318Z  INFO ThreadId(02) downlink_tx: sent tx_log_seq=363 sensor=Thermal sensor_seq=214 queue_latency_us=107 elapsed_us=21503382
2026-03-25T15:42:15.298337Z  INFO ThreadId(02) downlink_tx: sent tx_log_seq=364 sensor=Imu sensor_seq=42 queue_latency_us=91 elapsed_us=21503382
2026-03-25T15:42:15.304480Z  INFO ThreadId(22) Task dispatched task="DataCompress" drift_us=7058
2026-03-25T15:42:15.398520Z  INFO ThreadId(02) Task dispatched task="ThermalControl" drift_us=1096
2026-03-25T15:42:15.398554Z  INFO ThreadId(24) sensor_read sensor="power" seq=107 value=3.579074559138874 drift_us=1177 jitter_us=336 latency_us=0 elapsed_us=21603713
2026-03-25T15:42:15.398552Z  INFO ThreadId(22) sensor_read sensor="thermal" seq=215 value=40.158540495794924 drift_us=1173 jitter_us=752 latency_us=0 elapsed_us=21603699
2026-03-25T15:42:15.398786Z  INFO ThreadId(25) downlink_tx: sent tx_log_seq=365 sensor=Power sensor_seq=107 queue_latency_us=139 elapsed_us=21603736
2026-03-25T15:42:15.398822Z  INFO ThreadId(25) downlink_tx: sent tx_log_seq=366 sensor=Thermal sensor_seq=215 queue_latency_us=285 elapsed_us=21603736
2026-03-25T15:42:15.498379Z  INFO ThreadId(25) Task dispatched task="ThermalControl" drift_us=955
2026-03-25T15:42:15.498383Z  INFO ThreadId(24) sensor_read sensor="thermal" seq=216 value=72.0506493243009 drift_us=1016 jitter_us=487 latency_us=0 elapsed_us=21703542
2026-03-25T15:42:15.498444Z  INFO ThreadId(22) downlink_tx: sent tx_log_seq=367 sensor=Thermal sensor_seq=216 queue_latency_us=61 elapsed_us=21703549
2026-03-25T15:42:15.598413Z  INFO ThreadId(22) Task dispatched task="ThermalControl" drift_us=989
2026-03-25T15:42:15.598439Z  INFO ThreadId(22) sensor_read sensor="power" seq=108 value=3.594949225590865 drift_us=1065 jitter_us=3 latency_us=0 elapsed_us=21803601
2026-03-25T15:42:15.598451Z  INFO ThreadId(21) sensor_read sensor="thermal" seq=217 value=45.85635780816766 drift_us=1086 jitter_us=227 latency_us=0 elapsed_us=21803612
2026-03-25T15:42:15.598532Z  INFO ThreadId(22) downlink_tx: sent tx_log_seq=368 sensor=Power sensor_seq=108 queue_latency_us=93 elapsed_us=21803613
2026-03-25T15:42:15.598547Z  INFO ThreadId(22) downlink_tx: sent tx_log_seq=369 sensor=Thermal sensor_seq=217 queue_latency_us=98 elapsed_us=21803613
2026-03-25T15:42:15.698531Z  INFO ThreadId(22) Task dispatched task="ThermalControl" drift_us=1100
2026-03-25T15:42:15.698574Z  INFO ThreadId(22) sensor_read sensor="thermal" seq=218 value=20.24049404239293 drift_us=1209 jitter_us=53 latency_us=0 elapsed_us=21903735
2026-03-25T15:42:15.698738Z  INFO ThreadId(25) downlink_tx: sent tx_log_seq=370 sensor=Thermal sensor_seq=218 queue_latency_us=155 elapsed_us=21903740
2026-03-25T15:42:15.798538Z  INFO ThreadId(25) Task dispatched task="ThermalControl" drift_us=1114
2026-03-25T15:42:15.798564Z  INFO ThreadId(25) sensor_read sensor="thermal" seq=219 value=21.357112466125855 drift_us=1200 jitter_us=132 latency_us=0 elapsed_us=22003726
2026-03-25T15:42:15.798570Z  INFO ThreadId(22) sensor_read sensor="imu" seq=43 value=-0.06196450234203175 drift_us=1191 jitter_us=535 latency_us=0 elapsed_us=22003731
2026-03-25T15:42:15.798572Z  INFO ThreadId(24) sensor_read sensor="power" seq=109 value=3.722112213872487 drift_us=1179 jitter_us=226 latency_us=0 elapsed_us=22003715
2026-03-25T15:42:15.798656Z  INFO ThreadId(25) downlink_tx: sent tx_log_seq=371 sensor=Imu sensor_seq=43 queue_latency_us=87 elapsed_us=22003743
2026-03-25T15:42:15.798669Z  INFO ThreadId(25) downlink_tx: sent tx_log_seq=372 sensor=Power sensor_seq=109 queue_latency_us=117 elapsed_us=22003743
2026-03-25T15:42:15.798676Z  INFO ThreadId(25) downlink_tx: sent tx_log_seq=373 sensor=Thermal sensor_seq=219 queue_latency_us=114 elapsed_us=22003743
2026-03-25T15:42:15.804822Z  INFO ThreadId(22) Task dispatched task="DataCompress" drift_us=7400
2026-03-25T15:42:15.826068Z  INFO ThreadId(22) Task dispatched task="HealthMonitor" drift_us=28644
2026-03-25T15:42:15.898209Z  INFO ThreadId(22) Task dispatched task="ThermalControl" drift_us=785
2026-03-25T15:42:15.898235Z  INFO ThreadId(22) sensor_read sensor="thermal" seq=220 value=41.356430095294215 drift_us=870 jitter_us=321 latency_us=0 elapsed_us=22103396
2026-03-25T15:42:15.898324Z  INFO ThreadId(22) downlink_tx: sent tx_log_seq=374 sensor=Thermal sensor_seq=220 queue_latency_us=90 elapsed_us=22103397
2026-03-25T15:42:15.998339Z  INFO ThreadId(22) Task dispatched task="ThermalControl" drift_us=913
2026-03-25T15:42:15.998347Z  INFO ThreadId(24) sensor_read sensor="thermal" seq=221 value=47.231646956474236 drift_us=979 jitter_us=439 latency_us=0 elapsed_us=22203505
2026-03-25T15:42:15.998368Z  INFO ThreadId(24) sensor_read sensor="power" seq=110 value=1.873027345532954 drift_us=996 jitter_us=297 latency_us=0 elapsed_us=22203532
2026-03-25T15:42:15.998428Z  INFO ThreadId(25) downlink_tx: sent tx_log_seq=375 sensor=Power sensor_seq=110 queue_latency_us=58 elapsed_us=22203535
2026-03-25T15:42:15.998443Z  INFO ThreadId(25) downlink_tx: sent tx_log_seq=376 sensor=Thermal sensor_seq=221 queue_latency_us=101 elapsed_us=22203535
2026-03-25T15:42:16.098337Z  INFO ThreadId(25) Task dispatched task="ThermalControl" drift_us=913
2026-03-25T15:42:16.098369Z  INFO ThreadId(24) sensor_read sensor="thermal" seq=222 value=41.29878213610105 drift_us=1003 jitter_us=85 latency_us=0 elapsed_us=22303529
2026-03-25T15:42:16.148611Z  INFO ThreadId(25) downlink_tx: sent tx_log_seq=377 sensor=Thermal sensor_seq=222 queue_latency_us=50234 elapsed_us=22353663
2026-03-25T15:42:16.198514Z  INFO ThreadId(24) Task dispatched task="ThermalControl" drift_us=1089
2026-03-25T15:42:16.198521Z  INFO ThreadId(25) sensor_read sensor="thermal" seq=223 value=59.52781265204857 drift_us=1151 jitter_us=124 latency_us=0 elapsed_us=22403677
2026-03-25T15:42:16.198537Z  INFO ThreadId(25) sensor_read sensor="power" seq=111 value=4.096100846462525 drift_us=1165 jitter_us=352 latency_us=0 elapsed_us=22403701
2026-03-25T15:42:16.198606Z  INFO ThreadId(22) downlink_tx: sent tx_log_seq=378 sensor=Power sensor_seq=111 queue_latency_us=65 elapsed_us=22403709
2026-03-25T15:42:16.198621Z  INFO ThreadId(22) downlink_tx: sent tx_log_seq=379 sensor=Thermal sensor_seq=223 queue_latency_us=107 elapsed_us=22403709
2026-03-25T15:42:16.298387Z  INFO ThreadId(22) Task dispatched task="ThermalControl" drift_us=962
2026-03-25T15:42:16.298413Z  INFO ThreadId(22) sensor_read sensor="imu" seq=44 value=0.0003880360661936838 drift_us=1035 jitter_us=478 latency_us=1 elapsed_us=22503575
2026-03-25T15:42:16.298476Z  INFO ThreadId(02) sensor_read sensor="thermal" seq=224 value=36.321626840606804 drift_us=1092 jitter_us=207 latency_us=0 elapsed_us=22503618
2026-03-25T15:42:16.298504Z  INFO ThreadId(22) downlink_tx: sent tx_log_seq=380 sensor=Imu sensor_seq=44 queue_latency_us=91 elapsed_us=22503591
2026-03-25T15:42:16.298516Z  INFO ThreadId(22) downlink_tx: sent tx_log_seq=381 sensor=Thermal sensor_seq=224 queue_latency_us=61 elapsed_us=22503591
2026-03-25T15:42:16.304726Z  INFO ThreadId(02) Task dispatched task="DataCompress" drift_us=7296
2026-03-25T15:42:16.398414Z  INFO ThreadId(25) Task dispatched task="ThermalControl" drift_us=991
2026-03-25T15:42:16.398424Z  INFO ThreadId(02) sensor_read sensor="thermal" seq=225 value=64.43568717380046 drift_us=1054 jitter_us=21 latency_us=1 elapsed_us=22603580
2026-03-25T15:42:16.398445Z  INFO ThreadId(02) sensor_read sensor="power" seq=112 value=1.6173464448178372 drift_us=1073 jitter_us=261 latency_us=0 elapsed_us=22603609
2026-03-25T15:42:16.398506Z  INFO ThreadId(25) downlink_tx: sent tx_log_seq=382 sensor=Thermal sensor_seq=225 queue_latency_us=88 elapsed_us=22603600
2026-03-25T15:42:16.398518Z  INFO ThreadId(25) downlink_tx: sent tx_log_seq=383 sensor=Power sensor_seq=112 queue_latency_us=73 elapsed_us=22603600
2026-03-25T15:42:16.498757Z  INFO ThreadId(25) Task dispatched task="ThermalControl" drift_us=1326
2026-03-25T15:42:16.498797Z  INFO ThreadId(25) sensor_read sensor="thermal" seq=226 value=45.59626643594462 drift_us=1432 jitter_us=416 latency_us=1 elapsed_us=22703958
2026-03-25T15:42:16.498941Z  INFO ThreadId(24) downlink_tx: sent tx_log_seq=384 sensor=Thermal sensor_seq=226 queue_latency_us=138 elapsed_us=22703961
2026-03-25T15:42:16.598255Z  INFO ThreadId(24) Task dispatched task="ThermalControl" drift_us=825
2026-03-25T15:42:16.598277Z  INFO ThreadId(25) sensor_read sensor="power" seq=113 value=2.50492705476412 drift_us=901 jitter_us=80 latency_us=0 elapsed_us=22803437
2026-03-25T15:42:16.598279Z  INFO ThreadId(22) sensor_read sensor="thermal" seq=227 value=65.98303007867455 drift_us=901 jitter_us=909 latency_us=0 elapsed_us=22803427
2026-03-25T15:42:16.598403Z  INFO ThreadId(24) downlink_tx: sent tx_log_seq=385 sensor=Power sensor_seq=113 queue_latency_us=126 elapsed_us=22803459
2026-03-25T15:42:16.598428Z  INFO ThreadId(24) downlink_tx: sent tx_log_seq=386 sensor=Thermal sensor_seq=227 queue_latency_us=164 elapsed_us=22803459
2026-03-25T15:42:16.698249Z  INFO ThreadId(02) Task dispatched task="ThermalControl" drift_us=824
2026-03-25T15:42:16.698278Z  INFO ThreadId(02) sensor_read sensor="thermal" seq=228 value=48.5668501145461 drift_us=913 jitter_us=543 latency_us=0 elapsed_us=22903439
2026-03-25T15:42:16.698357Z  INFO ThreadId(02) downlink_tx: sent tx_log_seq=387 sensor=Thermal sensor_seq=228 queue_latency_us=80 elapsed_us=22903441
2026-03-25T15:42:16.798266Z  INFO ThreadId(22) Task dispatched task="ThermalControl" drift_us=841
2026-03-25T15:42:16.798297Z  INFO ThreadId(22) sensor_read sensor="thermal" seq=229 value=32.321620042467174 drift_us=932 jitter_us=7 latency_us=1 elapsed_us=23003458
2026-03-25T15:42:16.798352Z  INFO ThreadId(24) sensor_read sensor="imu" seq=45 value=0.06465701763355633 drift_us=971 jitter_us=92 latency_us=0 elapsed_us=23003511
2026-03-25T15:42:16.798339Z  INFO ThreadId(02) sensor_read sensor="power" seq=114 value=1.5306889075031627 drift_us=946 jitter_us=217 latency_us=0 elapsed_us=23003482
2026-03-25T15:42:16.798428Z  INFO ThreadId(25) downlink_tx: sent tx_log_seq=388 sensor=Power sensor_seq=114 queue_latency_us=104 elapsed_us=23003493
2026-03-25T15:42:16.798442Z  INFO ThreadId(25) downlink_tx: sent tx_log_seq=389 sensor=Imu sensor_seq=45 queue_latency_us=94 elapsed_us=23003493
2026-03-25T15:42:16.798452Z  INFO ThreadId(25) downlink_tx: sent tx_log_seq=390 sensor=Thermal sensor_seq=229 queue_latency_us=156 elapsed_us=23003493
2026-03-25T15:42:16.804745Z  INFO ThreadId(21) Task dispatched task="DataCompress" drift_us=7332
2026-03-25T15:42:16.826498Z  INFO ThreadId(21) Task dispatched task="HealthMonitor" drift_us=29075
2026-03-25T15:42:16.898479Z  INFO ThreadId(21) Task dispatched task="ThermalControl" drift_us=1053
2026-03-25T15:42:16.898514Z  INFO ThreadId(21) sensor_read sensor="thermal" seq=230 value=52.26904181486567 drift_us=1150 jitter_us=199 latency_us=0 elapsed_us=23103676
2026-03-25T15:42:16.948711Z  INFO ThreadId(21) downlink_tx: sent tx_log_seq=391 sensor=Thermal sensor_seq=230 queue_latency_us=50179 elapsed_us=23153709
2026-03-25T15:42:16.999241Z  INFO ThreadId(02) Task dispatched task="ThermalControl" drift_us=1815
2026-03-25T15:42:16.999248Z  INFO ThreadId(25) sensor_read sensor="thermal" seq=231 value=23.202789689872873 drift_us=1878 jitter_us=510 latency_us=1 elapsed_us=23204404
2026-03-25T15:42:16.999259Z  INFO ThreadId(21) sensor_read sensor="power" seq=115 value=4.402307838223711 drift_us=1883 jitter_us=892 latency_us=0 elapsed_us=23204419
2026-03-25T15:42:16.999362Z  INFO ThreadId(25) downlink_tx: sent tx_log_seq=392 sensor=Power sensor_seq=115 queue_latency_us=105 elapsed_us=23204435
2026-03-25T15:42:16.999375Z  INFO ThreadId(25) downlink_tx: sent tx_log_seq=393 sensor=Thermal sensor_seq=231 queue_latency_us=133 elapsed_us=23204435
2026-03-25T15:42:17.098173Z  INFO ThreadId(25) Task dispatched task="ThermalControl" drift_us=747
2026-03-25T15:42:17.098192Z  WARN ThreadId(24) JITTER EXCEEDED 1ms limit sensor="thermal" jitter_us=1781 consecutive_miss=1 limit_us=1000 elapsed_us=23303351
2026-03-25T15:42:17.098201Z  INFO ThreadId(24) sensor_read sensor="thermal" seq=232 value=44.53083098915241 drift_us=825 jitter_us=1781 latency_us=0 elapsed_us=23303351
2026-03-25T15:42:17.149630Z  INFO ThreadId(02) downlink_tx: sent tx_log_seq=394 sensor=Thermal sensor_seq=232 queue_latency_us=51415 elapsed_us=23354681
2026-03-25T15:42:17.199343Z  INFO ThreadId(25) Task dispatched task="ThermalControl" drift_us=1918
2026-03-25T15:42:17.199348Z  WARN ThreadId(24) JITTER EXCEEDED 1ms limit sensor="thermal" jitter_us=2208 consecutive_miss=2 limit_us=1000 elapsed_us=23404506
2026-03-25T15:42:17.199362Z  INFO ThreadId(24) sensor_read sensor="thermal" seq=233 value=37.03891633891407 drift_us=1980 jitter_us=2208 latency_us=1 elapsed_us=23404506
2026-03-25T15:42:17.199394Z  INFO ThreadId(02) sensor_read sensor="power" seq=116 value=4.988937310088852 drift_us=2006 jitter_us=814 latency_us=0 elapsed_us=23404542
2026-03-25T15:42:17.199464Z  INFO ThreadId(24) downlink_tx: sent tx_log_seq=395 sensor=Thermal sensor_seq=233 queue_latency_us=102 elapsed_us=23404538
2026-03-25T15:42:17.199478Z  INFO ThreadId(24) downlink_tx: sent tx_log_seq=396 sensor=Power sensor_seq=116 queue_latency_us=98 elapsed_us=23404538
2026-03-25T15:42:17.299226Z  INFO ThreadId(21) Task dispatched task="ThermalControl" drift_us=1796
2026-03-25T15:42:17.299252Z  WARN ThreadId(24) JITTER EXCEEDED 1ms limit sensor="thermal" jitter_us=1257 consecutive_miss=3 limit_us=1000 elapsed_us=23504404
2026-03-25T15:42:17.299267Z  INFO ThreadId(24) sensor_read sensor="thermal" seq=234 value=72.77819988315692 drift_us=1878 jitter_us=1257 latency_us=0 elapsed_us=23504404
2026-03-25T15:42:17.299278Z  INFO ThreadId(02) sensor_read sensor="imu" seq=46 value=0.0891688366531612 drift_us=1893 jitter_us=986 latency_us=0 elapsed_us=23504433
2026-03-25T15:42:17.305297Z  INFO ThreadId(02) Task dispatched task="DataCompress" drift_us=7879
2026-03-25T15:42:17.348593Z  INFO ThreadId(02) downlink_tx: sent tx_log_seq=397 sensor=Imu sensor_seq=46 queue_latency_us=49310 elapsed_us=23553645
2026-03-25T15:42:17.348617Z  INFO ThreadId(02) downlink_tx: sent tx_log_seq=398 sensor=Thermal sensor_seq=234 queue_latency_us=49352 elapsed_us=23553645
2026-03-25T15:42:17.398156Z  INFO ThreadId(21) Task dispatched task="ThermalControl" drift_us=731
2026-03-25T15:42:17.398194Z  INFO ThreadId(02) sensor_read sensor="thermal" seq=235 value=68.62299738146734 drift_us=816 jitter_us=960 latency_us=0 elapsed_us=23603342
2026-03-25T15:42:17.398223Z ERROR ThreadId(24) JITTER LIMIT VIOLATED (>1ms) sensor="power" jitter_us=1284
2026-03-25T15:42:17.398234Z  INFO ThreadId(24) sensor_read sensor="power" seq=117 value=1.6877151528987557 drift_us=845 jitter_us=1284 latency_us=0 elapsed_us=23603381
2026-03-25T15:42:17.398484Z  INFO ThreadId(25) downlink_tx: sent tx_log_seq=399 sensor=Thermal sensor_seq=235 queue_latency_us=293 elapsed_us=23603371
2026-03-25T15:42:17.398531Z  INFO ThreadId(25) downlink_tx: sent tx_log_seq=400 sensor=Power sensor_seq=117 queue_latency_us=311 elapsed_us=23603371
2026-03-25T15:42:17.498293Z  INFO ThreadId(25) Task dispatched task="ThermalControl" drift_us=869
2026-03-25T15:42:17.498315Z  WARN ThreadId(25) JITTER EXCEEDED 1ms limit sensor="thermal" jitter_us=1199 consecutive_miss=1 limit_us=1000 elapsed_us=23703479
2026-03-25T15:42:17.498321Z  INFO ThreadId(25) sensor_read sensor="thermal" seq=236 value=72.06173501892505 drift_us=953 jitter_us=1199 latency_us=0 elapsed_us=23703479
2026-03-25T15:42:17.548470Z  INFO ThreadId(24) downlink_tx: sent tx_log_seq=401 sensor=Thermal sensor_seq=236 queue_latency_us=50136 elapsed_us=23753504
2026-03-25T15:42:17.598618Z  INFO ThreadId(22) Task dispatched task="ThermalControl" drift_us=1194
2026-03-25T15:42:17.598651Z  INFO ThreadId(24) sensor_read sensor="thermal" seq=237 value=24.275282263318786 drift_us=1274 jitter_us=184 latency_us=1 elapsed_us=23803800
2026-03-25T15:42:17.598679Z ERROR ThreadId(02) JITTER LIMIT VIOLATED (>1ms) sensor="power" jitter_us=1617
2026-03-25T15:42:17.598693Z  INFO ThreadId(02) sensor_read sensor="power" seq=118 value=2.3919555042224925 drift_us=1301 jitter_us=1617 latency_us=0 elapsed_us=23803837
2026-03-25T15:42:17.598710Z  INFO ThreadId(22) downlink_tx: sent tx_log_seq=402 sensor=Thermal sensor_seq=237 queue_latency_us=71 elapsed_us=23803805
2026-03-25T15:42:17.598723Z  INFO ThreadId(22) downlink_tx: sent tx_log_seq=403 sensor=Power sensor_seq=118 queue_latency_us=50 elapsed_us=23803805
2026-03-25T15:42:17.698100Z  INFO ThreadId(22) Task dispatched task="ThermalControl" drift_us=677
2026-03-25T15:42:17.698102Z  INFO ThreadId(24) sensor_read sensor="thermal" seq=238 value=62.21546053504601 drift_us=735 jitter_us=860 latency_us=1 elapsed_us=23903261
2026-03-25T15:42:17.698212Z  INFO ThreadId(02) downlink_tx: sent tx_log_seq=404 sensor=Thermal sensor_seq=238 queue_latency_us=110 elapsed_us=23903274
2026-03-25T15:42:17.798684Z  INFO ThreadId(02) Task dispatched task="ThermalControl" drift_us=1260
2026-03-25T15:42:17.798712Z  WARN ThreadId(02) JITTER EXCEEDED 1ms limit sensor="thermal" jitter_us=1152 consecutive_miss=1 limit_us=1000 elapsed_us=24003874
2026-03-25T15:42:17.798718Z  INFO ThreadId(02) sensor_read sensor="thermal" seq=239 value=74.19746768845927 drift_us=1348 jitter_us=1152 latency_us=0 elapsed_us=24003874
2026-03-25T15:42:17.798723Z  INFO ThreadId(24) sensor_read sensor="power" seq=119 value=2.3461101157558426 drift_us=1330 jitter_us=427 latency_us=1 elapsed_us=24003866
2026-03-25T15:42:17.798737Z ERROR ThreadId(21) JITTER LIMIT VIOLATED (>1ms) sensor="imu" jitter_us=1466
2026-03-25T15:42:17.798745Z  INFO ThreadId(21) sensor_read sensor="imu" seq=47 value=-0.00908458157371643 drift_us=1349 jitter_us=1466 latency_us=0 elapsed_us=24003889
2026-03-25T15:42:17.798826Z  INFO ThreadId(02) downlink_tx: sent tx_log_seq=405 sensor=Imu sensor_seq=47 queue_latency_us=100 elapsed_us=24003897
2026-03-25T15:42:17.798840Z  INFO ThreadId(02) downlink_tx: sent tx_log_seq=406 sensor=Power sensor_seq=119 queue_latency_us=137 elapsed_us=24003897
2026-03-25T15:42:17.798848Z  INFO ThreadId(02) downlink_tx: sent tx_log_seq=407 sensor=Thermal sensor_seq=239 queue_latency_us=132 elapsed_us=24003897
2026-03-25T15:42:17.805537Z  INFO ThreadId(22) Task dispatched task="DataCompress" drift_us=8112
2026-03-25T15:42:17.826883Z  INFO ThreadId(22) Task dispatched task="HealthMonitor" drift_us=29458
2026-03-25T15:42:17.899279Z  INFO ThreadId(02) Task dispatched task="ThermalControl" drift_us=1855
2026-03-25T15:42:17.899323Z  INFO ThreadId(24) sensor_read sensor="thermal" seq=240 value=38.94735156210235 drift_us=1948 jitter_us=13 latency_us=0 elapsed_us=24104474
2026-03-25T15:42:17.948499Z  INFO ThreadId(02) downlink_tx: sent tx_log_seq=408 sensor=Thermal sensor_seq=240 queue_latency_us=49175 elapsed_us=24153550
2026-03-25T15:42:17.999494Z  INFO ThreadId(24) Task dispatched task="ThermalControl" drift_us=2071
2026-03-25T15:42:17.999499Z  INFO ThreadId(02) sensor_read sensor="thermal" seq=241 value=26.513644953346123 drift_us=2131 jitter_us=417 latency_us=0 elapsed_us=24204657
2026-03-25T15:42:17.999514Z  INFO ThreadId(24) sensor_read sensor="power" seq=120 value=0.6170014503736223 drift_us=2142 jitter_us=783 latency_us=0 elapsed_us=24204678
2026-03-25T15:42:17.999572Z  INFO ThreadId(22) downlink_tx: sent tx_log_seq=409 sensor=Power sensor_seq=120 queue_latency_us=54 elapsed_us=24204685
2026-03-25T15:42:17.999586Z  INFO ThreadId(22) downlink_tx: sent tx_log_seq=410 sensor=Thermal sensor_seq=241 queue_latency_us=92 elapsed_us=24204685
2026-03-25T15:42:18.099524Z  INFO ThreadId(02) Task dispatched task="ThermalControl" drift_us=2100
2026-03-25T15:42:18.099547Z  INFO ThreadId(21) sensor_read sensor="thermal" seq=242 value=48.960765214589074 drift_us=2181 jitter_us=133 latency_us=0 elapsed_us=24304707
2026-03-25T15:42:18.099641Z  INFO ThreadId(02) downlink_tx: sent tx_log_seq=411 sensor=Thermal sensor_seq=242 queue_latency_us=97 elapsed_us=24304708
2026-03-25T15:42:18.198342Z  INFO ThreadId(02) Task dispatched task="ThermalControl" drift_us=918
2026-03-25T15:42:18.198382Z ERROR ThreadId(21) JITTER LIMIT VIOLATED (>1ms) sensor="power" jitter_us=1948
2026-03-25T15:42:18.198388Z  INFO ThreadId(21) sensor_read sensor="power" seq=121 value=2.127418059173158 drift_us=1006 jitter_us=1948 latency_us=0 elapsed_us=24403542
2026-03-25T15:42:18.198384Z  WARN ThreadId(24) JITTER EXCEEDED 1ms limit sensor="thermal" jitter_us=1224 consecutive_miss=1 limit_us=1000 elapsed_us=24403533
2026-03-25T15:42:18.198409Z  INFO ThreadId(24) sensor_read sensor="thermal" seq=243 value=20.56297475215244 drift_us=1007 jitter_us=1224 latency_us=0 elapsed_us=24403533
2026-03-25T15:42:18.198523Z  INFO ThreadId(22) downlink_tx: sent tx_log_seq=412 sensor=Power sensor_seq=121 queue_latency_us=137 elapsed_us=24403562
2026-03-25T15:42:18.198551Z  INFO ThreadId(22) downlink_tx: sent tx_log_seq=413 sensor=Thermal sensor_seq=243 queue_latency_us=143 elapsed_us=24403562
2026-03-25T15:42:18.298445Z  INFO ThreadId(22) Task dispatched task="ThermalControl" drift_us=1021
2026-03-25T15:42:18.298448Z  WARN ThreadId(21) JITTER EXCEEDED 1ms limit sensor="thermal" jitter_us=1247 consecutive_miss=2 limit_us=1000 elapsed_us=24503606
2026-03-25T15:42:18.298463Z  INFO ThreadId(21) sensor_read sensor="thermal" seq=244 value=34.90027672041976 drift_us=1080 jitter_us=1247 latency_us=0 elapsed_us=24503606
2026-03-25T15:42:18.298477Z  INFO ThreadId(25) sensor_read sensor="imu" seq=48 value=0.09253297568807081 drift_us=1098 jitter_us=293 latency_us=0 elapsed_us=24503638
2026-03-25T15:42:18.298562Z  INFO ThreadId(22) downlink_tx: sent tx_log_seq=414 sensor=Thermal sensor_seq=244 queue_latency_us=100 elapsed_us=24503631
2026-03-25T15:42:18.298576Z  INFO ThreadId(22) downlink_tx: sent tx_log_seq=415 sensor=Imu sensor_seq=48 queue_latency_us=102 elapsed_us=24503631
2026-03-25T15:42:18.304557Z  INFO ThreadId(21) Task dispatched task="DataCompress" drift_us=7142
2026-03-25T15:42:18.399554Z  INFO ThreadId(22) Task dispatched task="ThermalControl" drift_us=2130
2026-03-25T15:42:18.399589Z  WARN ThreadId(21) JITTER EXCEEDED 1ms limit sensor="thermal" jitter_us=1058 consecutive_miss=3 limit_us=1000 elapsed_us=24604737
2026-03-25T15:42:18.399609Z  INFO ThreadId(21) sensor_read sensor="thermal" seq=245 value=35.345091292525616 drift_us=2211 jitter_us=1058 latency_us=0 elapsed_us=24604737
2026-03-25T15:42:18.399624Z ERROR ThreadId(25) JITTER LIMIT VIOLATED (>1ms) sensor="power" jitter_us=2378
2026-03-25T15:42:18.399632Z  INFO ThreadId(25) sensor_read sensor="power" seq=122 value=4.287446999859091 drift_us=2248 jitter_us=2378 latency_us=0 elapsed_us=24604784
2026-03-25T15:42:18.399731Z  INFO ThreadId(02) downlink_tx: sent tx_log_seq=416 sensor=Thermal sensor_seq=245 queue_latency_us=118 elapsed_us=24604771
2026-03-25T15:42:18.399757Z  INFO ThreadId(02) downlink_tx: sent tx_log_seq=417 sensor=Power sensor_seq=122 queue_latency_us=135 elapsed_us=24604771
2026-03-25T15:42:18.498536Z  INFO ThreadId(02) Task dispatched task="ThermalControl" drift_us=1111
2026-03-25T15:42:18.498606Z  WARN ThreadId(25) JITTER EXCEEDED 1ms limit sensor="thermal" jitter_us=2124 consecutive_miss=4 limit_us=1000 elapsed_us=24703744
2026-03-25T15:42:18.498639Z  INFO ThreadId(25) sensor_read sensor="thermal" seq=246 value=62.28289812858267 drift_us=1218 jitter_us=2124 latency_us=0 elapsed_us=24703744
2026-03-25T15:42:18.549621Z  INFO ThreadId(02) downlink_tx: sent tx_log_seq=418 sensor=Thermal sensor_seq=246 queue_latency_us=50975 elapsed_us=24754675
2026-03-25T15:42:18.598268Z  INFO ThreadId(25) Task dispatched task="ThermalControl" drift_us=844
2026-03-25T15:42:18.598302Z  INFO ThreadId(02) sensor_read sensor="thermal" seq=247 value=53.374756192203805 drift_us=922 jitter_us=697 latency_us=0 elapsed_us=24803448
2026-03-25T15:42:18.598323Z ERROR ThreadId(21) JITTER LIMIT VIOLATED (>1ms) sensor="power" jitter_us=2545
2026-03-25T15:42:18.598335Z  INFO ThreadId(21) sensor_read sensor="power" seq=123 value=4.761642843311214 drift_us=945 jitter_us=2545 latency_us=0 elapsed_us=24803481
2026-03-25T15:42:18.598386Z  INFO ThreadId(25) downlink_tx: sent tx_log_seq=419 sensor=Thermal sensor_seq=247 queue_latency_us=98 elapsed_us=24803456
2026-03-25T15:42:18.598400Z  INFO ThreadId(25) downlink_tx: sent tx_log_seq=420 sensor=Power sensor_seq=123 queue_latency_us=82 elapsed_us=24803456
2026-03-25T15:42:18.698927Z  INFO ThreadId(22) Task dispatched task="ThermalControl" drift_us=1503
2026-03-25T15:42:18.698960Z  INFO ThreadId(02) sensor_read sensor="thermal" seq=248 value=67.67247738680226 drift_us=1593 jitter_us=967 latency_us=1 elapsed_us=24904119
2026-03-25T15:42:18.749609Z  INFO ThreadId(02) downlink_tx: sent tx_log_seq=421 sensor=Thermal sensor_seq=248 queue_latency_us=50639 elapsed_us=24954656
2026-03-25T15:42:18.799295Z  INFO ThreadId(21) Task dispatched task="ThermalControl" drift_us=1870
2026-03-25T15:42:18.799301Z ERROR ThreadId(24) JITTER LIMIT VIOLATED (>1ms) sensor="power" jitter_us=2280
2026-03-25T15:42:18.799313Z  INFO ThreadId(24) sensor_read sensor="power" seq=124 value=3.623728821598445 drift_us=1922 jitter_us=2280 latency_us=0 elapsed_us=25004458
2026-03-25T15:42:18.799327Z  INFO ThreadId(24) sensor_read sensor="thermal" seq=249 value=57.703942425435585 drift_us=1965 jitter_us=299 latency_us=0 elapsed_us=25004491
2026-03-25T15:42:18.799364Z ERROR ThreadId(22) JITTER LIMIT VIOLATED (>1ms) sensor="imu" jitter_us=1120
2026-03-25T15:42:18.799381Z  INFO ThreadId(22) sensor_read sensor="imu" seq=49 value=-0.05392547366107845 drift_us=1967 jitter_us=1120 latency_us=0 elapsed_us=25004507
2026-03-25T15:42:18.799402Z  INFO ThreadId(21) downlink_tx: sent tx_log_seq=422 sensor=Power sensor_seq=124 queue_latency_us=106 elapsed_us=25004483
2026-03-25T15:42:18.799417Z  INFO ThreadId(21) downlink_tx: sent tx_log_seq=423 sensor=Imu sensor_seq=49 queue_latency_us=72 elapsed_us=25004483
2026-03-25T15:42:18.799426Z  INFO ThreadId(21) downlink_tx: sent tx_log_seq=424 sensor=Thermal sensor_seq=249 queue_latency_us=98 elapsed_us=25004483
2026-03-25T15:42:18.805706Z  INFO ThreadId(24) Task dispatched task="DataCompress" drift_us=8285
2026-03-25T15:42:18.810534Z  INFO ThreadId(24) uplink_rx: received cmd=Heartbeat seq=11 dispatch_latency_us=0 elapsed_us=25015679
2026-03-25T15:42:18.810556Z  INFO ThreadId(24) command executed cmd=Heartbeat
2026-03-25T15:42:18.827338Z  INFO ThreadId(24) Task dispatched task="HealthMonitor" drift_us=29913
2026-03-25T15:42:18.898388Z  INFO ThreadId(24) Task dispatched task="ThermalControl" drift_us=963
2026-03-25T15:42:18.898427Z  WARN ThreadId(22) JITTER EXCEEDED 1ms limit sensor="thermal" jitter_us=1275 consecutive_miss=1 limit_us=1000 elapsed_us=25103588
2026-03-25T15:42:18.898436Z  INFO ThreadId(22) sensor_read sensor="thermal" seq=250 value=20.910008758988795 drift_us=1062 jitter_us=1275 latency_us=0 elapsed_us=25103588
2026-03-25T15:42:18.948840Z  INFO ThreadId(22) downlink_tx: sent tx_log_seq=425 sensor=Thermal sensor_seq=250 queue_latency_us=50392 elapsed_us=25153890
2026-03-25T15:42:18.998253Z  INFO ThreadId(24) Task dispatched task="ThermalControl" drift_us=828
2026-03-25T15:42:18.998279Z ERROR ThreadId(24) JITTER LIMIT VIOLATED (>1ms) sensor="power" jitter_us=1995
2026-03-25T15:42:18.998282Z  INFO ThreadId(24) sensor_read sensor="power" seq=125 value=3.2448818070562595 drift_us=904 jitter_us=1995 latency_us=1 elapsed_us=25203440
2026-03-25T15:42:18.998349Z  INFO ThreadId(22) sensor_read sensor="thermal" seq=251 value=22.98309136902789 drift_us=983 jitter_us=824 latency_us=0 elapsed_us=25203509
2026-03-25T15:42:18.998371Z  INFO ThreadId(24) downlink_tx: sent tx_log_seq=426 sensor=Power sensor_seq=125 queue_latency_us=93 elapsed_us=25203459
2026-03-25T15:42:18.998382Z  INFO ThreadId(24) downlink_tx: sent tx_log_seq=427 sensor=Thermal sensor_seq=251 queue_latency_us=37 elapsed_us=25203459
2026-03-25T15:42:19.099197Z  INFO ThreadId(24) Task dispatched task="ThermalControl" drift_us=1771
2026-03-25T15:42:19.099254Z  INFO ThreadId(22) sensor_read sensor="thermal" seq=252 value=76.17234397590222 drift_us=1871 jitter_us=967 latency_us=0 elapsed_us=25304397
2026-03-25T15:42:19.149244Z  INFO ThreadId(24) downlink_tx: sent tx_log_seq=428 sensor=Thermal sensor_seq=252 queue_latency_us=49997 elapsed_us=25354299
2026-03-25T15:42:19.198254Z  INFO ThreadId(22) Task dispatched task="ThermalControl" drift_us=829
2026-03-25T15:42:19.198258Z  WARN ThreadId(24) JITTER EXCEEDED 1ms limit sensor="thermal" jitter_us=1869 consecutive_miss=1 limit_us=1000 elapsed_us=25403416
2026-03-25T15:42:19.198275Z  INFO ThreadId(24) sensor_read sensor="thermal" seq=253 value=70.84961431035363 drift_us=890 jitter_us=1869 latency_us=0 elapsed_us=25403416
2026-03-25T15:42:19.198307Z ERROR ThreadId(21) JITTER LIMIT VIOLATED (>1ms) sensor="power" jitter_us=1045
2026-03-25T15:42:19.198312Z  INFO ThreadId(21) sensor_read sensor="power" seq=126 value=3.7360080775453524 drift_us=931 jitter_us=1045 latency_us=0 elapsed_us=25403467
2026-03-25T15:42:19.198370Z  INFO ThreadId(22) downlink_tx: sent tx_log_seq=429 sensor=Thermal sensor_seq=253 queue_latency_us=96 elapsed_us=25403441
2026-03-25T15:42:19.198384Z  INFO ThreadId(22) downlink_tx: sent tx_log_seq=430 sensor=Power sensor_seq=126 queue_latency_us=80 elapsed_us=25403441
2026-03-25T15:42:19.299119Z  INFO ThreadId(25) Task dispatched task="ThermalControl" drift_us=1694
2026-03-25T15:42:19.299122Z  WARN ThreadId(22) JITTER EXCEEDED 1ms limit sensor="thermal" jitter_us=1846 consecutive_miss=2 limit_us=1000 elapsed_us=25504281
2026-03-25T15:42:19.299136Z ERROR ThreadId(21) JITTER LIMIT VIOLATED (>1ms) sensor="imu" jitter_us=1082
2026-03-25T15:42:19.299137Z  INFO ThreadId(22) sensor_read sensor="thermal" seq=254 value=79.60695679955168 drift_us=1755 jitter_us=1846 latency_us=0 elapsed_us=25504281
2026-03-25T15:42:19.299142Z  INFO ThreadId(21) sensor_read sensor="imu" seq=50 value=-0.00026529223215639164 drift_us=1754 jitter_us=1082 latency_us=0 elapsed_us=25504294
2026-03-25T15:42:19.299240Z  INFO ThreadId(25) downlink_tx: sent tx_log_seq=431 sensor=Imu sensor_seq=50 queue_latency_us=110 elapsed_us=25504308
2026-03-25T15:42:19.299253Z  INFO ThreadId(25) downlink_tx: sent tx_log_seq=432 sensor=Thermal sensor_seq=254 queue_latency_us=117 elapsed_us=25504308
2026-03-25T15:42:19.305629Z  INFO ThreadId(02) Task dispatched task="DataCompress" drift_us=8214
2026-03-25T15:42:19.398361Z  INFO ThreadId(02) Task dispatched task="ThermalControl" drift_us=931
2026-03-25T15:42:19.398373Z  WARN ThreadId(25) JITTER EXCEEDED 1ms limit sensor="thermal" jitter_us=1617 consecutive_miss=3 limit_us=1000 elapsed_us=25603529
2026-03-25T15:42:19.398387Z  INFO ThreadId(25) sensor_read sensor="thermal" seq=255 value=70.04675142004001 drift_us=1003 jitter_us=1617 latency_us=0 elapsed_us=25603529
2026-03-25T15:42:19.398395Z  INFO ThreadId(22) sensor_read sensor="power" seq=127 value=1.2029205760431458 drift_us=1017 jitter_us=59 latency_us=0 elapsed_us=25603553
2026-03-25T15:42:19.398520Z  INFO ThreadId(25) downlink_tx: sent tx_log_seq=433 sensor=Power sensor_seq=127 queue_latency_us=129 elapsed_us=25603568
2026-03-25T15:42:19.398540Z  INFO ThreadId(25) downlink_tx: sent tx_log_seq=434 sensor=Thermal sensor_seq=255 queue_latency_us=155 elapsed_us=25603568
2026-03-25T15:42:19.499469Z  WARN ThreadId(21) JITTER EXCEEDED 1ms limit sensor="thermal" jitter_us=1852 consecutive_miss=4 limit_us=1000 elapsed_us=25704629
2026-03-25T15:42:19.499466Z  INFO ThreadId(25) Task dispatched task="ThermalControl" drift_us=2042
2026-03-25T15:42:19.499486Z  INFO ThreadId(21) sensor_read sensor="thermal" seq=256 value=70.13671257282425 drift_us=2103 jitter_us=1852 latency_us=0 elapsed_us=25704629
2026-03-25T15:42:19.549289Z  INFO ThreadId(21) downlink_tx: sent tx_log_seq=435 sensor=Thermal sensor_seq=256 queue_latency_us=49792 elapsed_us=25754343
2026-03-25T15:42:19.598572Z  INFO ThreadId(22) Task dispatched task="ThermalControl" drift_us=1148
2026-03-25T15:42:19.598607Z  WARN ThreadId(02) JITTER EXCEEDED 1ms limit sensor="thermal" jitter_us=1972 consecutive_miss=5 limit_us=1000 elapsed_us=25803757
2026-03-25T15:42:19.598627Z  INFO ThreadId(02) sensor_read sensor="thermal" seq=257 value=49.198541006832755 drift_us=1231 jitter_us=1972 latency_us=0 elapsed_us=25803757
2026-03-25T15:42:19.598653Z  INFO ThreadId(25) sensor_read sensor="power" seq=128 value=1.1707563808383634 drift_us=1273 jitter_us=170 latency_us=0 elapsed_us=25803809
2026-03-25T15:42:19.598804Z  INFO ThreadId(21) downlink_tx: sent tx_log_seq=436 sensor=Thermal sensor_seq=257 queue_latency_us=165 elapsed_us=25803791
2026-03-25T15:42:19.598853Z  INFO ThreadId(21) downlink_tx: sent tx_log_seq=437 sensor=Power sensor_seq=128 queue_latency_us=205 elapsed_us=25803791
2026-03-25T15:42:19.698651Z  INFO ThreadId(21) Task dispatched task="ThermalControl" drift_us=1227
2026-03-25T15:42:19.698676Z  INFO ThreadId(21) sensor_read sensor="thermal" seq=258 value=31.36494101340476 drift_us=1312 jitter_us=953 latency_us=0 elapsed_us=25903838
2026-03-25T15:42:19.698777Z  INFO ThreadId(25) downlink_tx: sent tx_log_seq=438 sensor=Thermal sensor_seq=258 queue_latency_us=98 elapsed_us=25903843
2026-03-25T15:42:19.798424Z  INFO ThreadId(25) Task dispatched task="ThermalControl" drift_us=1001
2026-03-25T15:42:19.798427Z  INFO ThreadId(24) sensor_read sensor="power" seq=129 value=4.545697591260173 drift_us=1049 jitter_us=480 latency_us=0 elapsed_us=26003585
2026-03-25T15:42:19.798441Z  INFO ThreadId(02) sensor_read sensor="imu" seq=51 value=0.08602062287526638 drift_us=1060 jitter_us=481 latency_us=0 elapsed_us=26003600
2026-03-25T15:42:19.798446Z  INFO ThreadId(24) sensor_read sensor="thermal" seq=259 value=33.87014398236094 drift_us=1084 jitter_us=309 latency_us=0 elapsed_us=26003610
2026-03-25T15:42:19.798543Z  INFO ThreadId(21) downlink_tx: sent tx_log_seq=439 sensor=Imu sensor_seq=51 queue_latency_us=103 elapsed_us=26003611
2026-03-25T15:42:19.798559Z  INFO ThreadId(21) downlink_tx: sent tx_log_seq=440 sensor=Power sensor_seq=129 queue_latency_us=138 elapsed_us=26003611
2026-03-25T15:42:19.798568Z  INFO ThreadId(21) downlink_tx: sent tx_log_seq=441 sensor=Thermal sensor_seq=259 queue_latency_us=122 elapsed_us=26003611
2026-03-25T15:42:19.804481Z  INFO ThreadId(02) Task dispatched task="DataCompress" drift_us=7066
2026-03-25T15:42:19.825700Z  INFO ThreadId(02) Task dispatched task="HealthMonitor" drift_us=28276
2026-03-25T15:42:19.899494Z  INFO ThreadId(02) Task dispatched task="ThermalControl" drift_us=2070
2026-03-25T15:42:19.899543Z  WARN ThreadId(22) JITTER EXCEEDED 1ms limit sensor="thermal" jitter_us=1314 consecutive_miss=1 limit_us=1000 elapsed_us=26104696
2026-03-25T15:42:19.899571Z  INFO ThreadId(22) sensor_read sensor="thermal" seq=260 value=55.126670706573464 drift_us=2170 jitter_us=1314 latency_us=1 elapsed_us=26104696
2026-03-25T15:42:19.948458Z  INFO ThreadId(02) downlink_tx: sent tx_log_seq=442 sensor=Thermal sensor_seq=260 queue_latency_us=48874 elapsed_us=26153489
2026-03-25T15:42:19.999339Z  INFO ThreadId(22) Task dispatched task="ThermalControl" drift_us=1911
2026-03-25T15:42:19.999380Z ERROR ThreadId(22) JITTER LIMIT VIOLATED (>1ms) sensor="power" jitter_us=1180
2026-03-25T15:42:19.999383Z  INFO ThreadId(22) sensor_read sensor="power" seq=130 value=3.4047720862464024 drift_us=2005 jitter_us=1180 latency_us=0 elapsed_us=26204541
2026-03-25T15:42:19.999375Z  WARN ThreadId(02) JITTER EXCEEDED 1ms limit sensor="thermal" jitter_us=1263 consecutive_miss=2 limit_us=1000 elapsed_us=26204519
2026-03-25T15:42:19.999394Z  INFO ThreadId(02) sensor_read sensor="thermal" seq=261 value=27.267561267503865 drift_us=1993 jitter_us=1263 latency_us=0 elapsed_us=26204519
2026-03-25T15:42:20.048561Z  INFO ThreadId(21) downlink_tx: sent tx_log_seq=443 sensor=Power sensor_seq=130 queue_latency_us=49170 elapsed_us=26253608
2026-03-25T15:42:20.048588Z  INFO ThreadId(21) downlink_tx: sent tx_log_seq=444 sensor=Thermal sensor_seq=261 queue_latency_us=49195 elapsed_us=26253608
2026-03-25T15:42:20.098452Z  INFO ThreadId(02) Task dispatched task="ThermalControl" drift_us=1021
2026-03-25T15:42:20.098458Z  INFO ThreadId(21) sensor_read sensor="thermal" seq=262 value=23.47807986821655 drift_us=1089 jitter_us=727 latency_us=0 elapsed_us=26303615
2026-03-25T15:42:20.098655Z  INFO ThreadId(22) downlink_tx: sent tx_log_seq=445 sensor=Thermal sensor_seq=262 queue_latency_us=186 elapsed_us=26303656
2026-03-25T15:42:20.198937Z  INFO ThreadId(22) Task dispatched task="ThermalControl" drift_us=1513
2026-03-25T15:42:20.198941Z  WARN ThreadId(21) JITTER EXCEEDED 1ms limit sensor="thermal" jitter_us=1388 consecutive_miss=1 limit_us=1000 elapsed_us=26404099
2026-03-25T15:42:20.198955Z  INFO ThreadId(21) sensor_read sensor="thermal" seq=263 value=20.627317431649985 drift_us=1573 jitter_us=1388 latency_us=0 elapsed_us=26404099
2026-03-25T15:42:20.198965Z ERROR ThreadId(21) JITTER LIMIT VIOLATED (>1ms) sensor="power" jitter_us=1368
2026-03-25T15:42:20.198966Z  INFO ThreadId(21) sensor_read sensor="power" seq=131 value=4.156307231297561 drift_us=1593 jitter_us=1368 latency_us=0 elapsed_us=26404129
2026-03-25T15:42:20.199057Z  INFO ThreadId(22) downlink_tx: sent tx_log_seq=446 sensor=Thermal sensor_seq=263 queue_latency_us=101 elapsed_us=26404124
2026-03-25T15:42:20.199068Z  INFO ThreadId(22) downlink_tx: sent tx_log_seq=447 sensor=Power sensor_seq=131 queue_latency_us=104 elapsed_us=26404124
2026-03-25T15:42:20.298516Z  INFO ThreadId(22) Task dispatched task="ThermalControl" drift_us=1092
2026-03-25T15:42:20.298522Z  INFO ThreadId(02) sensor_read sensor="thermal" seq=264 value=64.40119199489877 drift_us=1154 jitter_us=903 latency_us=0 elapsed_us=26503680
2026-03-25T15:42:20.298538Z  INFO ThreadId(02) sensor_read sensor="imu" seq=52 value=0.08200940492946623 drift_us=1163 jitter_us=797 latency_us=0 elapsed_us=26503703
2026-03-25T15:42:20.298600Z  INFO ThreadId(24) downlink_tx: sent tx_log_seq=448 sensor=Imu sensor_seq=52 queue_latency_us=58 elapsed_us=26503709
2026-03-25T15:42:20.298612Z  INFO ThreadId(24) downlink_tx: sent tx_log_seq=449 sensor=Thermal sensor_seq=264 queue_latency_us=96 elapsed_us=26503709
2026-03-25T15:42:20.305388Z  INFO ThreadId(22) Task dispatched task="DataCompress" drift_us=7965
2026-03-25T15:42:20.398703Z  INFO ThreadId(24) Task dispatched task="ThermalControl" drift_us=1279
2026-03-25T15:42:20.398705Z  INFO ThreadId(22) sensor_read sensor="thermal" seq=265 value=31.060275414637918 drift_us=1336 jitter_us=601 latency_us=1 elapsed_us=26603862
2026-03-25T15:42:20.398726Z  INFO ThreadId(22) sensor_read sensor="power" seq=132 value=2.7692613185871267 drift_us=1354 jitter_us=173 latency_us=0 elapsed_us=26603890
2026-03-25T15:42:20.398810Z  INFO ThreadId(24) downlink_tx: sent tx_log_seq=450 sensor=Thermal sensor_seq=265 queue_latency_us=110 elapsed_us=26603887
2026-03-25T15:42:20.398824Z  INFO ThreadId(24) downlink_tx: sent tx_log_seq=451 sensor=Power sensor_seq=132 queue_latency_us=97 elapsed_us=26603887
2026-03-25T15:42:20.499215Z  INFO ThreadId(24) Task dispatched task="ThermalControl" drift_us=1790
2026-03-25T15:42:20.499219Z  INFO ThreadId(22) sensor_read sensor="thermal" seq=266 value=32.019880525274054 drift_us=1853 jitter_us=335 latency_us=1 elapsed_us=26704379
2026-03-25T15:42:20.499309Z  INFO ThreadId(02) downlink_tx: sent tx_log_seq=452 sensor=Thermal sensor_seq=266 queue_latency_us=89 elapsed_us=26704388
2026-03-25T15:42:20.599345Z  INFO ThreadId(02) Task dispatched task="ThermalControl" drift_us=1921
2026-03-25T15:42:20.599350Z  INFO ThreadId(25) sensor_read sensor="thermal" seq=267 value=69.09899466035108 drift_us=1981 jitter_us=389 latency_us=1 elapsed_us=26804507
2026-03-25T15:42:20.599393Z  INFO ThreadId(22) sensor_read sensor="power" seq=133 value=3.9887666827880888 drift_us=2005 jitter_us=890 latency_us=0 elapsed_us=26804541
2026-03-25T15:42:20.599450Z  INFO ThreadId(02) downlink_tx: sent tx_log_seq=453 sensor=Thermal sensor_seq=267 queue_latency_us=104 elapsed_us=26804534
2026-03-25T15:42:20.599460Z  INFO ThreadId(02) downlink_tx: sent tx_log_seq=454 sensor=Power sensor_seq=133 queue_latency_us=83 elapsed_us=26804534
2026-03-25T15:42:20.699522Z  INFO ThreadId(02) Task dispatched task="ThermalControl" drift_us=2088
2026-03-25T15:42:20.699544Z  INFO ThreadId(22) sensor_read sensor="thermal" seq=268 value=41.185255319642636 drift_us=2171 jitter_us=62 latency_us=0 elapsed_us=26904697
2026-03-25T15:42:20.699682Z  INFO ThreadId(25) downlink_tx: sent tx_log_seq=455 sensor=Thermal sensor_seq=268 queue_latency_us=141 elapsed_us=26904720
2026-03-25T15:42:20.799475Z  INFO ThreadId(02) Task dispatched task="ThermalControl" drift_us=2047
2026-03-25T15:42:20.799493Z  INFO ThreadId(25) sensor_read sensor="power" seq=134 value=1.8796012531660782 drift_us=2108 jitter_us=548 latency_us=0 elapsed_us=27004644
2026-03-25T15:42:20.799507Z  INFO ThreadId(02) sensor_read sensor="thermal" seq=269 value=52.605866306411365 drift_us=2144 jitter_us=217 latency_us=1 elapsed_us=27004670
2026-03-25T15:42:20.799517Z  INFO ThreadId(22) sensor_read sensor="imu" seq=53 value=-0.07953095569382684 drift_us=2133 jitter_us=867 latency_us=0 elapsed_us=27004673
2026-03-25T15:42:20.799708Z  INFO ThreadId(25) downlink_tx: sent tx_log_seq=456 sensor=Imu sensor_seq=53 queue_latency_us=197 elapsed_us=27004682
2026-03-25T15:42:20.799734Z  INFO ThreadId(25) downlink_tx: sent tx_log_seq=457 sensor=Power sensor_seq=134 queue_latency_us=252 elapsed_us=27004682
2026-03-25T15:42:20.799746Z  INFO ThreadId(25) downlink_tx: sent tx_log_seq=458 sensor=Thermal sensor_seq=269 queue_latency_us=240 elapsed_us=27004682
2026-03-25T15:42:20.805797Z  INFO ThreadId(02) Task dispatched task="DataCompress" drift_us=8376
2026-03-25T15:42:20.827343Z  INFO ThreadId(02) Task dispatched task="HealthMonitor" drift_us=29918
2026-03-25T15:42:20.899461Z  INFO ThreadId(25) sensor_read sensor="thermal" seq=270 value=60.91161247725363 drift_us=2094 jitter_us=23 latency_us=0 elapsed_us=27104620
2026-03-25T15:42:20.899454Z  INFO ThreadId(02) Task dispatched task="ThermalControl" drift_us=2029
2026-03-25T15:42:20.899580Z  INFO ThreadId(21) downlink_tx: sent tx_log_seq=459 sensor=Thermal sensor_seq=270 queue_latency_us=119 elapsed_us=27104646
2026-03-25T15:42:20.998261Z  INFO ThreadId(02) Task dispatched task="ThermalControl" drift_us=837
2026-03-25T15:42:20.998268Z  WARN ThreadId(21) JITTER EXCEEDED 1ms limit sensor="thermal" jitter_us=1144 consecutive_miss=1 limit_us=1000 elapsed_us=27203426
2026-03-25T15:42:20.998279Z  INFO ThreadId(21) sensor_read sensor="thermal" seq=271 value=55.55211198965112 drift_us=900 jitter_us=1144 latency_us=0 elapsed_us=27203426
2026-03-25T15:42:20.998284Z ERROR ThreadId(22) JITTER LIMIT VIOLATED (>1ms) sensor="power" jitter_us=1306
2026-03-25T15:42:20.998288Z  INFO ThreadId(22) sensor_read sensor="power" seq=135 value=1.036537026111723 drift_us=905 jitter_us=1306 latency_us=0 elapsed_us=27203441
2026-03-25T15:42:20.998351Z  INFO ThreadId(02) downlink_tx: sent tx_log_seq=460 sensor=Power sensor_seq=135 queue_latency_us=74 elapsed_us=27203449
2026-03-25T15:42:20.998362Z  INFO ThreadId(02) downlink_tx: sent tx_log_seq=461 sensor=Thermal sensor_seq=271 queue_latency_us=83 elapsed_us=27203449
2026-03-25T15:42:21.099129Z  INFO ThreadId(02) Task dispatched task="ThermalControl" drift_us=1701
2026-03-25T15:42:21.099155Z  WARN ThreadId(21) JITTER EXCEEDED 1ms limit sensor="thermal" jitter_us=2082 consecutive_miss=2 limit_us=1000 elapsed_us=27304314
2026-03-25T15:42:21.099169Z  INFO ThreadId(21) sensor_read sensor="thermal" seq=272 value=33.678722048545474 drift_us=1788 jitter_us=2082 latency_us=0 elapsed_us=27304314
2026-03-25T15:42:21.149697Z  INFO ThreadId(22) downlink_tx: sent tx_log_seq=462 sensor=Thermal sensor_seq=272 queue_latency_us=50518 elapsed_us=27354746
2026-03-25T15:42:21.199213Z  INFO ThreadId(21) Task dispatched task="ThermalControl" drift_us=1789
2026-03-25T15:42:21.199222Z  INFO ThreadId(22) sensor_read sensor="thermal" seq=273 value=56.23286957057505 drift_us=1853 jitter_us=823 latency_us=0 elapsed_us=27404379
2026-03-25T15:42:21.199232Z ERROR ThreadId(02) JITTER LIMIT VIOLATED (>1ms) sensor="power" jitter_us=2152
2026-03-25T15:42:21.199237Z  INFO ThreadId(02) sensor_read sensor="power" seq=136 value=4.7258414919867375 drift_us=1854 jitter_us=2152 latency_us=0 elapsed_us=27404390
2026-03-25T15:42:21.199336Z  INFO ThreadId(22) downlink_tx: sent tx_log_seq=463 sensor=Power sensor_seq=136 queue_latency_us=109 elapsed_us=27404404
2026-03-25T15:42:21.199350Z  INFO ThreadId(22) downlink_tx: sent tx_log_seq=464 sensor=Thermal sensor_seq=273 queue_latency_us=134 elapsed_us=27404404
2026-03-25T15:42:21.298240Z  INFO ThreadId(22) Task dispatched task="ThermalControl" drift_us=812
2026-03-25T15:42:21.298261Z  WARN ThreadId(02) JITTER EXCEEDED 1ms limit sensor="thermal" jitter_us=1038 consecutive_miss=1 limit_us=1000 elapsed_us=27503406
2026-03-25T15:42:21.298276Z  INFO ThreadId(02) sensor_read sensor="thermal" seq=274 value=50.19165098638933 drift_us=880 jitter_us=1038 latency_us=0 elapsed_us=27503406
2026-03-25T15:42:21.298277Z ERROR ThreadId(25) JITTER LIMIT VIOLATED (>1ms) sensor="imu" jitter_us=2209
2026-03-25T15:42:21.298286Z  INFO ThreadId(25) sensor_read sensor="imu" seq=54 value=-0.007732308706337412 drift_us=894 jitter_us=2209 latency_us=1 elapsed_us=27503434
2026-03-25T15:42:21.298410Z  INFO ThreadId(21) downlink_tx: sent tx_log_seq=465 sensor=Imu sensor_seq=54 queue_latency_us=131 elapsed_us=27503446
2026-03-25T15:42:21.298437Z  INFO ThreadId(21) downlink_tx: sent tx_log_seq=466 sensor=Thermal sensor_seq=274 queue_latency_us=161 elapsed_us=27503446
2026-03-25T15:42:21.304630Z  INFO ThreadId(24) Task dispatched task="DataCompress" drift_us=7208
2026-03-25T15:42:21.398318Z  INFO ThreadId(21) Task dispatched task="ThermalControl" drift_us=891
2026-03-25T15:42:21.398322Z  WARN ThreadId(24) JITTER EXCEEDED 1ms limit sensor="thermal" jitter_us=1044 consecutive_miss=2 limit_us=1000 elapsed_us=27603477
2026-03-25T15:42:21.398342Z  INFO ThreadId(24) sensor_read sensor="thermal" seq=275 value=43.523002331136254 drift_us=951 jitter_us=1044 latency_us=0 elapsed_us=27603477
2026-03-25T15:42:21.398363Z ERROR ThreadId(24) JITTER LIMIT VIOLATED (>1ms) sensor="power" jitter_us=1812
2026-03-25T15:42:21.398365Z  INFO ThreadId(24) sensor_read sensor="power" seq=137 value=0.9222805549727794 drift_us=991 jitter_us=1812 latency_us=0 elapsed_us=27603527
2026-03-25T15:42:21.398462Z  INFO ThreadId(21) downlink_tx: sent tx_log_seq=467 sensor=Thermal sensor_seq=275 queue_latency_us=121 elapsed_us=27603510
2026-03-25T15:42:21.398483Z  INFO ThreadId(21) downlink_tx: sent tx_log_seq=468 sensor=Power sensor_seq=137 queue_latency_us=120 elapsed_us=27603510
2026-03-25T15:42:21.499175Z  INFO ThreadId(02) Task dispatched task="ThermalControl" drift_us=1750
2026-03-25T15:42:21.499182Z  INFO ThreadId(21) sensor_read sensor="thermal" seq=276 value=32.36001676524626 drift_us=1814 jitter_us=792 latency_us=0 elapsed_us=27704340
2026-03-25T15:42:21.499346Z  INFO ThreadId(24) downlink_tx: sent tx_log_seq=469 sensor=Thermal sensor_seq=276 queue_latency_us=155 elapsed_us=27704370
2026-03-25T15:42:21.598310Z  INFO ThreadId(24) Task dispatched task="ThermalControl" drift_us=884
2026-03-25T15:42:21.598346Z  WARN ThreadId(21) JITTER EXCEEDED 1ms limit sensor="thermal" jitter_us=1707 consecutive_miss=1 limit_us=1000 elapsed_us=27803496
2026-03-25T15:42:21.598351Z  INFO ThreadId(25) sensor_read sensor="power" seq=138 value=1.2550904818497188 drift_us=972 jitter_us=844 latency_us=0 elapsed_us=27803508
2026-03-25T15:42:21.598365Z  INFO ThreadId(21) sensor_read sensor="thermal" seq=277 value=30.529355549836087 drift_us=970 jitter_us=1707 latency_us=0 elapsed_us=27803496
2026-03-25T15:42:21.598492Z  INFO ThreadId(02) downlink_tx: sent tx_log_seq=470 sensor=Power sensor_seq=138 queue_latency_us=140 elapsed_us=27803533
2026-03-25T15:42:21.598519Z  INFO ThreadId(02) downlink_tx: sent tx_log_seq=471 sensor=Thermal sensor_seq=277 queue_latency_us=155 elapsed_us=27803533
2026-03-25T15:42:21.699450Z  INFO ThreadId(25) Task dispatched task="ThermalControl" drift_us=2026
2026-03-25T15:42:21.699472Z  WARN ThreadId(25) JITTER EXCEEDED 1ms limit sensor="thermal" jitter_us=1984 consecutive_miss=2 limit_us=1000 elapsed_us=27904636
2026-03-25T15:42:21.699476Z  INFO ThreadId(25) sensor_read sensor="thermal" seq=278 value=76.41610200987769 drift_us=2110 jitter_us=1984 latency_us=0 elapsed_us=27904636
2026-03-25T15:42:21.748402Z  INFO ThreadId(21) downlink_tx: sent tx_log_seq=472 sensor=Thermal sensor_seq=278 queue_latency_us=48913 elapsed_us=27953455
2026-03-25T15:42:21.798426Z  INFO ThreadId(25) Task dispatched task="ThermalControl" drift_us=1003
2026-03-25T15:42:21.798449Z  WARN ThreadId(25) JITTER EXCEEDED 1ms limit sensor="thermal" jitter_us=2164 consecutive_miss=3 limit_us=1000 elapsed_us=28003612
2026-03-25T15:42:21.798454Z  INFO ThreadId(25) sensor_read sensor="thermal" seq=279 value=64.49263988089916 drift_us=1086 jitter_us=2164 latency_us=0 elapsed_us=28003612
2026-03-25T15:42:21.798450Z  INFO ThreadId(21) sensor_read sensor="power" seq=139 value=3.42096030340018 drift_us=1069 jitter_us=116 latency_us=0 elapsed_us=28003605
2026-03-25T15:42:21.798466Z ERROR ThreadId(22) JITTER LIMIT VIOLATED (>1ms) sensor="imu" jitter_us=1429
2026-03-25T15:42:21.798471Z  INFO ThreadId(22) sensor_read sensor="imu" seq=55 value=-0.07339739051118231 drift_us=1084 jitter_us=1429 latency_us=0 elapsed_us=28003624
2026-03-25T15:42:21.798519Z  INFO ThreadId(25) downlink_tx: sent tx_log_seq=473 sensor=Imu sensor_seq=55 queue_latency_us=59 elapsed_us=28003632
2026-03-25T15:42:21.798528Z  INFO ThreadId(25) downlink_tx: sent tx_log_seq=474 sensor=Power sensor_seq=139 queue_latency_us=86 elapsed_us=28003632
2026-03-25T15:42:21.798536Z  INFO ThreadId(25) downlink_tx: sent tx_log_seq=475 sensor=Thermal sensor_seq=279 queue_latency_us=83 elapsed_us=28003632
2026-03-25T15:42:21.804593Z  INFO ThreadId(21) Task dispatched task="DataCompress" drift_us=7180
2026-03-25T15:42:21.825759Z  INFO ThreadId(21) Task dispatched task="HealthMonitor" drift_us=28335
2026-03-25T15:42:21.898303Z  INFO ThreadId(21) Task dispatched task="ThermalControl" drift_us=879
2026-03-25T15:42:21.898326Z  INFO ThreadId(21) sensor_read sensor="thermal" seq=280 value=65.23368306374321 drift_us=963 jitter_us=901 latency_us=0 elapsed_us=28103489
2026-03-25T15:42:21.898478Z  INFO ThreadId(02) downlink_tx: sent tx_log_seq=476 sensor=Thermal sensor_seq=280 queue_latency_us=136 elapsed_us=28103503
2026-03-25T15:42:21.998336Z  INFO ThreadId(02) Task dispatched task="ThermalControl" drift_us=911
2026-03-25T15:42:21.998341Z  INFO ThreadId(21) sensor_read sensor="thermal" seq=281 value=23.265137117515962 drift_us=972 jitter_us=132 latency_us=0 elapsed_us=28203498
2026-03-25T15:42:21.998387Z  INFO ThreadId(22) sensor_read sensor="power" seq=140 value=3.233048396324066 drift_us=998 jitter_us=168 latency_us=1 elapsed_us=28203534
2026-03-25T15:42:21.998458Z  INFO ThreadId(02) downlink_tx: sent tx_log_seq=477 sensor=Thermal sensor_seq=281 queue_latency_us=123 elapsed_us=28203528
2026-03-25T15:42:21.998472Z  INFO ThreadId(02) downlink_tx: sent tx_log_seq=478 sensor=Power sensor_seq=140 queue_latency_us=101 elapsed_us=28203528
2026-03-25T15:42:22.099241Z  INFO ThreadId(02) Task dispatched task="ThermalControl" drift_us=1815
2026-03-25T15:42:22.099301Z  INFO ThreadId(22) sensor_read sensor="thermal" seq=282 value=72.62894400504474 drift_us=1914 jitter_us=933 latency_us=0 elapsed_us=28304440
2026-03-25T15:42:22.149381Z  INFO ThreadId(22) downlink_tx: sent tx_log_seq=479 sensor=Thermal sensor_seq=282 queue_latency_us=50088 elapsed_us=28354432
2026-03-25T15:42:22.198543Z  INFO ThreadId(02) Task dispatched task="ThermalControl" drift_us=1119
2026-03-25T15:42:22.198579Z  WARN ThreadId(21) JITTER EXCEEDED 1ms limit sensor="thermal" jitter_us=1652 consecutive_miss=1 limit_us=1000 elapsed_us=28403730
2026-03-25T15:42:22.198590Z  INFO ThreadId(22) sensor_read sensor="power" seq=141 value=4.425050735744094 drift_us=1210 jitter_us=283 latency_us=1 elapsed_us=28403746
2026-03-25T15:42:22.198599Z  INFO ThreadId(21) sensor_read sensor="thermal" seq=283 value=65.35293578083767 drift_us=1204 jitter_us=1652 latency_us=0 elapsed_us=28403730
2026-03-25T15:42:22.198720Z  INFO ThreadId(25) downlink_tx: sent tx_log_seq=480 sensor=Power sensor_seq=141 queue_latency_us=129 elapsed_us=28403763
2026-03-25T15:42:22.198747Z  INFO ThreadId(25) downlink_tx: sent tx_log_seq=481 sensor=Thermal sensor_seq=283 queue_latency_us=149 elapsed_us=28403763
2026-03-25T15:42:22.298459Z  INFO ThreadId(25) Task dispatched task="ThermalControl" drift_us=1036
2026-03-25T15:42:22.298466Z  INFO ThreadId(22) sensor_read sensor="thermal" seq=284 value=65.77009099754906 drift_us=1097 jitter_us=603 latency_us=1 elapsed_us=28503623
2026-03-25T15:42:22.298480Z  INFO ThreadId(22) sensor_read sensor="imu" seq=56 value=-0.013493690267997849 drift_us=1104 jitter_us=170 latency_us=0 elapsed_us=28503644
2026-03-25T15:42:22.298542Z  INFO ThreadId(25) downlink_tx: sent tx_log_seq=482 sensor=Imu sensor_seq=56 queue_latency_us=62 elapsed_us=28503643
2026-03-25T15:42:22.298553Z  INFO ThreadId(25) downlink_tx: sent tx_log_seq=483 sensor=Thermal sensor_seq=284 queue_latency_us=92 elapsed_us=28503643
2026-03-25T15:42:22.304627Z  INFO ThreadId(21) Task dispatched task="DataCompress" drift_us=7211
2026-03-25T15:42:22.398575Z  INFO ThreadId(21) Task dispatched task="ThermalControl" drift_us=1149
2026-03-25T15:42:22.398605Z  INFO ThreadId(25) sensor_read sensor="thermal" seq=285 value=50.477571430863236 drift_us=1228 jitter_us=238 latency_us=0 elapsed_us=28603754
2026-03-25T15:42:22.398630Z  INFO ThreadId(22) sensor_read sensor="power" seq=142 value=3.401874385333842 drift_us=1252 jitter_us=170 latency_us=0 elapsed_us=28603788
2026-03-25T15:42:22.398660Z  INFO ThreadId(21) downlink_tx: sent tx_log_seq=484 sensor=Thermal sensor_seq=285 queue_latency_us=67 elapsed_us=28603761
2026-03-25T15:42:22.398673Z  INFO ThreadId(21) downlink_tx: sent tx_log_seq=485 sensor=Power sensor_seq=142 queue_latency_us=48 elapsed_us=28603761
2026-03-25T15:42:22.498414Z  INFO ThreadId(21) Task dispatched task="ThermalControl" drift_us=990
2026-03-25T15:42:22.498478Z  INFO ThreadId(22) sensor_read sensor="thermal" seq=286 value=31.41033488663178 drift_us=1095 jitter_us=264 latency_us=0 elapsed_us=28703621
2026-03-25T15:42:22.548488Z  INFO ThreadId(21) downlink_tx: sent tx_log_seq=486 sensor=Thermal sensor_seq=286 queue_latency_us=50011 elapsed_us=28753487
2026-03-25T15:42:22.598481Z  INFO ThreadId(22) Task dispatched task="ThermalControl" drift_us=1057
2026-03-25T15:42:22.598481Z  INFO ThreadId(21) sensor_read sensor="thermal" seq=287 value=36.87056854516482 drift_us=1111 jitter_us=149 latency_us=0 elapsed_us=28803637
2026-03-25T15:42:22.598531Z  INFO ThreadId(25) sensor_read sensor="power" seq=143 value=4.492177733355528 drift_us=1143 jitter_us=151 latency_us=0 elapsed_us=28803679
2026-03-25T15:42:22.598577Z  INFO ThreadId(22) downlink_tx: sent tx_log_seq=487 sensor=Thermal sensor_seq=287 queue_latency_us=101 elapsed_us=28803669
2026-03-25T15:42:22.598590Z  INFO ThreadId(22) downlink_tx: sent tx_log_seq=488 sensor=Power sensor_seq=143 queue_latency_us=74 elapsed_us=28803669
2026-03-25T15:42:22.698395Z  INFO ThreadId(22) Task dispatched task="ThermalControl" drift_us=971
2026-03-25T15:42:22.698400Z  INFO ThreadId(02) sensor_read sensor="thermal" seq=288 value=43.33595441215733 drift_us=1033 jitter_us=94 latency_us=0 elapsed_us=28903559
2026-03-25T15:42:22.698514Z  INFO ThreadId(25) downlink_tx: sent tx_log_seq=489 sensor=Thermal sensor_seq=288 queue_latency_us=114 elapsed_us=28903574
2026-03-25T15:42:22.799323Z  INFO ThreadId(21) Task dispatched task="ThermalControl" drift_us=1898
2026-03-25T15:42:22.799327Z  INFO ThreadId(25) sensor_read sensor="power" seq=144 value=1.2215401130109345 drift_us=1948 jitter_us=914 latency_us=0 elapsed_us=29004484
2026-03-25T15:42:22.799347Z  INFO ThreadId(25) sensor_read sensor="imu" seq=57 value=0.05756303394698531 drift_us=1971 jitter_us=847 latency_us=0 elapsed_us=29004511
2026-03-25T15:42:22.799389Z  WARN ThreadId(22) JITTER EXCEEDED 1ms limit sensor="thermal" jitter_us=1052 consecutive_miss=1 limit_us=1000 elapsed_us=29004533
2026-03-25T15:42:22.799408Z  INFO ThreadId(22) sensor_read sensor="thermal" seq=289 value=45.086356878707576 drift_us=2007 jitter_us=1052 latency_us=0 elapsed_us=29004533
2026-03-25T15:42:22.799417Z  INFO ThreadId(21) downlink_tx: sent tx_log_seq=490 sensor=Imu sensor_seq=57 queue_latency_us=69 elapsed_us=29004511
2026-03-25T15:42:22.799430Z  INFO ThreadId(21) downlink_tx: sent tx_log_seq=491 sensor=Power sensor_seq=144 queue_latency_us=108 elapsed_us=29004511
2026-03-25T15:42:22.799439Z  INFO ThreadId(21) downlink_tx: sent tx_log_seq=492 sensor=Thermal sensor_seq=289 queue_latency_us=33 elapsed_us=29004511
2026-03-25T15:42:22.805821Z  INFO ThreadId(25) Task dispatched task="DataCompress" drift_us=8404
2026-03-25T15:42:22.827066Z  INFO ThreadId(25) Task dispatched task="HealthMonitor" drift_us=29643
2026-03-25T15:42:22.899162Z  INFO ThreadId(25) Task dispatched task="ThermalControl" drift_us=1737
2026-03-25T15:42:22.899164Z  WARN ThreadId(21) JITTER EXCEEDED 1ms limit sensor="thermal" jitter_us=1182 consecutive_miss=2 limit_us=1000 elapsed_us=29104325
2026-03-25T15:42:22.899181Z  INFO ThreadId(21) sensor_read sensor="thermal" seq=290 value=33.44901411144684 drift_us=1799 jitter_us=1182 latency_us=0 elapsed_us=29104325
2026-03-25T15:42:22.899343Z  INFO ThreadId(22) downlink_tx: sent tx_log_seq=493 sensor=Thermal sensor_seq=290 queue_latency_us=147 elapsed_us=29104357
2026-03-25T15:42:22.999229Z  INFO ThreadId(22) Task dispatched task="ThermalControl" drift_us=1806
2026-03-25T15:42:22.999266Z  INFO ThreadId(24) sensor_read sensor="power" seq=145 value=1.3720721218298384 drift_us=1889 jitter_us=864 latency_us=0 elapsed_us=29204425
2026-03-25T15:42:22.999265Z  INFO ThreadId(21) sensor_read sensor="thermal" seq=291 value=29.610170624239878 drift_us=1885 jitter_us=294 latency_us=0 elapsed_us=29204411
2026-03-25T15:42:22.999364Z  INFO ThreadId(24) downlink_tx: sent tx_log_seq=494 sensor=Power sensor_seq=145 queue_latency_us=101 elapsed_us=29204444
2026-03-25T15:42:22.999378Z  INFO ThreadId(24) downlink_tx: sent tx_log_seq=495 sensor=Thermal sensor_seq=291 queue_latency_us=128 elapsed_us=29204444
2026-03-25T15:42:23.098333Z  INFO ThreadId(24) Task dispatched task="ThermalControl" drift_us=908
2026-03-25T15:42:23.098360Z  INFO ThreadId(24) sensor_read sensor="thermal" seq=292 value=75.72309402856789 drift_us=995 jitter_us=976 latency_us=0 elapsed_us=29303521
2026-03-25T15:42:23.098597Z  INFO ThreadId(25) downlink_tx: sent tx_log_seq=496 sensor=Thermal sensor_seq=292 queue_latency_us=225 elapsed_us=29303625
2026-03-25T15:42:23.198768Z  INFO ThreadId(25) Task dispatched task="ThermalControl" drift_us=1344
2026-03-25T15:42:23.198775Z  WARN ThreadId(21) JITTER EXCEEDED 1ms limit sensor="thermal" jitter_us=1301 consecutive_miss=1 limit_us=1000 elapsed_us=29403932
2026-03-25T15:42:23.198787Z  INFO ThreadId(21) sensor_read sensor="thermal" seq=293 value=52.079488960724845 drift_us=1406 jitter_us=1301 latency_us=0 elapsed_us=29403932
2026-03-25T15:42:23.198828Z  INFO ThreadId(24) sensor_read sensor="power" seq=146 value=4.756981206068032 drift_us=1434 jitter_us=396 latency_us=0 elapsed_us=29403970
2026-03-25T15:42:23.198853Z  INFO ThreadId(21) downlink_tx: sent tx_log_seq=497 sensor=Thermal sensor_seq=293 queue_latency_us=66 elapsed_us=29403963
2026-03-25T15:42:23.198864Z  INFO ThreadId(21) downlink_tx: sent tx_log_seq=498 sensor=Power sensor_seq=146 queue_latency_us=57 elapsed_us=29403963
2026-03-25T15:42:23.299231Z  INFO ThreadId(22) Task dispatched task="ThermalControl" drift_us=1805
2026-03-25T15:42:23.299307Z  INFO ThreadId(21) sensor_read sensor="thermal" seq=294 value=46.28545346917132 drift_us=1918 jitter_us=101 latency_us=1 elapsed_us=29504444
2026-03-25T15:42:23.299324Z  INFO ThreadId(25) sensor_read sensor="imu" seq=58 value=-0.0674256199235071 drift_us=1941 jitter_us=897 latency_us=0 elapsed_us=29504481
2026-03-25T15:42:23.299435Z  INFO ThreadId(24) downlink_tx: sent tx_log_seq=499 sensor=Thermal sensor_seq=294 queue_latency_us=146 elapsed_us=29504465
2026-03-25T15:42:23.299461Z  INFO ThreadId(24) downlink_tx: sent tx_log_seq=500 sensor=Imu sensor_seq=58 queue_latency_us=142 elapsed_us=29504465
2026-03-25T15:42:23.305489Z  INFO ThreadId(02) Task dispatched task="DataCompress" drift_us=8077
2026-03-25T15:42:23.399249Z  INFO ThreadId(24) Task dispatched task="ThermalControl" drift_us=1824
2026-03-25T15:42:23.399255Z  INFO ThreadId(02) sensor_read sensor="thermal" seq=295 value=48.468098868085725 drift_us=1885 jitter_us=545 latency_us=0 elapsed_us=29604411
2026-03-25T15:42:23.399271Z  INFO ThreadId(02) sensor_read sensor="power" seq=147 value=1.7181829238415858 drift_us=1900 jitter_us=921 latency_us=0 elapsed_us=29604436
2026-03-25T15:42:23.399369Z  INFO ThreadId(24) downlink_tx: sent tx_log_seq=501 sensor=Power sensor_seq=147 queue_latency_us=95 elapsed_us=29604435
2026-03-25T15:42:23.399381Z  INFO ThreadId(24) downlink_tx: sent tx_log_seq=502 sensor=Thermal sensor_seq=295 queue_latency_us=133 elapsed_us=29604435
2026-03-25T15:42:23.498365Z  INFO ThreadId(25) Task dispatched task="ThermalControl" drift_us=941
2026-03-25T15:42:23.498406Z  INFO ThreadId(21) sensor_read sensor="thermal" seq=296 value=56.288655816396336 drift_us=1035 jitter_us=817 latency_us=0 elapsed_us=29703561
2026-03-25T15:42:23.549180Z  INFO ThreadId(24) downlink_tx: sent tx_log_seq=503 sensor=Thermal sensor_seq=296 queue_latency_us=50769 elapsed_us=29754230
2026-03-25T15:42:23.598362Z  INFO ThreadId(21) Task dispatched task="ThermalControl" drift_us=930
2026-03-25T15:42:23.598388Z  INFO ThreadId(24) sensor_read sensor="thermal" seq=297 value=20.042905988643902 drift_us=1004 jitter_us=819 latency_us=0 elapsed_us=29803530
2026-03-25T15:42:23.598431Z ERROR ThreadId(02) JITTER LIMIT VIOLATED (>1ms) sensor="power" jitter_us=1312
2026-03-25T15:42:23.598442Z  INFO ThreadId(02) sensor_read sensor="power" seq=148 value=2.6661672722112284 drift_us=1054 jitter_us=1312 latency_us=0 elapsed_us=29803590
2026-03-25T15:42:23.598545Z  INFO ThreadId(21) downlink_tx: sent tx_log_seq=504 sensor=Thermal sensor_seq=297 queue_latency_us=174 elapsed_us=29803564
2026-03-25T15:42:23.598580Z  INFO ThreadId(21) downlink_tx: sent tx_log_seq=505 sensor=Power sensor_seq=148 queue_latency_us=153 elapsed_us=29803564
2026-03-25T15:42:23.698339Z  INFO ThreadId(21) Task dispatched task="ThermalControl" drift_us=912
2026-03-25T15:42:23.698373Z  INFO ThreadId(21) sensor_read sensor="thermal" seq=298 value=73.74776986459072 drift_us=1008 jitter_us=35 latency_us=0 elapsed_us=29903534
2026-03-25T15:42:23.698466Z  INFO ThreadId(02) downlink_tx: sent tx_log_seq=506 sensor=Thermal sensor_seq=298 queue_latency_us=83 elapsed_us=29903546
2026-03-25T15:42:23.799242Z  INFO ThreadId(21) Task dispatched task="ThermalControl" drift_us=1813
2026-03-25T15:42:23.799252Z ERROR ThreadId(02) JITTER LIMIT VIOLATED (>1ms) sensor="power" jitter_us=1661
2026-03-25T15:42:23.799264Z  INFO ThreadId(02) sensor_read sensor="power" seq=149 value=3.8595374777049836 drift_us=1869 jitter_us=1661 latency_us=0 elapsed_us=30004405
2026-03-25T15:42:23.799281Z  INFO ThreadId(02) sensor_read sensor="imu" seq=59 value=-0.09914262752069863 drift_us=1905 jitter_us=6 latency_us=0 elapsed_us=30004445
2026-03-25T15:42:23.799301Z  INFO ThreadId(24) sensor_read sensor="thermal" seq=299 value=78.77458484070985 drift_us=1928 jitter_us=916 latency_us=0 elapsed_us=30004454
2026-03-25T15:42:23.799392Z  INFO ThreadId(21) downlink_tx: sent tx_log_seq=507 sensor=Power sensor_seq=149 queue_latency_us=149 elapsed_us=30004435
2026-03-25T15:42:23.799414Z  INFO ThreadId(21) downlink_tx: sent tx_log_seq=508 sensor=Imu sensor_seq=59 queue_latency_us=133 elapsed_us=30004435
2026-03-25T15:42:23.799431Z  INFO ThreadId(21) downlink_tx: sent tx_log_seq=509 sensor=Thermal sensor_seq=299 queue_latency_us=137 elapsed_us=30004435
2026-03-25T15:42:23.805634Z  INFO ThreadId(02) rms_scheduler CPU usage cpu_util_pct=13.998615536923397
2026-03-25T15:42:23.805664Z  INFO ThreadId(02) Task dispatched task="DataCompress" drift_us=8207
2026-03-25T15:42:23.806881Z  INFO ThreadId(02) uplink_rx: received cmd=Heartbeat seq=12 dispatch_latency_us=0 elapsed_us=30012022
2026-03-25T15:42:23.806908Z  INFO ThreadId(02) command executed cmd=Heartbeat
2026-03-25T15:42:23.827500Z  INFO ThreadId(02) Task dispatched task="HealthMonitor" drift_us=30075
2026-03-25T15:42:23.898775Z  INFO ThreadId(02) Task dispatched task="ThermalControl" drift_us=1352
2026-03-25T15:42:23.898803Z  WARN ThreadId(02) JITTER EXCEEDED 1ms limit sensor="thermal" jitter_us=1407 consecutive_miss=1 limit_us=1000 elapsed_us=30103967
2026-03-25T15:42:23.898807Z  INFO ThreadId(02) sensor_read sensor="thermal" seq=300 value=50.05221198225545 drift_us=1441 jitter_us=1407 latency_us=0 elapsed_us=30103967
2026-03-25T15:42:23.948322Z  INFO ThreadId(24) downlink_tx: sent tx_log_seq=510 sensor=Thermal sensor_seq=300 queue_latency_us=49503 elapsed_us=30153372
2026-03-25T15:42:23.998246Z  INFO ThreadId(02) Task dispatched task="ThermalControl" drift_us=822
2026-03-25T15:42:23.998296Z ERROR ThreadId(21) JITTER LIMIT VIOLATED (>1ms) sensor="power" jitter_us=1766
2026-03-25T15:42:23.998284Z  INFO ThreadId(24) sensor_read sensor="thermal" seq=301 value=75.6322349347108 drift_us=905 jitter_us=49 latency_us=0 elapsed_us=30203431
2026-03-25T15:42:23.998302Z  INFO ThreadId(21) sensor_read sensor="power" seq=150 value=1.769033692077631 drift_us=918 jitter_us=1766 latency_us=0 elapsed_us=30203454
2026-03-25T15:42:23.998474Z  INFO ThreadId(25) downlink_tx: sent tx_log_seq=511 sensor=Power sensor_seq=150 queue_latency_us=173 elapsed_us=30203484
2026-03-25T15:42:23.998520Z  INFO ThreadId(25) downlink_tx: sent tx_log_seq=512 sensor=Thermal sensor_seq=301 queue_latency_us=250 elapsed_us=30203484
2026-03-25T15:42:24.099814Z  INFO ThreadId(25) Task dispatched task="ThermalControl" drift_us=2390
2026-03-25T15:42:24.099830Z  WARN ThreadId(21) JITTER EXCEEDED 1ms limit sensor="thermal" jitter_us=2096 consecutive_miss=1 limit_us=1000 elapsed_us=30304991
2026-03-25T15:42:24.099839Z  INFO ThreadId(21) sensor_read sensor="thermal" seq=302 value=29.601896270389094 drift_us=2465 jitter_us=2096 latency_us=0 elapsed_us=30304991
2026-03-25T15:42:24.099900Z  INFO ThreadId(21) downlink_tx: sent tx_log_seq=513 sensor=Thermal sensor_seq=302 queue_latency_us=61 elapsed_us=30305000
2026-03-25T15:42:24.198277Z  INFO ThreadId(25) Task dispatched task="ThermalControl" drift_us=852
2026-03-25T15:42:24.198347Z  WARN ThreadId(21) JITTER EXCEEDED 1ms limit sensor="thermal" jitter_us=3066 consecutive_miss=2 limit_us=1000 elapsed_us=30403485
2026-03-25T15:42:24.198349Z  INFO ThreadId(02) sensor_read sensor="power" seq=151 value=4.060636515000849 drift_us=965 jitter_us=998 latency_us=0 elapsed_us=30403501
2026-03-25T15:42:24.198377Z  INFO ThreadId(21) sensor_read sensor="thermal" seq=303 value=42.758650925561305 drift_us=959 jitter_us=3066 latency_us=0 elapsed_us=30403485
2026-03-25T15:42:24.198496Z  INFO ThreadId(24) downlink_tx: sent tx_log_seq=514 sensor=Power sensor_seq=151 queue_latency_us=152 elapsed_us=30403521
2026-03-25T15:42:24.198523Z  INFO ThreadId(24) downlink_tx: sent tx_log_seq=515 sensor=Thermal sensor_seq=303 queue_latency_us=147 elapsed_us=30403521
2026-03-25T15:42:24.218190Z  WARN ThreadId(22) FAULT INJECTED fault=DelayedSensor severity=2 elapsed_us=30423339
2026-03-25T15:42:24.218209Z  INFO ThreadId(22) satellite state → Fault (fault injection) fault=DelayedSensor elapsed_us=30423339
2026-03-25T15:42:24.269615Z  INFO ThreadId(22) fault_pkt sent to GCS — awaiting ResetSensor command elapsed_us=30474762
2026-03-25T15:42:24.298157Z  INFO ThreadId(22) Task dispatched task="ThermalControl" drift_us=732
2026-03-25T15:42:24.298162Z  WARN ThreadId(24) JITTER EXCEEDED 1ms limit sensor="thermal" jitter_us=1341 consecutive_miss=3 limit_us=1000 elapsed_us=30503320
2026-03-25T15:42:24.298176Z  INFO ThreadId(24) sensor_read sensor="thermal" seq=304 value=48.69115575207245 drift_us=794 jitter_us=1341 latency_us=0 elapsed_us=30503320
2026-03-25T15:42:24.298190Z ERROR ThreadId(02) JITTER LIMIT VIOLATED (>1ms) sensor="imu" jitter_us=1058
2026-03-25T15:42:24.298196Z  INFO ThreadId(02) sensor_read sensor="imu" seq=60 value=0.060447869014753464 drift_us=811 jitter_us=1058 latency_us=0 elapsed_us=30503351
2026-03-25T15:42:24.298248Z  INFO ThreadId(22) downlink_tx: sent tx_log_seq=516 sensor=Imu sensor_seq=60 queue_latency_us=57 elapsed_us=30503342
2026-03-25T15:42:24.298259Z  INFO ThreadId(22) downlink_tx: sent tx_log_seq=517 sensor=Thermal sensor_seq=304 queue_latency_us=83 elapsed_us=30503342
2026-03-25T15:42:24.305354Z  INFO ThreadId(24) Task dispatched task="DataCompress" drift_us=7918
2026-03-25T15:42:24.314627Z  INFO ThreadId(24) uplink_rx: received cmd=SafeMode seq=13 dispatch_latency_us=0 elapsed_us=30519769
2026-03-25T15:42:24.314655Z  INFO ThreadId(24) command executed cmd=SafeMode
2026-03-25T15:42:24.361871Z  INFO ThreadId(22) uplink_rx: received cmd=ResetSensor seq=14 dispatch_latency_us=0 elapsed_us=30567016
2026-03-25T15:42:24.361897Z  INFO ThreadId(22) command executed cmd=ResetSensor
2026-03-25T15:42:24.370826Z  INFO ThreadId(22) FAULT RECOVERED — satellite state → Nominal recovery_ms=101 elapsed_us=30575975
2026-03-25T15:42:24.398582Z  INFO ThreadId(22) Task dispatched task="ThermalControl" drift_us=1157
2026-03-25T15:42:24.398620Z  INFO ThreadId(24) sensor_read sensor="thermal" seq=305 value=64.12789566396386 drift_us=1235 jitter_us=606 latency_us=1 elapsed_us=30603761
2026-03-25T15:42:24.398635Z  INFO ThreadId(25) sensor_read sensor="power" seq=152 value=3.012907734747472 drift_us=1259 jitter_us=247 latency_us=0 elapsed_us=30603795
2026-03-25T15:42:24.398699Z  INFO ThreadId(22) downlink_tx: sent tx_log_seq=518 sensor=Thermal sensor_seq=305 queue_latency_us=98 elapsed_us=30603770
2026-03-25T15:42:24.398712Z  INFO ThreadId(22) downlink_tx: sent tx_log_seq=519 sensor=Power sensor_seq=152 queue_latency_us=80 elapsed_us=30603770
2026-03-25T15:42:24.499187Z  INFO ThreadId(22) Task dispatched task="ThermalControl" drift_us=1763
2026-03-25T15:42:24.499192Z  INFO ThreadId(21) sensor_read sensor="thermal" seq=306 value=77.14939557770163 drift_us=1825 jitter_us=149 latency_us=0 elapsed_us=30704351
2026-03-25T15:42:24.499262Z  INFO ThreadId(25) downlink_tx: sent tx_log_seq=520 sensor=Thermal sensor_seq=306 queue_latency_us=70 elapsed_us=30704360
2026-03-25T15:42:24.599133Z  INFO ThreadId(21) Task dispatched task="ThermalControl" drift_us=1707
2026-03-25T15:42:24.599146Z  INFO ThreadId(25) sensor_read sensor="thermal" seq=307 value=71.64516445562559 drift_us=1776 jitter_us=639 latency_us=0 elapsed_us=30804302
2026-03-25T15:42:24.599160Z  INFO ThreadId(25) sensor_read sensor="power" seq=153 value=4.784711915648352 drift_us=1788 jitter_us=235 latency_us=0 elapsed_us=30804324
2026-03-25T15:42:24.599309Z  INFO ThreadId(24) downlink_tx: sent tx_log_seq=521 sensor=Power sensor_seq=153 queue_latency_us=134 elapsed_us=30804335
2026-03-25T15:42:24.599344Z  INFO ThreadId(24) downlink_tx: sent tx_log_seq=522 sensor=Thermal sensor_seq=307 queue_latency_us=203 elapsed_us=30804335
2026-03-25T15:42:24.698853Z  INFO ThreadId(24) Task dispatched task="ThermalControl" drift_us=1428
2026-03-25T15:42:24.698878Z  INFO ThreadId(22) sensor_read sensor="thermal" seq=308 value=65.3981323529163 drift_us=1511 jitter_us=216 latency_us=0 elapsed_us=30904037
2026-03-25T15:42:24.749333Z  INFO ThreadId(24) downlink_tx: sent tx_log_seq=523 sensor=Thermal sensor_seq=308 queue_latency_us=50447 elapsed_us=30954386
2026-03-25T15:42:24.799090Z  INFO ThreadId(22) Task dispatched task="ThermalControl" drift_us=1665
2026-03-25T15:42:24.799097Z  INFO ThreadId(24) sensor_read sensor="power" seq=154 value=1.7837618519768896 drift_us=1718 jitter_us=599 latency_us=0 elapsed_us=31004254
2026-03-25T15:42:24.799115Z ERROR ThreadId(24) JITTER LIMIT VIOLATED (>1ms) sensor="imu" jitter_us=2023
2026-03-25T15:42:24.799118Z  INFO ThreadId(24) sensor_read sensor="imu" seq=61 value=0.08872577464597625 drift_us=1740 jitter_us=2023 latency_us=0 elapsed_us=31004280
2026-03-25T15:42:24.799123Z  INFO ThreadId(22) sensor_read sensor="thermal" seq=309 value=29.080038111794973 drift_us=1761 jitter_us=515 latency_us=0 elapsed_us=31004287
2026-03-25T15:42:24.799264Z  INFO ThreadId(25) downlink_tx: sent tx_log_seq=524 sensor=Imu sensor_seq=61 queue_latency_us=134 elapsed_us=31004296
2026-03-25T15:42:24.799296Z  INFO ThreadId(25) downlink_tx: sent tx_log_seq=525 sensor=Power sensor_seq=154 queue_latency_us=204 elapsed_us=31004296
2026-03-25T15:42:24.799310Z  INFO ThreadId(25) downlink_tx: sent tx_log_seq=526 sensor=Thermal sensor_seq=309 queue_latency_us=186 elapsed_us=31004296
2026-03-25T15:42:24.805465Z  INFO ThreadId(24) Task dispatched task="DataCompress" drift_us=8041
2026-03-25T15:42:24.827311Z  INFO ThreadId(24) Task dispatched task="HealthMonitor" drift_us=29885
2026-03-25T15:42:24.899433Z  INFO ThreadId(24) Task dispatched task="ThermalControl" drift_us=2008
2026-03-25T15:42:24.899440Z  INFO ThreadId(25) sensor_read sensor="thermal" seq=310 value=59.13782680738165 drift_us=2072 jitter_us=61 latency_us=0 elapsed_us=31104598
2026-03-25T15:42:24.899551Z  INFO ThreadId(02) downlink_tx: sent tx_log_seq=527 sensor=Thermal sensor_seq=310 queue_latency_us=111 elapsed_us=31104613
2026-03-25T15:42:24.999153Z  INFO ThreadId(24) Task dispatched task="ThermalControl" drift_us=1728
2026-03-25T15:42:24.999159Z  INFO ThreadId(02) sensor_read sensor="thermal" seq=311 value=53.487274983714144 drift_us=1790 jitter_us=593 latency_us=0 elapsed_us=31204316
2026-03-25T15:42:24.999176Z  INFO ThreadId(24) sensor_read sensor="power" seq=155 value=3.7050024776353814 drift_us=1804 jitter_us=156 latency_us=0 elapsed_us=31204340
2026-03-25T15:42:24.999281Z  INFO ThreadId(25) downlink_tx: sent tx_log_seq=528 sensor=Power sensor_seq=155 queue_latency_us=101 elapsed_us=31204344
2026-03-25T15:42:24.999299Z  INFO ThreadId(25) downlink_tx: sent tx_log_seq=529 sensor=Thermal sensor_seq=311 queue_latency_us=146 elapsed_us=31204344
2026-03-25T15:42:25.098470Z  INFO ThreadId(25) Task dispatched task="ThermalControl" drift_us=1046
2026-03-25T15:42:25.098511Z  INFO ThreadId(02) sensor_read sensor="thermal" seq=312 value=74.62484302318357 drift_us=1132 jitter_us=376 latency_us=0 elapsed_us=31303658
2026-03-25T15:42:25.098651Z  INFO ThreadId(21) downlink_tx: sent tx_log_seq=530 sensor=Thermal sensor_seq=312 queue_latency_us=148 elapsed_us=31303676
2026-03-25T15:42:25.198494Z  INFO ThreadId(21) Task dispatched task="ThermalControl" drift_us=1064
2026-03-25T15:42:25.198516Z  INFO ThreadId(24) sensor_read sensor="thermal" seq=313 value=54.154738268140974 drift_us=1139 jitter_us=665 latency_us=0 elapsed_us=31403665
2026-03-25T15:42:25.198541Z  INFO ThreadId(24) sensor_read sensor="power" seq=156 value=4.649640632687486 drift_us=1168 jitter_us=722 latency_us=0 elapsed_us=31403704
2026-03-25T15:42:25.198634Z  INFO ThreadId(21) downlink_tx: sent tx_log_seq=531 sensor=Thermal sensor_seq=313 queue_latency_us=131 elapsed_us=31403694
2026-03-25T15:42:25.198645Z  INFO ThreadId(21) downlink_tx: sent tx_log_seq=532 sensor=Power sensor_seq=156 queue_latency_us=105 elapsed_us=31403694
2026-03-25T15:42:25.298436Z  INFO ThreadId(24) Task dispatched task="ThermalControl" drift_us=1011
2026-03-25T15:42:25.298443Z  INFO ThreadId(25) sensor_read sensor="thermal" seq=314 value=36.437954604007395 drift_us=1074 jitter_us=72 latency_us=0 elapsed_us=31503600
2026-03-25T15:42:25.298464Z ERROR ThreadId(25) JITTER LIMIT VIOLATED (>1ms) sensor="imu" jitter_us=1582
2026-03-25T15:42:25.298468Z  INFO ThreadId(25) sensor_read sensor="imu" seq=62 value=-0.031756303202307254 drift_us=1087 jitter_us=1582 latency_us=0 elapsed_us=31503627
2026-03-25T15:42:25.298556Z  INFO ThreadId(24) downlink_tx: sent tx_log_seq=533 sensor=Thermal sensor_seq=314 queue_latency_us=118 elapsed_us=31503624
2026-03-25T15:42:25.298571Z  INFO ThreadId(24) downlink_tx: sent tx_log_seq=534 sensor=Imu sensor_seq=62 queue_latency_us=109 elapsed_us=31503624
2026-03-25T15:42:25.304577Z  INFO ThreadId(25) Task dispatched task="DataCompress" drift_us=7162
2026-03-25T15:42:25.398598Z  INFO ThreadId(24) Task dispatched task="ThermalControl" drift_us=1172
2026-03-25T15:42:25.398633Z  INFO ThreadId(25) sensor_read sensor="thermal" seq=315 value=28.13346172616757 drift_us=1248 jitter_us=239 latency_us=0 elapsed_us=31603774
2026-03-25T15:42:25.398650Z  INFO ThreadId(21) sensor_read sensor="power" seq=157 value=2.1054686906539946 drift_us=1273 jitter_us=741 latency_us=1 elapsed_us=31603809
2026-03-25T15:42:25.398721Z  INFO ThreadId(24) downlink_tx: sent tx_log_seq=535 sensor=Thermal sensor_seq=315 queue_latency_us=108 elapsed_us=31603788
2026-03-25T15:42:25.398740Z  INFO ThreadId(24) downlink_tx: sent tx_log_seq=536 sensor=Power sensor_seq=157 queue_latency_us=93 elapsed_us=31603788
2026-03-25T15:42:25.498521Z  INFO ThreadId(24) Task dispatched task="ThermalControl" drift_us=1096
2026-03-25T15:42:25.498559Z  INFO ThreadId(21) sensor_read sensor="thermal" seq=316 value=52.52426259636609 drift_us=1192 jitter_us=230 latency_us=0 elapsed_us=31703718
2026-03-25T15:42:25.548693Z  INFO ThreadId(24) downlink_tx: sent tx_log_seq=537 sensor=Thermal sensor_seq=316 queue_latency_us=50126 elapsed_us=31753741
2026-03-25T15:42:25.598404Z  INFO ThreadId(21) Task dispatched task="ThermalControl" drift_us=975
2026-03-25T15:42:25.598407Z  INFO ThreadId(24) sensor_read sensor="thermal" seq=317 value=57.68292667401942 drift_us=1034 jitter_us=102 latency_us=0 elapsed_us=31803560
2026-03-25T15:42:25.598445Z  INFO ThreadId(24) sensor_read sensor="power" seq=158 value=3.4651479059387875 drift_us=1072 jitter_us=306 latency_us=0 elapsed_us=31803608
2026-03-25T15:42:25.598554Z  INFO ThreadId(21) downlink_tx: sent tx_log_seq=538 sensor=Thermal sensor_seq=317 queue_latency_us=155 elapsed_us=31803607
2026-03-25T15:42:25.598570Z  INFO ThreadId(21) downlink_tx: sent tx_log_seq=539 sensor=Power sensor_seq=158 queue_latency_us=126 elapsed_us=31803607
2026-03-25T15:42:25.698590Z  INFO ThreadId(21) Task dispatched task="ThermalControl" drift_us=1157
2026-03-25T15:42:25.698603Z  INFO ThreadId(24) sensor_read sensor="thermal" seq=318 value=79.10639132194143 drift_us=1227 jitter_us=351 latency_us=1 elapsed_us=31903753
2026-03-25T15:42:25.698735Z  INFO ThreadId(22) downlink_tx: sent tx_log_seq=540 sensor=Thermal sensor_seq=318 queue_latency_us=136 elapsed_us=31903773
2026-03-25T15:42:25.799237Z  INFO ThreadId(22) Task dispatched task="ThermalControl" drift_us=1807
2026-03-25T15:42:25.799255Z  INFO ThreadId(25) sensor_read sensor="power" seq=159 value=4.103803525746938 drift_us=1870 jitter_us=999 latency_us=0 elapsed_us=32004406
2026-03-25T15:42:25.799291Z  INFO ThreadId(24) sensor_read sensor="thermal" seq=319 value=32.82591685121891 drift_us=1912 jitter_us=492 latency_us=0 elapsed_us=32004438
2026-03-25T15:42:25.799303Z ERROR ThreadId(21) JITTER LIMIT VIOLATED (>1ms) sensor="imu" jitter_us=1487
2026-03-25T15:42:25.799312Z  INFO ThreadId(21) sensor_read sensor="imu" seq=63 value=0.014224219009245198 drift_us=1921 jitter_us=1487 latency_us=0 elapsed_us=32004461
2026-03-25T15:42:25.799459Z  INFO ThreadId(22) downlink_tx: sent tx_log_seq=541 sensor=Power sensor_seq=159 queue_latency_us=214 elapsed_us=32004437
2026-03-25T15:42:25.799490Z  INFO ThreadId(22) downlink_tx: sent tx_log_seq=542 sensor=Imu sensor_seq=63 queue_latency_us=192 elapsed_us=32004437
2026-03-25T15:42:25.799508Z  INFO ThreadId(22) downlink_tx: sent tx_log_seq=543 sensor=Thermal sensor_seq=319 queue_latency_us=232 elapsed_us=32004437
2026-03-25T15:42:25.805540Z  INFO ThreadId(02) Task dispatched task="DataCompress" drift_us=8127
2026-03-25T15:42:25.826758Z  INFO ThreadId(02) Task dispatched task="HealthMonitor" drift_us=29334
2026-03-25T15:42:25.898616Z  INFO ThreadId(02) Task dispatched task="ThermalControl" drift_us=1190
2026-03-25T15:42:25.898670Z  WARN ThreadId(21) JITTER EXCEEDED 1ms limit sensor="thermal" jitter_us=1302 consecutive_miss=1 limit_us=1000 elapsed_us=32103821
2026-03-25T15:42:25.898696Z  INFO ThreadId(21) sensor_read sensor="thermal" seq=320 value=39.13109759771646 drift_us=1295 jitter_us=1302 latency_us=0 elapsed_us=32103821
2026-03-25T15:42:25.949328Z  INFO ThreadId(02) downlink_tx: sent tx_log_seq=544 sensor=Thermal sensor_seq=320 queue_latency_us=50620 elapsed_us=32154367
2026-03-25T15:42:25.998499Z  INFO ThreadId(21) Task dispatched task="ThermalControl" drift_us=1070
2026-03-25T15:42:25.998528Z  INFO ThreadId(02) sensor_read sensor="thermal" seq=321 value=63.6798075916492 drift_us=1147 jitter_us=469 latency_us=0 elapsed_us=32203673
2026-03-25T15:42:25.998567Z ERROR ThreadId(22) JITTER LIMIT VIOLATED (>1ms) sensor="power" jitter_us=1479
2026-03-25T15:42:25.998576Z  INFO ThreadId(22) sensor_read sensor="power" seq=160 value=3.4208080269801098 drift_us=1189 jitter_us=1479 latency_us=0 elapsed_us=32203725
2026-03-25T15:42:25.998662Z  INFO ThreadId(21) downlink_tx: sent tx_log_seq=545 sensor=Thermal sensor_seq=321 queue_latency_us=148 elapsed_us=32203700
2026-03-25T15:42:25.998695Z  INFO ThreadId(21) downlink_tx: sent tx_log_seq=546 sensor=Power sensor_seq=160 queue_latency_us=133 elapsed_us=32203700
2026-03-25T15:42:26.098434Z  INFO ThreadId(02) Task dispatched task="ThermalControl" drift_us=1008
2026-03-25T15:42:26.098472Z  INFO ThreadId(25) sensor_read sensor="thermal" seq=322 value=63.817373920431166 drift_us=1103 jitter_us=104 latency_us=0 elapsed_us=32303629
2026-03-25T15:42:26.149908Z  INFO ThreadId(02) downlink_tx: sent tx_log_seq=547 sensor=Thermal sensor_seq=322 queue_latency_us=51426 elapsed_us=32354942
2026-03-25T15:42:26.199249Z  INFO ThreadId(25) Task dispatched task="ThermalControl" drift_us=1823
2026-03-25T15:42:26.199325Z  INFO ThreadId(02) sensor_read sensor="thermal" seq=323 value=31.226365650768134 drift_us=1938 jitter_us=879 latency_us=0 elapsed_us=32404464
2026-03-25T15:42:26.199376Z ERROR ThreadId(21) JITTER LIMIT VIOLATED (>1ms) sensor="power" jitter_us=1491
2026-03-25T15:42:26.199383Z  INFO ThreadId(21) sensor_read sensor="power" seq=161 value=3.000250689191491 drift_us=1999 jitter_us=1491 latency_us=0 elapsed_us=32404535
2026-03-25T15:42:26.199474Z  INFO ThreadId(22) downlink_tx: sent tx_log_seq=548 sensor=Thermal sensor_seq=323 queue_latency_us=160 elapsed_us=32404482
2026-03-25T15:42:26.199505Z  INFO ThreadId(22) downlink_tx: sent tx_log_seq=549 sensor=Power sensor_seq=161 queue_latency_us=132 elapsed_us=32404482
2026-03-25T15:42:26.298928Z  INFO ThreadId(24) Task dispatched task="ThermalControl" drift_us=1504
2026-03-25T15:42:26.298935Z  WARN ThreadId(22) JITTER EXCEEDED 1ms limit sensor="thermal" jitter_us=1207 consecutive_miss=1 limit_us=1000 elapsed_us=32504092
2026-03-25T15:42:26.298949Z  INFO ThreadId(22) sensor_read sensor="thermal" seq=324 value=60.18909617107512 drift_us=1566 jitter_us=1207 latency_us=0 elapsed_us=32504092
2026-03-25T15:42:26.298979Z ERROR ThreadId(21) JITTER LIMIT VIOLATED (>1ms) sensor="imu" jitter_us=1168
2026-03-25T15:42:26.299001Z  INFO ThreadId(21) sensor_read sensor="imu" seq=64 value=-0.01278957241347603 drift_us=1587 jitter_us=1168 latency_us=0 elapsed_us=32504127
2026-03-25T15:42:26.299050Z  INFO ThreadId(22) downlink_tx: sent tx_log_seq=550 sensor=Thermal sensor_seq=324 queue_latency_us=102 elapsed_us=32504124
2026-03-25T15:42:26.299065Z  INFO ThreadId(22) downlink_tx: sent tx_log_seq=551 sensor=Imu sensor_seq=64 queue_latency_us=101 elapsed_us=32504124
2026-03-25T15:42:26.305269Z  INFO ThreadId(02) Task dispatched task="DataCompress" drift_us=7843
2026-03-25T15:42:26.398266Z  INFO ThreadId(02) Task dispatched task="ThermalControl" drift_us=841
2026-03-25T15:42:26.398307Z  INFO ThreadId(22) sensor_read sensor="thermal" seq=325 value=25.176071328102708 drift_us=926 jitter_us=268 latency_us=0 elapsed_us=32603452
2026-03-25T15:42:26.398362Z ERROR ThreadId(24) JITTER LIMIT VIOLATED (>1ms) sensor="power" jitter_us=1835
2026-03-25T15:42:26.398388Z  INFO ThreadId(24) sensor_read sensor="power" seq=162 value=0.7982873767492781 drift_us=974 jitter_us=1835 latency_us=0 elapsed_us=32603510
2026-03-25T15:42:26.398398Z  INFO ThreadId(21) downlink_tx: sent tx_log_seq=552 sensor=Thermal sensor_seq=325 queue_latency_us=107 elapsed_us=32603462
2026-03-25T15:42:26.398416Z  INFO ThreadId(21) downlink_tx: sent tx_log_seq=553 sensor=Power sensor_seq=162 queue_latency_us=67 elapsed_us=32603462
2026-03-25T15:42:26.498512Z  INFO ThreadId(21) Task dispatched task="ThermalControl" drift_us=1089
2026-03-25T15:42:26.498530Z  INFO ThreadId(24) sensor_read sensor="thermal" seq=326 value=51.41178636965776 drift_us=1163 jitter_us=877 latency_us=0 elapsed_us=32703689
2026-03-25T15:42:26.498588Z  INFO ThreadId(21) downlink_tx: sent tx_log_seq=554 sensor=Thermal sensor_seq=326 queue_latency_us=62 elapsed_us=32703696
2026-03-25T15:42:26.599402Z  INFO ThreadId(25) Task dispatched task="ThermalControl" drift_us=1977
2026-03-25T15:42:26.599444Z ERROR ThreadId(24) JITTER LIMIT VIOLATED (>1ms) sensor="power" jitter_us=2117
2026-03-25T15:42:26.599436Z  INFO ThreadId(21) sensor_read sensor="thermal" seq=327 value=70.79959600400313 drift_us=2056 jitter_us=656 latency_us=0 elapsed_us=32804582
2026-03-25T15:42:26.599454Z  INFO ThreadId(24) sensor_read sensor="power" seq=163 value=2.3256865989963016 drift_us=2066 jitter_us=2117 latency_us=0 elapsed_us=32804602
2026-03-25T15:42:26.599586Z  INFO ThreadId(22) downlink_tx: sent tx_log_seq=555 sensor=Power sensor_seq=163 queue_latency_us=140 elapsed_us=32804625
2026-03-25T15:42:26.599613Z  INFO ThreadId(22) downlink_tx: sent tx_log_seq=556 sensor=Thermal sensor_seq=327 queue_latency_us=192 elapsed_us=32804625
2026-03-25T15:42:26.699370Z  INFO ThreadId(22) Task dispatched task="ThermalControl" drift_us=1941
2026-03-25T15:42:26.699374Z  INFO ThreadId(21) sensor_read sensor="thermal" seq=328 value=44.226548627926604 drift_us=2007 jitter_us=942 latency_us=0 elapsed_us=32904533
2026-03-25T15:42:26.699489Z  INFO ThreadId(02) downlink_tx: sent tx_log_seq=557 sensor=Thermal sensor_seq=328 queue_latency_us=114 elapsed_us=32904549
2026-03-25T15:42:26.798565Z  INFO ThreadId(02) Task dispatched task="ThermalControl" drift_us=1140
2026-03-25T15:42:26.798595Z  INFO ThreadId(02) sensor_read sensor="thermal" seq=329 value=23.95882322651986 drift_us=1230 jitter_us=728 latency_us=0 elapsed_us=33003756
2026-03-25T15:42:26.798630Z ERROR ThreadId(21) JITTER LIMIT VIOLATED (>1ms) sensor="power" jitter_us=1919
2026-03-25T15:42:26.798640Z  INFO ThreadId(24) sensor_read sensor="imu" seq=65 value=0.08188262484521852 drift_us=1257 jitter_us=4 latency_us=0 elapsed_us=33003797
2026-03-25T15:42:26.798660Z  INFO ThreadId(21) sensor_read sensor="power" seq=164 value=1.64596093791282 drift_us=1239 jitter_us=1919 latency_us=1 elapsed_us=33003775
2026-03-25T15:42:26.798818Z  INFO ThreadId(22) downlink_tx: sent tx_log_seq=558 sensor=Imu sensor_seq=65 queue_latency_us=174 elapsed_us=33003827
2026-03-25T15:42:26.798862Z  INFO ThreadId(22) downlink_tx: sent tx_log_seq=559 sensor=Power sensor_seq=164 queue_latency_us=246 elapsed_us=33003827
2026-03-25T15:42:26.798887Z  INFO ThreadId(22) downlink_tx: sent tx_log_seq=560 sensor=Thermal sensor_seq=329 queue_latency_us=293 elapsed_us=33003827
2026-03-25T15:42:26.804986Z  INFO ThreadId(25) Task dispatched task="DataCompress" drift_us=7560
2026-03-25T15:42:26.826772Z  INFO ThreadId(25) Task dispatched task="HealthMonitor" drift_us=29346
2026-03-25T15:42:26.898921Z  INFO ThreadId(25) Task dispatched task="ThermalControl" drift_us=1495
2026-03-25T15:42:26.898964Z  WARN ThreadId(22) JITTER EXCEEDED 1ms limit sensor="thermal" jitter_us=1134 consecutive_miss=1 limit_us=1000 elapsed_us=33104113
2026-03-25T15:42:26.898988Z  INFO ThreadId(22) sensor_read sensor="thermal" seq=330 value=75.60115682547932 drift_us=1587 jitter_us=1134 latency_us=0 elapsed_us=33104113
2026-03-25T15:42:26.948496Z  INFO ThreadId(25) downlink_tx: sent tx_log_seq=561 sensor=Thermal sensor_seq=330 queue_latency_us=49498 elapsed_us=33153544
2026-03-25T15:42:26.998594Z  INFO ThreadId(22) Task dispatched task="ThermalControl" drift_us=1169
2026-03-25T15:42:26.998604Z  INFO ThreadId(25) sensor_read sensor="thermal" seq=331 value=39.460500036062555 drift_us=1235 jitter_us=709 latency_us=0 elapsed_us=33203761
2026-03-25T15:42:26.998624Z  INFO ThreadId(25) sensor_read sensor="power" seq=165 value=3.8262455063537244 drift_us=1251 jitter_us=839 latency_us=0 elapsed_us=33203787
2026-03-25T15:42:26.998709Z  INFO ThreadId(22) downlink_tx: sent tx_log_seq=562 sensor=Thermal sensor_seq=331 queue_latency_us=110 elapsed_us=33203781
2026-03-25T15:42:26.998723Z  INFO ThreadId(22) downlink_tx: sent tx_log_seq=563 sensor=Power sensor_seq=165 queue_latency_us=99 elapsed_us=33203781
2026-03-25T15:42:27.099332Z  WARN ThreadId(25) JITTER EXCEEDED 1ms limit sensor="thermal" jitter_us=1083 consecutive_miss=1 limit_us=1000 elapsed_us=33304492
2026-03-25T15:42:27.099329Z  INFO ThreadId(22) Task dispatched task="ThermalControl" drift_us=1903
2026-03-25T15:42:27.099346Z  INFO ThreadId(25) sensor_read sensor="thermal" seq=332 value=33.77778556238114 drift_us=1966 jitter_us=1083 latency_us=0 elapsed_us=33304492
2026-03-25T15:42:27.149027Z  INFO ThreadId(24) downlink_tx: sent tx_log_seq=564 sensor=Thermal sensor_seq=332 queue_latency_us=49668 elapsed_us=33354078
2026-03-25T15:42:27.199389Z  INFO ThreadId(25) Task dispatched task="ThermalControl" drift_us=1963
2026-03-25T15:42:27.199419Z  INFO ThreadId(21) sensor_read sensor="power" seq=166 value=3.652986758140985 drift_us=2042 jitter_us=779 latency_us=0 elapsed_us=33404578
2026-03-25T15:42:27.199419Z  INFO ThreadId(24) sensor_read sensor="thermal" seq=333 value=49.495553209880676 drift_us=2039 jitter_us=658 latency_us=0 elapsed_us=33404565
2026-03-25T15:42:27.199566Z  INFO ThreadId(22) downlink_tx: sent tx_log_seq=565 sensor=Power sensor_seq=166 queue_latency_us=142 elapsed_us=33404605
2026-03-25T15:42:27.199596Z  INFO ThreadId(22) downlink_tx: sent tx_log_seq=566 sensor=Thermal sensor_seq=333 queue_latency_us=192 elapsed_us=33404605
2026-03-25T15:42:27.298568Z  INFO ThreadId(21) Task dispatched task="ThermalControl" drift_us=1142
2026-03-25T15:42:27.298576Z  INFO ThreadId(02) sensor_read sensor="thermal" seq=334 value=77.83096897410795 drift_us=1206 jitter_us=906 latency_us=0 elapsed_us=33503732
2026-03-25T15:42:27.298604Z  INFO ThreadId(02) sensor_read sensor="imu" seq=66 value=-0.08401228196933022 drift_us=1229 jitter_us=302 latency_us=0 elapsed_us=33503769
2026-03-25T15:42:27.298690Z  INFO ThreadId(21) downlink_tx: sent tx_log_seq=567 sensor=Thermal sensor_seq=334 queue_latency_us=120 elapsed_us=33503757
2026-03-25T15:42:27.298705Z  INFO ThreadId(21) downlink_tx: sent tx_log_seq=568 sensor=Imu sensor_seq=66 queue_latency_us=100 elapsed_us=33503757
2026-03-25T15:42:27.305409Z  INFO ThreadId(24) Task dispatched task="DataCompress" drift_us=7990
2026-03-25T15:42:27.398508Z  INFO ThreadId(21) Task dispatched task="ThermalControl" drift_us=1082
2026-03-25T15:42:27.398544Z  INFO ThreadId(24) sensor_read sensor="thermal" seq=335 value=58.14690490083669 drift_us=1165 jitter_us=792 latency_us=0 elapsed_us=33603691
2026-03-25T15:42:27.398571Z ERROR ThreadId(22) JITTER LIMIT VIOLATED (>1ms) sensor="power" jitter_us=1641
2026-03-25T15:42:27.398587Z  INFO ThreadId(22) sensor_read sensor="power" seq=167 value=1.7835194636327787 drift_us=1192 jitter_us=1641 latency_us=0 elapsed_us=33603728
2026-03-25T15:42:27.398629Z  INFO ThreadId(21) downlink_tx: sent tx_log_seq=569 sensor=Thermal sensor_seq=335 queue_latency_us=99 elapsed_us=33603697
2026-03-25T15:42:27.398644Z  INFO ThreadId(21) downlink_tx: sent tx_log_seq=570 sensor=Power sensor_seq=167 queue_latency_us=79 elapsed_us=33603697
2026-03-25T15:42:27.499228Z  INFO ThreadId(25) Task dispatched task="ThermalControl" drift_us=1798
2026-03-25T15:42:27.499259Z  INFO ThreadId(22) sensor_read sensor="thermal" seq=336 value=75.17933707499017 drift_us=1884 jitter_us=760 latency_us=0 elapsed_us=33704410
2026-03-25T15:42:27.499371Z  INFO ThreadId(25) downlink_tx: sent tx_log_seq=571 sensor=Thermal sensor_seq=336 queue_latency_us=120 elapsed_us=33704419
2026-03-25T15:42:27.598645Z  INFO ThreadId(25) Task dispatched task="ThermalControl" drift_us=1218
2026-03-25T15:42:27.598678Z  INFO ThreadId(22) sensor_read sensor="power" seq=168 value=2.7833327559419283 drift_us=1299 jitter_us=957 latency_us=0 elapsed_us=33803835
2026-03-25T15:42:27.598677Z  WARN ThreadId(24) JITTER EXCEEDED 1ms limit sensor="thermal" jitter_us=1310 consecutive_miss=1 limit_us=1000 elapsed_us=33803819
2026-03-25T15:42:27.598695Z  INFO ThreadId(24) sensor_read sensor="thermal" seq=337 value=38.71599329692819 drift_us=1293 jitter_us=1310 latency_us=0 elapsed_us=33803819
2026-03-25T15:42:27.598785Z  INFO ThreadId(25) downlink_tx: sent tx_log_seq=572 sensor=Power sensor_seq=168 queue_latency_us=111 elapsed_us=33803840
2026-03-25T15:42:27.598802Z  INFO ThreadId(25) downlink_tx: sent tx_log_seq=573 sensor=Thermal sensor_seq=337 queue_latency_us=108 elapsed_us=33803840
2026-03-25T15:42:27.699164Z  WARN ThreadId(21) JITTER EXCEEDED 1ms limit sensor="thermal" jitter_us=1096 consecutive_miss=2 limit_us=1000 elapsed_us=33904324
2026-03-25T15:42:27.699158Z  INFO ThreadId(25) Task dispatched task="ThermalControl" drift_us=1729
2026-03-25T15:42:27.699181Z  INFO ThreadId(21) sensor_read sensor="thermal" seq=338 value=72.31755920128252 drift_us=1798 jitter_us=1096 latency_us=0 elapsed_us=33904324
2026-03-25T15:42:27.699348Z  INFO ThreadId(22) downlink_tx: sent tx_log_seq=574 sensor=Thermal sensor_seq=338 queue_latency_us=153 elapsed_us=33904357
2026-03-25T15:42:27.799337Z  INFO ThreadId(22) Task dispatched task="ThermalControl" drift_us=1912
2026-03-25T15:42:27.799339Z  INFO ThreadId(21) sensor_read sensor="power" seq=169 value=0.9650800324321492 drift_us=1960 jitter_us=554 latency_us=0 elapsed_us=34004496
2026-03-25T15:42:27.799360Z  INFO ThreadId(21) sensor_read sensor="imu" seq=67 value=-0.029547668108164782 drift_us=1985 jitter_us=784 latency_us=0 elapsed_us=34004525
2026-03-25T15:42:27.799403Z  INFO ThreadId(25) sensor_read sensor="thermal" seq=339 value=32.05524435583456 drift_us=2020 jitter_us=283 latency_us=0 elapsed_us=34004546
2026-03-25T15:42:27.799438Z  INFO ThreadId(22) downlink_tx: sent tx_log_seq=575 sensor=Power sensor_seq=169 queue_latency_us=104 elapsed_us=34004523
2026-03-25T15:42:27.799449Z  INFO ThreadId(22) downlink_tx: sent tx_log_seq=576 sensor=Imu sensor_seq=67 queue_latency_us=89 elapsed_us=34004523
2026-03-25T15:42:27.799458Z  INFO ThreadId(22) downlink_tx: sent tx_log_seq=577 sensor=Thermal sensor_seq=339 queue_latency_us=74 elapsed_us=34004523
2026-03-25T15:42:27.805724Z  INFO ThreadId(21) Task dispatched task="DataCompress" drift_us=8297
2026-03-25T15:42:27.827502Z  INFO ThreadId(21) Task dispatched task="HealthMonitor" drift_us=30067
2026-03-25T15:42:27.899392Z  INFO ThreadId(21) Task dispatched task="ThermalControl" drift_us=1968
2026-03-25T15:42:27.899396Z  INFO ThreadId(22) sensor_read sensor="thermal" seq=340 value=67.04474822253209 drift_us=2029 jitter_us=213 latency_us=0 elapsed_us=34104555
2026-03-25T15:42:27.899499Z  INFO ThreadId(25) downlink_tx: sent tx_log_seq=578 sensor=Thermal sensor_seq=340 queue_latency_us=104 elapsed_us=34104566
2026-03-25T15:42:27.998706Z  INFO ThreadId(25) Task dispatched task="ThermalControl" drift_us=1280
2026-03-25T15:42:27.998713Z  INFO ThreadId(02) sensor_read sensor="thermal" seq=341 value=26.514832894146853 drift_us=1342 jitter_us=696 latency_us=0 elapsed_us=34203868
2026-03-25T15:42:27.998731Z ERROR ThreadId(02) JITTER LIMIT VIOLATED (>1ms) sensor="power" jitter_us=1262
2026-03-25T15:42:27.998733Z  INFO ThreadId(02) sensor_read sensor="power" seq=170 value=2.5393685857766077 drift_us=1359 jitter_us=1262 latency_us=0 elapsed_us=34203895
2026-03-25T15:42:27.998821Z  INFO ThreadId(25) downlink_tx: sent tx_log_seq=579 sensor=Thermal sensor_seq=341 queue_latency_us=115 elapsed_us=34203892
2026-03-25T15:42:27.998835Z  INFO ThreadId(25) downlink_tx: sent tx_log_seq=580 sensor=Power sensor_seq=170 queue_latency_us=104 elapsed_us=34203892
2026-03-25T15:42:28.098553Z  INFO ThreadId(21) Task dispatched task="ThermalControl" drift_us=1122
2026-03-25T15:42:28.098604Z  INFO ThreadId(22) sensor_read sensor="thermal" seq=342 value=28.24481210883527 drift_us=1229 jitter_us=574 latency_us=0 elapsed_us=34303755
2026-03-25T15:42:28.148704Z  INFO ThreadId(25) downlink_tx: sent tx_log_seq=581 sensor=Thermal sensor_seq=342 queue_latency_us=50050 elapsed_us=34353580
2026-03-25T15:42:28.198809Z  INFO ThreadId(22) Task dispatched task="ThermalControl" drift_us=1384
2026-03-25T15:42:28.198836Z  INFO ThreadId(22) sensor_read sensor="power" seq=171 value=4.947638885525813 drift_us=1461 jitter_us=703 latency_us=1 elapsed_us=34403997
2026-03-25T15:42:28.198850Z  INFO ThreadId(22) sensor_read sensor="thermal" seq=343 value=54.21381894062024 drift_us=1488 jitter_us=372 latency_us=0 elapsed_us=34404014
2026-03-25T15:42:28.199060Z  INFO ThreadId(25) downlink_tx: sent tx_log_seq=582 sensor=Power sensor_seq=171 queue_latency_us=212 elapsed_us=34404091
2026-03-25T15:42:28.199094Z  INFO ThreadId(25) downlink_tx: sent tx_log_seq=583 sensor=Thermal sensor_seq=343 queue_latency_us=244 elapsed_us=34404091
2026-03-25T15:42:28.299552Z  INFO ThreadId(25) Task dispatched task="ThermalControl" drift_us=2128
2026-03-25T15:42:28.299558Z  INFO ThreadId(24) sensor_read sensor="thermal" seq=344 value=61.243577682697804 drift_us=2188 jitter_us=441 latency_us=0 elapsed_us=34504714
2026-03-25T15:42:28.299571Z  INFO ThreadId(22) sensor_read sensor="imu" seq=68 value=0.03272622697117247 drift_us=2189 jitter_us=552 latency_us=0 elapsed_us=34504729
2026-03-25T15:42:28.299672Z  INFO ThreadId(25) downlink_tx: sent tx_log_seq=584 sensor=Imu sensor_seq=68 queue_latency_us=105 elapsed_us=34504740
2026-03-25T15:42:28.299686Z  INFO ThreadId(25) downlink_tx: sent tx_log_seq=585 sensor=Thermal sensor_seq=344 queue_latency_us=136 elapsed_us=34504740
2026-03-25T15:42:28.305702Z  INFO ThreadId(22) Task dispatched task="DataCompress" drift_us=8289
2026-03-25T15:42:28.398153Z  INFO ThreadId(25) Task dispatched task="ThermalControl" drift_us=728
2026-03-25T15:42:28.398189Z  INFO ThreadId(02) sensor_read sensor="power" seq=172 value=3.062977447264464 drift_us=811 jitter_us=752 latency_us=1 elapsed_us=34603347
2026-03-25T15:42:28.398185Z  WARN ThreadId(22) JITTER EXCEEDED 1ms limit sensor="thermal" jitter_us=2080 consecutive_miss=1 limit_us=1000 elapsed_us=34603334
2026-03-25T15:42:28.398207Z  INFO ThreadId(22) sensor_read sensor="thermal" seq=345 value=66.63192294146288 drift_us=808 jitter_us=2080 latency_us=0 elapsed_us=34603334
2026-03-25T15:42:28.398336Z  INFO ThreadId(24) downlink_tx: sent tx_log_seq=586 sensor=Power sensor_seq=172 queue_latency_us=145 elapsed_us=34603375
2026-03-25T15:42:28.398365Z  INFO ThreadId(24) downlink_tx: sent tx_log_seq=587 sensor=Thermal sensor_seq=345 queue_latency_us=161 elapsed_us=34603375
2026-03-25T15:42:28.498954Z  INFO ThreadId(24) Task dispatched task="ThermalControl" drift_us=1527
2026-03-25T15:42:28.498985Z  WARN ThreadId(24) JITTER EXCEEDED 1ms limit sensor="thermal" jitter_us=2194 consecutive_miss=2 limit_us=1000 elapsed_us=34704148
2026-03-25T15:42:28.498992Z  INFO ThreadId(24) sensor_read sensor="thermal" seq=346 value=22.872111767503227 drift_us=1622 jitter_us=2194 latency_us=0 elapsed_us=34704148
2026-03-25T15:42:28.549601Z  INFO ThreadId(22) downlink_tx: sent tx_log_seq=588 sensor=Thermal sensor_seq=346 queue_latency_us=50597 elapsed_us=34754634
2026-03-25T15:42:28.598495Z  INFO ThreadId(24) Task dispatched task="ThermalControl" drift_us=1071
2026-03-25T15:42:28.598543Z ERROR ThreadId(21) JITTER LIMIT VIOLATED (>1ms) sensor="power" jitter_us=1007
2026-03-25T15:42:28.598548Z  INFO ThreadId(21) sensor_read sensor="power" seq=173 value=1.3552843614528034 drift_us=1168 jitter_us=1007 latency_us=0 elapsed_us=34803704
2026-03-25T15:42:28.598549Z  WARN ThreadId(22) JITTER EXCEEDED 1ms limit sensor="thermal" jitter_us=1265 consecutive_miss=3 limit_us=1000 elapsed_us=34803697
2026-03-25T15:42:28.598580Z  INFO ThreadId(22) sensor_read sensor="thermal" seq=347 value=29.38297223785078 drift_us=1171 jitter_us=1265 latency_us=0 elapsed_us=34803697
2026-03-25T15:42:28.598653Z  INFO ThreadId(02) downlink_tx: sent tx_log_seq=589 sensor=Power sensor_seq=173 queue_latency_us=108 elapsed_us=34803731
2026-03-25T15:42:28.598671Z  INFO ThreadId(02) downlink_tx: sent tx_log_seq=590 sensor=Thermal sensor_seq=347 queue_latency_us=96 elapsed_us=34803731
2026-03-25T15:42:28.699303Z  INFO ThreadId(21) Task dispatched task="ThermalControl" drift_us=1878
2026-03-25T15:42:28.699330Z  WARN ThreadId(21) JITTER EXCEEDED 1ms limit sensor="thermal" jitter_us=1247 consecutive_miss=4 limit_us=1000 elapsed_us=34904493
2026-03-25T15:42:28.699335Z  INFO ThreadId(21) sensor_read sensor="thermal" seq=348 value=54.33233004781399 drift_us=1967 jitter_us=1247 latency_us=1 elapsed_us=34904493
2026-03-25T15:42:28.699461Z  INFO ThreadId(22) downlink_tx: sent tx_log_seq=591 sensor=Thermal sensor_seq=348 queue_latency_us=123 elapsed_us=34904502
2026-03-25T15:42:28.799134Z  INFO ThreadId(21) Task dispatched task="ThermalControl" drift_us=1709
2026-03-25T15:42:28.799196Z  INFO ThreadId(22) sensor_read sensor="thermal" seq=349 value=76.56069562904338 drift_us=1817 jitter_us=946 latency_us=0 elapsed_us=35004343
2026-03-25T15:42:28.799217Z  INFO ThreadId(02) sensor_read sensor="imu" seq=69 value=0.06880831180816438 drift_us=1833 jitter_us=560 latency_us=0 elapsed_us=35004373
2026-03-25T15:42:28.799242Z  INFO ThreadId(24) sensor_read sensor="power" seq=174 value=1.5237334366366544 drift_us=1860 jitter_us=335 latency_us=0 elapsed_us=35004396
2026-03-25T15:42:28.799318Z  INFO ThreadId(25) downlink_tx: sent tx_log_seq=592 sensor=Thermal sensor_seq=349 queue_latency_us=130 elapsed_us=35004356
2026-03-25T15:42:28.799343Z  INFO ThreadId(25) downlink_tx: sent tx_log_seq=593 sensor=Imu sensor_seq=69 queue_latency_us=133 elapsed_us=35004356
2026-03-25T15:42:28.799357Z  INFO ThreadId(25) downlink_tx: sent tx_log_seq=594 sensor=Power sensor_seq=174 queue_latency_us=124 elapsed_us=35004356
2026-03-25T15:42:28.805252Z  INFO ThreadId(02) Task dispatched task="DataCompress" drift_us=7832
2026-03-25T15:42:28.815399Z  INFO ThreadId(02) uplink_rx: received cmd=Heartbeat seq=15 dispatch_latency_us=0 elapsed_us=35020548
2026-03-25T15:42:28.815420Z  INFO ThreadId(02) command executed cmd=Heartbeat
2026-03-25T15:42:28.826338Z  INFO ThreadId(02) Task dispatched task="HealthMonitor" drift_us=28914
2026-03-25T15:42:28.899225Z  INFO ThreadId(02) Task dispatched task="ThermalControl" drift_us=1800
2026-03-25T15:42:28.899275Z  INFO ThreadId(24) sensor_read sensor="thermal" seq=350 value=74.38874761043982 drift_us=1899 jitter_us=232 latency_us=0 elapsed_us=35104425
2026-03-25T15:42:28.948710Z  INFO ThreadId(24) downlink_tx: sent tx_log_seq=595 sensor=Thermal sensor_seq=350 queue_latency_us=49434 elapsed_us=35153763
2026-03-25T15:42:28.999375Z  INFO ThreadId(02) Task dispatched task="ThermalControl" drift_us=1950
2026-03-25T15:42:28.999399Z  INFO ThreadId(06) sensor_read sensor="thermal" seq=351 value=51.118760550199525 drift_us=2012 jitter_us=31 latency_us=0 elapsed_us=35204538
2026-03-25T15:42:28.999407Z  INFO ThreadId(25) sensor_read sensor="power" seq=175 value=1.1520296794309877 drift_us=2032 jitter_us=520 latency_us=0 elapsed_us=35204568
2026-03-25T15:42:28.999476Z  INFO ThreadId(02) downlink_tx: sent tx_log_seq=596 sensor=Thermal sensor_seq=351 queue_latency_us=92 elapsed_us=35204560
2026-03-25T15:42:28.999490Z  INFO ThreadId(02) downlink_tx: sent tx_log_seq=597 sensor=Power sensor_seq=175 queue_latency_us=86 elapsed_us=35204560
2026-03-25T15:42:29.099276Z  INFO ThreadId(02) Task dispatched task="ThermalControl" drift_us=1852
2026-03-25T15:42:29.099300Z  INFO ThreadId(02) sensor_read sensor="thermal" seq=352 value=48.10354007556169 drift_us=1937 jitter_us=188 latency_us=0 elapsed_us=35304463
2026-03-25T15:42:29.148477Z  INFO ThreadId(22) downlink_tx: sent tx_log_seq=598 sensor=Thermal sensor_seq=352 queue_latency_us=49165 elapsed_us=35353529
2026-03-25T15:42:29.199151Z  INFO ThreadId(02) Task dispatched task="ThermalControl" drift_us=1728
2026-03-25T15:42:29.199177Z  INFO ThreadId(22) sensor_read sensor="thermal" seq=353 value=34.11002860050131 drift_us=1801 jitter_us=61 latency_us=0 elapsed_us=35404327
2026-03-25T15:42:29.199218Z  INFO ThreadId(02) downlink_tx: sent tx_log_seq=599 sensor=Thermal sensor_seq=353 queue_latency_us=54 elapsed_us=35404338
2026-03-25T15:42:29.199214Z  INFO ThreadId(25) sensor_read sensor="power" seq=176 value=4.721105672173237 drift_us=1834 jitter_us=370 latency_us=0 elapsed_us=35404370
2026-03-25T15:42:29.199228Z  INFO ThreadId(02) downlink_tx: sent tx_log_seq=600 sensor=Power sensor_seq=176 queue_latency_us=22 elapsed_us=35404338
2026-03-25T15:42:29.298470Z  INFO ThreadId(25) Task dispatched task="ThermalControl" drift_us=1044
2026-03-25T15:42:29.298482Z  INFO ThreadId(06) sensor_read sensor="thermal" seq=354 value=25.313438098950233 drift_us=1112 jitter_us=553 latency_us=0 elapsed_us=35503638
2026-03-25T15:42:29.298494Z  INFO ThreadId(02) sensor_read sensor="imu" seq=70 value=-0.013226901717299011 drift_us=1111 jitter_us=366 latency_us=0 elapsed_us=35503651
2026-03-25T15:42:29.298579Z  INFO ThreadId(25) downlink_tx: sent tx_log_seq=601 sensor=Imu sensor_seq=70 queue_latency_us=91 elapsed_us=35503659
2026-03-25T15:42:29.298592Z  INFO ThreadId(25) downlink_tx: sent tx_log_seq=602 sensor=Thermal sensor_seq=354 queue_latency_us=117 elapsed_us=35503659
2026-03-25T15:42:29.304833Z  INFO ThreadId(06) Task dispatched task="DataCompress" drift_us=7406
2026-03-25T15:42:29.399210Z  INFO ThreadId(25) Task dispatched task="ThermalControl" drift_us=1786
2026-03-25T15:42:29.399221Z  WARN ThreadId(06) JITTER EXCEEDED 1ms limit sensor="thermal" jitter_us=1429 consecutive_miss=1 limit_us=1000 elapsed_us=35604378
2026-03-25T15:42:29.399232Z  INFO ThreadId(06) sensor_read sensor="thermal" seq=355 value=53.160893637628924 drift_us=1852 jitter_us=1429 latency_us=0 elapsed_us=35604378
2026-03-25T15:42:29.399235Z  INFO ThreadId(22) sensor_read sensor="power" seq=177 value=2.3391322044552973 drift_us=1859 jitter_us=223 latency_us=0 elapsed_us=35604395
2026-03-25T15:42:29.399346Z  INFO ThreadId(06) downlink_tx: sent tx_log_seq=603 sensor=Power sensor_seq=177 queue_latency_us=113 elapsed_us=35604409
2026-03-25T15:42:29.399359Z  INFO ThreadId(06) downlink_tx: sent tx_log_seq=604 sensor=Thermal sensor_seq=355 queue_latency_us=129 elapsed_us=35604409
2026-03-25T15:42:29.498549Z  INFO ThreadId(06) Task dispatched task="ThermalControl" drift_us=1124
2026-03-25T15:42:29.498586Z  WARN ThreadId(02) JITTER EXCEEDED 1ms limit sensor="thermal" jitter_us=1372 consecutive_miss=2 limit_us=1000 elapsed_us=35703746
2026-03-25T15:42:29.498596Z  INFO ThreadId(02) sensor_read sensor="thermal" seq=356 value=30.607843850723295 drift_us=1220 jitter_us=1372 latency_us=0 elapsed_us=35703746
2026-03-25T15:42:29.548502Z  INFO ThreadId(06) downlink_tx: sent tx_log_seq=605 sensor=Thermal sensor_seq=356 queue_latency_us=49895 elapsed_us=35753561
2026-03-25T15:42:29.598138Z  INFO ThreadId(02) Task dispatched task="ThermalControl" drift_us=713
2026-03-25T15:42:29.598185Z ERROR ThreadId(25) JITTER LIMIT VIOLATED (>1ms) sensor="power" jitter_us=1076
2026-03-25T15:42:29.598178Z  INFO ThreadId(06) sensor_read sensor="thermal" seq=357 value=37.02701003141868 drift_us=800 jitter_us=212 latency_us=0 elapsed_us=35803326
2026-03-25T15:42:29.598191Z  INFO ThreadId(25) sensor_read sensor="power" seq=178 value=0.9430959569434396 drift_us=808 jitter_us=1076 latency_us=0 elapsed_us=35803344
2026-03-25T15:42:29.598340Z  INFO ThreadId(22) downlink_tx: sent tx_log_seq=606 sensor=Power sensor_seq=178 queue_latency_us=150 elapsed_us=35803367
2026-03-25T15:42:29.598368Z  INFO ThreadId(22) downlink_tx: sent tx_log_seq=607 sensor=Thermal sensor_seq=357 queue_latency_us=204 elapsed_us=35803367
2026-03-25T15:42:29.699174Z  INFO ThreadId(22) Task dispatched task="ThermalControl" drift_us=1750
2026-03-25T15:42:29.699199Z  WARN ThreadId(24) JITTER EXCEEDED 1ms limit sensor="thermal" jitter_us=1453 consecutive_miss=1 limit_us=1000 elapsed_us=35904359
2026-03-25T15:42:29.699211Z  INFO ThreadId(24) sensor_read sensor="thermal" seq=358 value=75.85226380558554 drift_us=1833 jitter_us=1453 latency_us=0 elapsed_us=35904359
2026-03-25T15:42:29.748731Z  INFO ThreadId(06) downlink_tx: sent tx_log_seq=608 sensor=Thermal sensor_seq=358 queue_latency_us=49507 elapsed_us=35953768
2026-03-25T15:42:29.799091Z  INFO ThreadId(24) Task dispatched task="ThermalControl" drift_us=1665
2026-03-25T15:42:29.799098Z ERROR ThreadId(06) JITTER LIMIT VIOLATED (>1ms) sensor="power" jitter_us=1962
2026-03-25T15:42:29.799112Z  INFO ThreadId(06) sensor_read sensor="power" seq=179 value=3.7660139796593795 drift_us=1719 jitter_us=1962 latency_us=0 elapsed_us=36004255
2026-03-25T15:42:29.799118Z  WARN ThreadId(24) JITTER EXCEEDED 1ms limit sensor="thermal" jitter_us=1110 consecutive_miss=2 limit_us=1000 elapsed_us=36004282
2026-03-25T15:42:29.799117Z ERROR ThreadId(22) JITTER LIMIT VIOLATED (>1ms) sensor="imu" jitter_us=1346
2026-03-25T15:42:29.799122Z  INFO ThreadId(22) sensor_read sensor="imu" seq=71 value=0.08402547776440916 drift_us=1735 jitter_us=1346 latency_us=1 elapsed_us=36004275
2026-03-25T15:42:29.799124Z  INFO ThreadId(24) sensor_read sensor="thermal" seq=359 value=20.16373041860539 drift_us=1756 jitter_us=1110 latency_us=0 elapsed_us=36004282
2026-03-25T15:42:29.799204Z  INFO ThreadId(06) downlink_tx: sent tx_log_seq=609 sensor=Imu sensor_seq=71 queue_latency_us=91 elapsed_us=36004290
2026-03-25T15:42:29.799216Z  INFO ThreadId(06) downlink_tx: sent tx_log_seq=610 sensor=Power sensor_seq=179 queue_latency_us=124 elapsed_us=36004290
2026-03-25T15:42:29.799227Z  INFO ThreadId(06) downlink_tx: sent tx_log_seq=611 sensor=Thermal sensor_seq=359 queue_latency_us=103 elapsed_us=36004290
2026-03-25T15:42:29.805627Z  INFO ThreadId(24) Task dispatched task="DataCompress" drift_us=8199
2026-03-25T15:42:29.827318Z  INFO ThreadId(24) Task dispatched task="HealthMonitor" drift_us=29893
2026-03-25T15:42:29.899118Z  INFO ThreadId(24) Task dispatched task="ThermalControl" drift_us=1693
2026-03-25T15:42:29.899123Z  INFO ThreadId(06) sensor_read sensor="thermal" seq=360 value=69.92434125452448 drift_us=1755 jitter_us=76 latency_us=0 elapsed_us=36104281
2026-03-25T15:42:29.899196Z  INFO ThreadId(02) downlink_tx: sent tx_log_seq=612 sensor=Thermal sensor_seq=360 queue_latency_us=73 elapsed_us=36104294
2026-03-25T15:42:29.998566Z  INFO ThreadId(02) Task dispatched task="ThermalControl" drift_us=1136
2026-03-25T15:42:29.998629Z ERROR ThreadId(22) JITTER LIMIT VIOLATED (>1ms) sensor="power" jitter_us=1379
2026-03-25T15:42:29.998619Z  INFO ThreadId(06) sensor_read sensor="thermal" seq=361 value=37.65924352334644 drift_us=1237 jitter_us=517 latency_us=1 elapsed_us=36203763
2026-03-25T15:42:29.998645Z  INFO ThreadId(22) sensor_read sensor="power" seq=180 value=0.9266678389304401 drift_us=1251 jitter_us=1379 latency_us=1 elapsed_us=36203787
2026-03-25T15:42:29.998734Z  INFO ThreadId(24) downlink_tx: sent tx_log_seq=613 sensor=Power sensor_seq=180 queue_latency_us=106 elapsed_us=36203817
2026-03-25T15:42:29.998752Z  INFO ThreadId(24) downlink_tx: sent tx_log_seq=614 sensor=Thermal sensor_seq=361 queue_latency_us=150 elapsed_us=36203817
2026-03-25T15:42:30.099421Z  INFO ThreadId(24) Task dispatched task="ThermalControl" drift_us=1996
2026-03-25T15:42:30.099587Z  WARN ThreadId(25) JITTER EXCEEDED 1ms limit sensor="thermal" jitter_us=1377 consecutive_miss=1 limit_us=1000 elapsed_us=36304622
2026-03-25T15:42:30.099615Z  INFO ThreadId(25) sensor_read sensor="thermal" seq=362 value=61.37434376216262 drift_us=2096 jitter_us=1377 latency_us=0 elapsed_us=36304622
2026-03-25T15:42:30.148569Z  INFO ThreadId(24) downlink_tx: sent tx_log_seq=615 sensor=Thermal sensor_seq=362 queue_latency_us=48939 elapsed_us=36353601
2026-03-25T15:42:30.198522Z  INFO ThreadId(25) Task dispatched task="ThermalControl" drift_us=1098
2026-03-25T15:42:30.198532Z  WARN ThreadId(24) JITTER EXCEEDED 1ms limit sensor="thermal" jitter_us=1792 consecutive_miss=2 limit_us=1000 elapsed_us=36403689
2026-03-25T15:42:30.198542Z  INFO ThreadId(24) sensor_read sensor="thermal" seq=363 value=64.36423125621418 drift_us=1163 jitter_us=1792 latency_us=0 elapsed_us=36403689
2026-03-25T15:42:30.198575Z  INFO ThreadId(06) sensor_read sensor="power" seq=181 value=0.5149832752503951 drift_us=1186 jitter_us=403 latency_us=0 elapsed_us=36403722
2026-03-25T15:42:30.198601Z  INFO ThreadId(24) downlink_tx: sent tx_log_seq=616 sensor=Thermal sensor_seq=363 queue_latency_us=61 elapsed_us=36403717
2026-03-25T15:42:30.198613Z  INFO ThreadId(24) downlink_tx: sent tx_log_seq=617 sensor=Power sensor_seq=181 queue_latency_us=53 elapsed_us=36403717
2026-03-25T15:42:30.299198Z  INFO ThreadId(24) Task dispatched task="ThermalControl" drift_us=1773
2026-03-25T15:42:30.299205Z  WARN ThreadId(22) JITTER EXCEEDED 1ms limit sensor="thermal" jitter_us=1606 consecutive_miss=3 limit_us=1000 elapsed_us=36504362
2026-03-25T15:42:30.299219Z  INFO ThreadId(22) sensor_read sensor="thermal" seq=364 value=50.35939674246079 drift_us=1836 jitter_us=1606 latency_us=0 elapsed_us=36504362
2026-03-25T15:42:30.299230Z  INFO ThreadId(22) sensor_read sensor="imu" seq=72 value=-0.062039231299254864 drift_us=1854 jitter_us=505 latency_us=1 elapsed_us=36504394
2026-03-25T15:42:30.299320Z  INFO ThreadId(22) downlink_tx: sent tx_log_seq=618 sensor=Imu sensor_seq=72 queue_latency_us=89 elapsed_us=36504402
2026-03-25T15:42:30.299335Z  INFO ThreadId(22) downlink_tx: sent tx_log_seq=619 sensor=Thermal sensor_seq=364 queue_latency_us=118 elapsed_us=36504402
2026-03-25T15:42:30.305486Z  INFO ThreadId(06) Task dispatched task="DataCompress" drift_us=8067
2026-03-25T15:42:30.398317Z  INFO ThreadId(22) Task dispatched task="ThermalControl" drift_us=893
2026-03-25T15:42:30.398343Z  WARN ThreadId(24) JITTER EXCEEDED 1ms limit sensor="thermal" jitter_us=1536 consecutive_miss=4 limit_us=1000 elapsed_us=36603499
2026-03-25T15:42:30.398362Z  INFO ThreadId(24) sensor_read sensor="thermal" seq=365 value=36.36789050824892 drift_us=973 jitter_us=1536 latency_us=0 elapsed_us=36603499
2026-03-25T15:42:30.398396Z  INFO ThreadId(25) sensor_read sensor="power" seq=182 value=0.57819832797653 drift_us=1006 jitter_us=115 latency_us=1 elapsed_us=36603542
2026-03-25T15:42:30.398495Z  INFO ThreadId(06) downlink_tx: sent tx_log_seq=620 sensor=Thermal sensor_seq=365 queue_latency_us=130 elapsed_us=36603523
2026-03-25T15:42:30.398521Z  INFO ThreadId(06) downlink_tx: sent tx_log_seq=621 sensor=Power sensor_seq=182 queue_latency_us=141 elapsed_us=36603523
2026-03-25T15:42:30.498515Z  INFO ThreadId(02) Task dispatched task="ThermalControl" drift_us=1091
2026-03-25T15:42:30.498572Z  WARN ThreadId(24) JITTER EXCEEDED 1ms limit sensor="thermal" jitter_us=1088 consecutive_miss=5 limit_us=1000 elapsed_us=36703724
2026-03-25T15:42:30.498586Z  INFO ThreadId(24) sensor_read sensor="thermal" seq=366 value=26.06679158991917 drift_us=1198 jitter_us=1088 latency_us=0 elapsed_us=36703724
2026-03-25T15:42:30.548598Z  INFO ThreadId(24) downlink_tx: sent tx_log_seq=622 sensor=Thermal sensor_seq=366 queue_latency_us=49998 elapsed_us=36753642
2026-03-25T15:42:30.598249Z  INFO ThreadId(25) Task dispatched task="ThermalControl" drift_us=824
2026-03-25T15:42:30.598285Z  INFO ThreadId(24) sensor_read sensor="power" seq=183 value=1.2441260985946392 drift_us=909 jitter_us=83 latency_us=0 elapsed_us=36803445
2026-03-25T15:42:30.598281Z  INFO ThreadId(22) sensor_read sensor="thermal" seq=367 value=65.59881931181462 drift_us=909 jitter_us=514 latency_us=0 elapsed_us=36803435
2026-03-25T15:42:30.598395Z  INFO ThreadId(24) downlink_tx: sent tx_log_seq=623 sensor=Power sensor_seq=183 queue_latency_us=113 elapsed_us=36803464
2026-03-25T15:42:30.598410Z  INFO ThreadId(24) downlink_tx: sent tx_log_seq=624 sensor=Thermal sensor_seq=367 queue_latency_us=139 elapsed_us=36803464
2026-03-25T15:42:30.698743Z  INFO ThreadId(24) Task dispatched task="ThermalControl" drift_us=1315
2026-03-25T15:42:30.698775Z  INFO ThreadId(24) sensor_read sensor="thermal" seq=368 value=41.483336052656185 drift_us=1411 jitter_us=791 latency_us=1 elapsed_us=36903937
2026-03-25T15:42:30.698933Z  INFO ThreadId(22) downlink_tx: sent tx_log_seq=625 sensor=Thermal sensor_seq=368 queue_latency_us=139 elapsed_us=36903947
2026-03-25T15:42:30.798564Z  INFO ThreadId(25) Task dispatched task="ThermalControl" drift_us=1140
2026-03-25T15:42:30.798589Z  INFO ThreadId(25) sensor_read sensor="thermal" seq=369 value=65.55001922074638 drift_us=1225 jitter_us=688 latency_us=0 elapsed_us=37003751
2026-03-25T15:42:30.798604Z  INFO ThreadId(24) sensor_read sensor="imu" seq=73 value=-0.06488139423932679 drift_us=1225 jitter_us=748 latency_us=0 elapsed_us=37003765
2026-03-25T15:42:30.798610Z  INFO ThreadId(22) sensor_read sensor="power" seq=184 value=4.1809613183453145 drift_us=1215 jitter_us=403 latency_us=0 elapsed_us=37003751
2026-03-25T15:42:30.798702Z  INFO ThreadId(25) downlink_tx: sent tx_log_seq=626 sensor=Imu sensor_seq=73 queue_latency_us=100 elapsed_us=37003770
2026-03-25T15:42:30.798716Z  INFO ThreadId(25) downlink_tx: sent tx_log_seq=627 sensor=Power sensor_seq=184 queue_latency_us=127 elapsed_us=37003770
2026-03-25T15:42:30.798725Z  INFO ThreadId(25) downlink_tx: sent tx_log_seq=628 sensor=Thermal sensor_seq=369 queue_latency_us=138 elapsed_us=37003770
2026-03-25T15:42:30.804924Z  INFO ThreadId(02) Task dispatched task="DataCompress" drift_us=7509
2026-03-25T15:42:30.826599Z  INFO ThreadId(02) Task dispatched task="HealthMonitor" drift_us=29175
2026-03-25T15:42:30.898296Z  INFO ThreadId(02) Task dispatched task="ThermalControl" drift_us=870
2026-03-25T15:42:30.898336Z  INFO ThreadId(24) sensor_read sensor="thermal" seq=370 value=52.322439346146965 drift_us=968 jitter_us=71 latency_us=0 elapsed_us=37103494
2026-03-25T15:42:30.949166Z  INFO ThreadId(02) downlink_tx: sent tx_log_seq=629 sensor=Thermal sensor_seq=370 queue_latency_us=50821 elapsed_us=37154210
2026-03-25T15:42:30.998692Z  INFO ThreadId(24) Task dispatched task="ThermalControl" drift_us=1268
2026-03-25T15:42:30.998702Z  INFO ThreadId(02) sensor_read sensor="thermal" seq=371 value=67.24331996958458 drift_us=1332 jitter_us=621 latency_us=1 elapsed_us=37203858
2026-03-25T15:42:30.998726Z  INFO ThreadId(25) sensor_read sensor="power" seq=185 value=3.8496618370650957 drift_us=1350 jitter_us=171 latency_us=1 elapsed_us=37203886
2026-03-25T15:42:30.998769Z  INFO ThreadId(22) downlink_tx: sent tx_log_seq=630 sensor=Thermal sensor_seq=371 queue_latency_us=69 elapsed_us=37203876
2026-03-25T15:42:30.998783Z  INFO ThreadId(22) downlink_tx: sent tx_log_seq=631 sensor=Power sensor_seq=185 queue_latency_us=61 elapsed_us=37203876
2026-03-25T15:42:31.098538Z  INFO ThreadId(22) Task dispatched task="ThermalControl" drift_us=1113
2026-03-25T15:42:31.098576Z  INFO ThreadId(06) sensor_read sensor="thermal" seq=372 value=27.995270576847695 drift_us=1209 jitter_us=487 latency_us=0 elapsed_us=37303735
2026-03-25T15:42:31.148847Z  INFO ThreadId(22) downlink_tx: sent tx_log_seq=632 sensor=Thermal sensor_seq=372 queue_latency_us=50262 elapsed_us=37353894
2026-03-25T15:42:31.198763Z  INFO ThreadId(06) Task dispatched task="ThermalControl" drift_us=1337
2026-03-25T15:42:31.198771Z  INFO ThreadId(22) sensor_read sensor="thermal" seq=373 value=51.30547524163795 drift_us=1401 jitter_us=315 latency_us=0 elapsed_us=37403927
2026-03-25T15:42:31.198791Z  INFO ThreadId(22) sensor_read sensor="power" seq=186 value=0.7945972053862072 drift_us=1419 jitter_us=66 latency_us=0 elapsed_us=37403955
2026-03-25T15:42:31.198884Z  INFO ThreadId(06) downlink_tx: sent tx_log_seq=633 sensor=Thermal sensor_seq=373 queue_latency_us=118 elapsed_us=37403953
2026-03-25T15:42:31.198899Z  INFO ThreadId(06) downlink_tx: sent tx_log_seq=634 sensor=Power sensor_seq=186 queue_latency_us=108 elapsed_us=37403953
2026-03-25T15:42:31.298694Z  INFO ThreadId(25) Task dispatched task="ThermalControl" drift_us=1268
2026-03-25T15:42:31.298702Z  INFO ThreadId(06) sensor_read sensor="thermal" seq=374 value=58.23620784792864 drift_us=1331 jitter_us=262 latency_us=0 elapsed_us=37503857
2026-03-25T15:42:31.298715Z  INFO ThreadId(02) sensor_read sensor="imu" seq=74 value=-0.0021893912132299465 drift_us=1332 jitter_us=736 latency_us=0 elapsed_us=37503872
2026-03-25T15:42:31.298812Z  INFO ThreadId(25) downlink_tx: sent tx_log_seq=635 sensor=Imu sensor_seq=74 queue_latency_us=103 elapsed_us=37503881
2026-03-25T15:42:31.298827Z  INFO ThreadId(25) downlink_tx: sent tx_log_seq=636 sensor=Thermal sensor_seq=374 queue_latency_us=133 elapsed_us=37503881
2026-03-25T15:42:31.305270Z  INFO ThreadId(06) Task dispatched task="DataCompress" drift_us=7847
2026-03-25T15:42:31.398172Z  INFO ThreadId(25) Task dispatched task="ThermalControl" drift_us=747
2026-03-25T15:42:31.398204Z  INFO ThreadId(06) sensor_read sensor="thermal" seq=375 value=54.46105703367491 drift_us=825 jitter_us=436 latency_us=0 elapsed_us=37603351
2026-03-25T15:42:31.398242Z  INFO ThreadId(22) sensor_read sensor="power" seq=187 value=2.6338718389200237 drift_us=859 jitter_us=629 latency_us=0 elapsed_us=37603395
2026-03-25T15:42:31.398296Z  INFO ThreadId(24) downlink_tx: sent tx_log_seq=637 sensor=Thermal sensor_seq=375 queue_latency_us=101 elapsed_us=37603371
2026-03-25T15:42:31.398315Z  INFO ThreadId(24) downlink_tx: sent tx_log_seq=638 sensor=Power sensor_seq=187 queue_latency_us=83 elapsed_us=37603371
2026-03-25T15:42:31.498671Z  INFO ThreadId(06) Task dispatched task="ThermalControl" drift_us=1246
2026-03-25T15:42:31.498678Z  INFO ThreadId(24) sensor_read sensor="thermal" seq=376 value=23.58987330119277 drift_us=1310 jitter_us=991 latency_us=1 elapsed_us=37703836
2026-03-25T15:42:31.498787Z  INFO ThreadId(22) downlink_tx: sent tx_log_seq=639 sensor=Thermal sensor_seq=376 queue_latency_us=109 elapsed_us=37703848
2026-03-25T15:42:31.599125Z  INFO ThreadId(22) Task dispatched task="ThermalControl" drift_us=1700
2026-03-25T15:42:31.599132Z  INFO ThreadId(06) sensor_read sensor="thermal" seq=377 value=55.86242039206412 drift_us=1762 jitter_us=33 latency_us=0 elapsed_us=37804288
2026-03-25T15:42:31.599169Z ERROR ThreadId(02) JITTER LIMIT VIOLATED (>1ms) sensor="power" jitter_us=1482
2026-03-25T15:42:31.599191Z  INFO ThreadId(02) sensor_read sensor="power" seq=188 value=0.5318177429485429 drift_us=1781 jitter_us=1482 latency_us=0 elapsed_us=37804317
2026-03-25T15:42:31.599255Z  INFO ThreadId(06) downlink_tx: sent tx_log_seq=640 sensor=Thermal sensor_seq=377 queue_latency_us=129 elapsed_us=37804317
2026-03-25T15:42:31.599270Z  INFO ThreadId(06) downlink_tx: sent tx_log_seq=641 sensor=Power sensor_seq=188 queue_latency_us=116 elapsed_us=37804317
2026-03-25T15:42:31.698532Z  INFO ThreadId(24) Task dispatched task="ThermalControl" drift_us=1107
2026-03-25T15:42:31.698571Z  WARN ThreadId(02) JITTER EXCEEDED 1ms limit sensor="thermal" jitter_us=1009 consecutive_miss=1 limit_us=1000 elapsed_us=37903731
2026-03-25T15:42:31.698581Z  INFO ThreadId(02) sensor_read sensor="thermal" seq=378 value=47.88943479673695 drift_us=1205 jitter_us=1009 latency_us=0 elapsed_us=37903731
2026-03-25T15:42:31.749348Z  INFO ThreadId(24) downlink_tx: sent tx_log_seq=642 sensor=Thermal sensor_seq=378 queue_latency_us=50754 elapsed_us=37954396
2026-03-25T15:42:31.798789Z  INFO ThreadId(02) Task dispatched task="ThermalControl" drift_us=1363
2026-03-25T15:42:31.798799Z ERROR ThreadId(24) JITTER LIMIT VIOLATED (>1ms) sensor="power" jitter_us=1283
2026-03-25T15:42:31.798809Z  INFO ThreadId(24) sensor_read sensor="power" seq=189 value=0.8968882171471868 drift_us=1420 jitter_us=1283 latency_us=0 elapsed_us=38003956
2026-03-25T15:42:31.798819Z  INFO ThreadId(24) sensor_read sensor="thermal" seq=379 value=61.455257899394546 drift_us=1458 jitter_us=810 latency_us=0 elapsed_us=38003984
2026-03-25T15:42:31.798817Z  INFO ThreadId(22) sensor_read sensor="imu" seq=75 value=0.0811651602292571 drift_us=1435 jitter_us=4 latency_us=0 elapsed_us=38003975
2026-03-25T15:42:31.798911Z  INFO ThreadId(02) downlink_tx: sent tx_log_seq=643 sensor=Imu sensor_seq=75 queue_latency_us=98 elapsed_us=38003980
2026-03-25T15:42:31.798923Z  INFO ThreadId(02) downlink_tx: sent tx_log_seq=644 sensor=Power sensor_seq=189 queue_latency_us=131 elapsed_us=38003980
2026-03-25T15:42:31.798932Z  INFO ThreadId(02) downlink_tx: sent tx_log_seq=645 sensor=Thermal sensor_seq=379 queue_latency_us=113 elapsed_us=38003980
2026-03-25T15:42:31.805649Z  INFO ThreadId(24) Task dispatched task="DataCompress" drift_us=8233
2026-03-25T15:42:31.826834Z  INFO ThreadId(24) Task dispatched task="HealthMonitor" drift_us=29407
2026-03-25T15:42:31.898686Z  INFO ThreadId(24) Task dispatched task="ThermalControl" drift_us=1261
2026-03-25T15:42:31.898693Z  INFO ThreadId(02) sensor_read sensor="thermal" seq=380 value=70.13782232686924 drift_us=1326 jitter_us=385 latency_us=0 elapsed_us=38103852
2026-03-25T15:42:31.898796Z  INFO ThreadId(25) downlink_tx: sent tx_log_seq=646 sensor=Thermal sensor_seq=380 queue_latency_us=102 elapsed_us=38103862
2026-03-25T15:42:31.998712Z  INFO ThreadId(25) Task dispatched task="ThermalControl" drift_us=1287
2026-03-25T15:42:31.998719Z  INFO ThreadId(02) sensor_read sensor="thermal" seq=381 value=64.9458408330865 drift_us=1349 jitter_us=155 latency_us=1 elapsed_us=38203875
2026-03-25T15:42:31.998733Z  INFO ThreadId(25) sensor_read sensor="power" seq=190 value=3.304021516258496 drift_us=1361 jitter_us=302 latency_us=0 elapsed_us=38203897
2026-03-25T15:42:31.998811Z  INFO ThreadId(24) downlink_tx: sent tx_log_seq=647 sensor=Power sensor_seq=190 queue_latency_us=73 elapsed_us=38203904
2026-03-25T15:42:31.998828Z  INFO ThreadId(24) downlink_tx: sent tx_log_seq=648 sensor=Thermal sensor_seq=381 queue_latency_us=115 elapsed_us=38203904
2026-03-25T15:42:32.098900Z  INFO ThreadId(02) Task dispatched task="ThermalControl" drift_us=1475
2026-03-25T15:42:32.098920Z  INFO ThreadId(06) sensor_read sensor="thermal" seq=382 value=41.285828734519896 drift_us=1553 jitter_us=181 latency_us=1 elapsed_us=38304079
2026-03-25T15:42:32.099018Z  INFO ThreadId(02) downlink_tx: sent tx_log_seq=649 sensor=Thermal sensor_seq=382 queue_latency_us=100 elapsed_us=38304088
2026-03-25T15:42:32.198774Z  INFO ThreadId(02) Task dispatched task="ThermalControl" drift_us=1348
2026-03-25T15:42:32.198782Z  INFO ThreadId(25) sensor_read sensor="thermal" seq=383 value=26.083009635728565 drift_us=1412 jitter_us=345 latency_us=1 elapsed_us=38403938
2026-03-25T15:42:32.198792Z  INFO ThreadId(06) sensor_read sensor="power" seq=191 value=1.54820785996904 drift_us=1416 jitter_us=114 latency_us=0 elapsed_us=38403952
2026-03-25T15:42:32.198897Z  INFO ThreadId(02) downlink_tx: sent tx_log_seq=650 sensor=Power sensor_seq=191 queue_latency_us=107 elapsed_us=38403963
2026-03-25T15:42:32.198912Z  INFO ThreadId(02) downlink_tx: sent tx_log_seq=651 sensor=Thermal sensor_seq=383 queue_latency_us=137 elapsed_us=38403963
2026-03-25T15:42:32.298778Z  INFO ThreadId(02) Task dispatched task="ThermalControl" drift_us=1354
2026-03-25T15:42:32.298807Z  INFO ThreadId(02) sensor_read sensor="imu" seq=76 value=0.022513519212065305 drift_us=1428 jitter_us=110 latency_us=0 elapsed_us=38503968
2026-03-25T15:42:32.298822Z  INFO ThreadId(02) sensor_read sensor="thermal" seq=384 value=58.336356988139876 drift_us=1459 jitter_us=188 latency_us=0 elapsed_us=38503985
2026-03-25T15:42:32.299122Z  INFO ThreadId(25) downlink_tx: sent tx_log_seq=652 sensor=Imu sensor_seq=76 queue_latency_us=302 elapsed_us=38504085
2026-03-25T15:42:32.299159Z  INFO ThreadId(25) downlink_tx: sent tx_log_seq=653 sensor=Thermal sensor_seq=384 queue_latency_us=336 elapsed_us=38504085
2026-03-25T15:42:32.305331Z  INFO ThreadId(22) Task dispatched task="DataCompress" drift_us=7911
2026-03-25T15:42:32.398754Z  INFO ThreadId(25) Task dispatched task="ThermalControl" drift_us=1329
2026-03-25T15:42:32.398762Z  INFO ThreadId(22) sensor_read sensor="thermal" seq=385 value=45.98071077708102 drift_us=1392 jitter_us=114 latency_us=0 elapsed_us=38603918
2026-03-25T15:42:32.398800Z  INFO ThreadId(02) sensor_read sensor="power" seq=192 value=4.810244608872317 drift_us=1412 jitter_us=59 latency_us=0 elapsed_us=38603948
2026-03-25T15:42:32.398874Z  INFO ThreadId(25) downlink_tx: sent tx_log_seq=654 sensor=Thermal sensor_seq=385 queue_latency_us=117 elapsed_us=38603944
2026-03-25T15:42:32.398889Z  INFO ThreadId(25) downlink_tx: sent tx_log_seq=655 sensor=Power sensor_seq=192 queue_latency_us=104 elapsed_us=38603944
2026-03-25T15:42:32.499607Z  INFO ThreadId(25) Task dispatched task="ThermalControl" drift_us=2181
2026-03-25T15:42:32.499662Z  INFO ThreadId(02) sensor_read sensor="thermal" seq=386 value=27.46136919225579 drift_us=2279 jitter_us=954 latency_us=0 elapsed_us=38704805
2026-03-25T15:42:32.548580Z  INFO ThreadId(25) downlink_tx: sent tx_log_seq=656 sensor=Thermal sensor_seq=386 queue_latency_us=48925 elapsed_us=38753627
2026-03-25T15:42:32.598974Z  WARN ThreadId(25) JITTER EXCEEDED 1ms limit sensor="thermal" jitter_us=1560 consecutive_miss=1 limit_us=1000 elapsed_us=38804132
2026-03-25T15:42:32.598969Z  INFO ThreadId(02) Task dispatched task="ThermalControl" drift_us=1544
2026-03-25T15:42:32.598990Z  INFO ThreadId(25) sensor_read sensor="thermal" seq=387 value=45.401724217647114 drift_us=1606 jitter_us=1560 latency_us=0 elapsed_us=38804132
2026-03-25T15:42:32.599011Z  INFO ThreadId(22) sensor_read sensor="power" seq=193 value=3.6164488473409637 drift_us=1631 jitter_us=223 latency_us=0 elapsed_us=38804167
2026-03-25T15:42:32.599099Z  INFO ThreadId(02) downlink_tx: sent tx_log_seq=657 sensor=Thermal sensor_seq=387 queue_latency_us=111 elapsed_us=38804165
2026-03-25T15:42:32.599114Z  INFO ThreadId(02) downlink_tx: sent tx_log_seq=658 sensor=Power sensor_seq=193 queue_latency_us=111 elapsed_us=38804165
2026-03-25T15:42:32.699461Z  INFO ThreadId(24) Task dispatched task="ThermalControl" drift_us=2029
2026-03-25T15:42:32.699501Z  WARN ThreadId(02) JITTER EXCEEDED 1ms limit sensor="thermal" jitter_us=1195 consecutive_miss=2 limit_us=1000 elapsed_us=38904654
2026-03-25T15:42:32.699529Z  INFO ThreadId(02) sensor_read sensor="thermal" seq=388 value=38.707465239086304 drift_us=2128 jitter_us=1195 latency_us=0 elapsed_us=38904654
2026-03-25T15:42:32.749314Z  INFO ThreadId(25) downlink_tx: sent tx_log_seq=659 sensor=Thermal sensor_seq=388 queue_latency_us=49770 elapsed_us=38954284
2026-03-25T15:42:32.799328Z  INFO ThreadId(02) Task dispatched task="ThermalControl" drift_us=1899
2026-03-25T15:42:32.799371Z  INFO ThreadId(02) sensor_read sensor="thermal" seq=389 value=50.11039364335481 drift_us=2004 jitter_us=646 latency_us=1 elapsed_us=39004530
2026-03-25T15:42:32.799379Z  INFO ThreadId(22) sensor_read sensor="imu" seq=77 value=-0.07017424309912133 drift_us=1997 jitter_us=576 latency_us=0 elapsed_us=39004537
2026-03-25T15:42:32.799459Z  INFO ThreadId(25) sensor_read sensor="power" seq=194 value=4.037177266431626 drift_us=1972 jitter_us=122 latency_us=0 elapsed_us=39004508
2026-03-25T15:42:32.799531Z  INFO ThreadId(02) downlink_tx: sent tx_log_seq=660 sensor=Imu sensor_seq=77 queue_latency_us=154 elapsed_us=39004551
2026-03-25T15:42:32.799554Z  INFO ThreadId(02) downlink_tx: sent tx_log_seq=661 sensor=Power sensor_seq=194 queue_latency_us=208 elapsed_us=39004551
2026-03-25T15:42:32.799580Z  INFO ThreadId(02) downlink_tx: sent tx_log_seq=662 sensor=Thermal sensor_seq=389 queue_latency_us=212 elapsed_us=39004551
2026-03-25T15:42:32.805407Z  INFO ThreadId(06) Task dispatched task="DataCompress" drift_us=7990
2026-03-25T15:42:32.826638Z  INFO ThreadId(06) Task dispatched task="HealthMonitor" drift_us=29212
2026-03-25T15:42:32.899238Z  INFO ThreadId(06) Task dispatched task="ThermalControl" drift_us=1807
2026-03-25T15:42:32.899281Z  INFO ThreadId(06) sensor_read sensor="thermal" seq=390 value=51.09960305271241 drift_us=1916 jitter_us=36 latency_us=0 elapsed_us=39104442
2026-03-25T15:42:32.949300Z  INFO ThreadId(25) downlink_tx: sent tx_log_seq=663 sensor=Thermal sensor_seq=390 queue_latency_us=50002 elapsed_us=39154302
2026-03-25T15:42:32.999177Z  INFO ThreadId(06) Task dispatched task="ThermalControl" drift_us=1750
2026-03-25T15:42:32.999214Z  INFO ThreadId(25) sensor_read sensor="thermal" seq=391 value=54.72774744181913 drift_us=1814 jitter_us=14 latency_us=0 elapsed_us=39204340
2026-03-25T15:42:32.999227Z  INFO ThreadId(02) sensor_read sensor="power" seq=195 value=0.8217030256685619 drift_us=1848 jitter_us=465 latency_us=0 elapsed_us=39204384
2026-03-25T15:42:32.999322Z  INFO ThreadId(06) downlink_tx: sent tx_log_seq=664 sensor=Thermal sensor_seq=391 queue_latency_us=143 elapsed_us=39204370
2026-03-25T15:42:32.999342Z  INFO ThreadId(06) downlink_tx: sent tx_log_seq=665 sensor=Power sensor_seq=195 queue_latency_us=121 elapsed_us=39204370
2026-03-25T15:42:33.098763Z  INFO ThreadId(24) Task dispatched task="ThermalControl" drift_us=1337
2026-03-25T15:42:33.098821Z  INFO ThreadId(02) sensor_read sensor="thermal" seq=392 value=26.959125688390056 drift_us=1443 jitter_us=269 latency_us=0 elapsed_us=39303969
2026-03-25T15:42:33.148553Z  INFO ThreadId(24) downlink_tx: sent tx_log_seq=666 sensor=Thermal sensor_seq=392 queue_latency_us=49733 elapsed_us=39353601
2026-03-25T15:42:33.198233Z  INFO ThreadId(02) Task dispatched task="ThermalControl" drift_us=808
2026-03-25T15:42:33.198240Z  INFO ThreadId(24) sensor_read sensor="thermal" seq=393 value=66.26761142746707 drift_us=871 jitter_us=201 latency_us=1 elapsed_us=39403397
2026-03-25T15:42:33.198283Z  INFO ThreadId(25) sensor_read sensor="power" seq=196 value=2.671071698004088 drift_us=893 jitter_us=831 latency_us=0 elapsed_us=39403429
2026-03-25T15:42:33.198349Z  INFO ThreadId(24) downlink_tx: sent tx_log_seq=667 sensor=Thermal sensor_seq=393 queue_latency_us=113 elapsed_us=39403424
2026-03-25T15:42:33.198363Z  INFO ThreadId(24) downlink_tx: sent tx_log_seq=668 sensor=Power sensor_seq=196 queue_latency_us=97 elapsed_us=39403424
2026-03-25T15:42:33.298710Z  INFO ThreadId(24) Task dispatched task="ThermalControl" drift_us=1286
2026-03-25T15:42:33.298714Z  WARN ThreadId(06) JITTER EXCEEDED 1ms limit sensor="thermal" jitter_us=1046 consecutive_miss=1 limit_us=1000 elapsed_us=39503871
2026-03-25T15:42:33.298727Z ERROR ThreadId(25) JITTER LIMIT VIOLATED (>1ms) sensor="imu" jitter_us=1222
2026-03-25T15:42:33.298729Z  INFO ThreadId(06) sensor_read sensor="thermal" seq=394 value=71.7983968538736 drift_us=1345 jitter_us=1046 latency_us=0 elapsed_us=39503871
2026-03-25T15:42:33.298732Z  INFO ThreadId(25) sensor_read sensor="imu" seq=78 value=0.024042832048022683 drift_us=1344 jitter_us=1222 latency_us=0 elapsed_us=39503884
2026-03-25T15:42:33.298812Z  INFO ThreadId(06) downlink_tx: sent tx_log_seq=669 sensor=Imu sensor_seq=78 queue_latency_us=91 elapsed_us=39503905
2026-03-25T15:42:33.298826Z  INFO ThreadId(06) downlink_tx: sent tx_log_seq=670 sensor=Thermal sensor_seq=394 queue_latency_us=99 elapsed_us=39503905
2026-03-25T15:42:33.305261Z  INFO ThreadId(25) Task dispatched task="DataCompress" drift_us=7834
2026-03-25T15:42:33.399221Z  INFO ThreadId(06) Task dispatched task="ThermalControl" drift_us=1797
2026-03-25T15:42:33.399231Z  INFO ThreadId(25) sensor_read sensor="thermal" seq=395 value=78.95120595074222 drift_us=1862 jitter_us=43 latency_us=1 elapsed_us=39604388
2026-03-25T15:42:33.399248Z ERROR ThreadId(02) JITTER LIMIT VIOLATED (>1ms) sensor="power" jitter_us=1935
2026-03-25T15:42:33.399254Z  INFO ThreadId(02) sensor_read sensor="power" seq=197 value=2.4791521832689227 drift_us=1873 jitter_us=1935 latency_us=0 elapsed_us=39604409
2026-03-25T15:42:33.399341Z  INFO ThreadId(06) downlink_tx: sent tx_log_seq=671 sensor=Power sensor_seq=197 queue_latency_us=96 elapsed_us=39604411
2026-03-25T15:42:33.399356Z  INFO ThreadId(06) downlink_tx: sent tx_log_seq=672 sensor=Thermal sensor_seq=395 queue_latency_us=130 elapsed_us=39604411
2026-03-25T15:42:33.499398Z  INFO ThreadId(02) Task dispatched task="ThermalControl" drift_us=1973
2026-03-25T15:42:33.499421Z  INFO ThreadId(24) sensor_read sensor="thermal" seq=396 value=40.49510198402518 drift_us=2054 jitter_us=325 latency_us=0 elapsed_us=39704580
2026-03-25T15:42:33.499509Z  INFO ThreadId(02) downlink_tx: sent tx_log_seq=673 sensor=Thermal sensor_seq=396 queue_latency_us=91 elapsed_us=39704596
2026-03-25T15:42:33.599317Z  INFO ThreadId(02) Task dispatched task="ThermalControl" drift_us=1893
2026-03-25T15:42:33.599328Z  INFO ThreadId(25) sensor_read sensor="thermal" seq=397 value=23.942722861417142 drift_us=1959 jitter_us=287 latency_us=0 elapsed_us=39804485
2026-03-25T15:42:33.599341Z  INFO ThreadId(24) sensor_read sensor="power" seq=198 value=4.890368965548363 drift_us=1965 jitter_us=888 latency_us=0 elapsed_us=39804501
2026-03-25T15:42:33.599440Z  INFO ThreadId(02) downlink_tx: sent tx_log_seq=674 sensor=Power sensor_seq=198 queue_latency_us=102 elapsed_us=39804508
2026-03-25T15:42:33.599453Z  INFO ThreadId(02) downlink_tx: sent tx_log_seq=675 sensor=Thermal sensor_seq=397 queue_latency_us=131 elapsed_us=39804508
2026-03-25T15:42:33.698479Z  INFO ThreadId(02) Task dispatched task="ThermalControl" drift_us=1054
2026-03-25T15:42:33.698514Z  INFO ThreadId(24) sensor_read sensor="thermal" seq=398 value=50.51416798610647 drift_us=1147 jitter_us=717 latency_us=0 elapsed_us=39903673
2026-03-25T15:42:33.749626Z  INFO ThreadId(02) downlink_tx: sent tx_log_seq=676 sensor=Thermal sensor_seq=398 queue_latency_us=51103 elapsed_us=39954671
2026-03-25T15:42:33.798409Z  INFO ThreadId(24) Task dispatched task="ThermalControl" drift_us=982
2026-03-25T15:42:33.798431Z ERROR ThreadId(02) JITTER LIMIT VIOLATED (>1ms) sensor="power" jitter_us=1018
2026-03-25T15:42:33.798444Z  INFO ThreadId(24) sensor_read sensor="thermal" seq=399 value=53.54451531027329 drift_us=1079 jitter_us=744 latency_us=0 elapsed_us=40003605
2026-03-25T15:42:33.798446Z  INFO ThreadId(02) sensor_read sensor="power" seq=199 value=4.281476106301529 drift_us=1039 jitter_us=1018 latency_us=0 elapsed_us=40003575
2026-03-25T15:42:33.798465Z  INFO ThreadId(02) sensor_read sensor="imu" seq=79 value=0.01408747006184026 drift_us=1089 jitter_us=398 latency_us=0 elapsed_us=40003629
2026-03-25T15:42:33.798575Z  INFO ThreadId(24) downlink_tx: sent tx_log_seq=677 sensor=Power sensor_seq=199 queue_latency_us=161 elapsed_us=40003623
2026-03-25T15:42:33.798597Z  INFO ThreadId(24) downlink_tx: sent tx_log_seq=678 sensor=Imu sensor_seq=79 queue_latency_us=131 elapsed_us=40003623
2026-03-25T15:42:33.798614Z  INFO ThreadId(24) downlink_tx: sent tx_log_seq=679 sensor=Thermal sensor_seq=399 queue_latency_us=172 elapsed_us=40003623
2026-03-25T15:42:33.804709Z  INFO ThreadId(25) Task dispatched task="DataCompress" drift_us=7290
2026-03-25T15:42:33.808404Z  INFO ThreadId(25) uplink_rx: received cmd=Heartbeat seq=16 dispatch_latency_us=0 elapsed_us=40013549
2026-03-25T15:42:33.808430Z  INFO ThreadId(25) command executed cmd=Heartbeat
2026-03-25T15:42:33.825900Z  INFO ThreadId(25) rms_scheduler CPU usage cpu_util_pct=14.171281897235252
2026-03-25T15:42:33.825929Z  INFO ThreadId(25) Task dispatched task="HealthMonitor" drift_us=28473
2026-03-25T15:42:33.898486Z  INFO ThreadId(25) Task dispatched task="ThermalControl" drift_us=1061
2026-03-25T15:42:33.898518Z  INFO ThreadId(25) sensor_read sensor="thermal" seq=400 value=26.903835725716036 drift_us=1155 jitter_us=144 latency_us=0 elapsed_us=40103681
2026-03-25T15:42:33.949480Z  INFO ThreadId(02) downlink_tx: sent tx_log_seq=680 sensor=Thermal sensor_seq=400 queue_latency_us=50948 elapsed_us=40154512
2026-03-25T15:42:33.998777Z  INFO ThreadId(25) Task dispatched task="ThermalControl" drift_us=1351
2026-03-25T15:42:33.998782Z  INFO ThreadId(02) sensor_read sensor="thermal" seq=401 value=40.82512198754414 drift_us=1413 jitter_us=182 latency_us=0 elapsed_us=40203939
2026-03-25T15:42:33.998801Z ERROR ThreadId(02) JITTER LIMIT VIOLATED (>1ms) sensor="power" jitter_us=1316
2026-03-25T15:42:33.998803Z  INFO ThreadId(02) sensor_read sensor="power" seq=200 value=2.4544941506147584 drift_us=1429 jitter_us=1316 latency_us=0 elapsed_us=40203965
2026-03-25T15:42:33.998871Z  INFO ThreadId(25) downlink_tx: sent tx_log_seq=681 sensor=Power sensor_seq=200 queue_latency_us=69 elapsed_us=40203966
2026-03-25T15:42:33.998885Z  INFO ThreadId(25) downlink_tx: sent tx_log_seq=682 sensor=Thermal sensor_seq=401 queue_latency_us=109 elapsed_us=40203966
2026-03-25T15:42:34.098826Z  INFO ThreadId(25) Task dispatched task="ThermalControl" drift_us=1400
2026-03-25T15:42:34.098831Z  INFO ThreadId(06) sensor_read sensor="thermal" seq=402 value=72.17145729725138 drift_us=1464 jitter_us=207 latency_us=0 elapsed_us=40303990
2026-03-25T15:42:34.098942Z  INFO ThreadId(02) downlink_tx: sent tx_log_seq=683 sensor=Thermal sensor_seq=402 queue_latency_us=111 elapsed_us=40304001
2026-03-25T15:42:34.198756Z  INFO ThreadId(02) Task dispatched task="ThermalControl" drift_us=1331
2026-03-25T15:42:34.198805Z  INFO ThreadId(24) sensor_read sensor="thermal" seq=403 value=72.70751826109597 drift_us=1427 jitter_us=88 latency_us=0 elapsed_us=40403953
2026-03-25T15:42:34.198814Z  INFO ThreadId(06) sensor_read sensor="power" seq=201 value=4.855444724414308 drift_us=1437 jitter_us=382 latency_us=1 elapsed_us=40403973
2026-03-25T15:42:34.198951Z  INFO ThreadId(25) downlink_tx: sent tx_log_seq=684 sensor=Power sensor_seq=201 queue_latency_us=134 elapsed_us=40403994
2026-03-25T15:42:34.198980Z  INFO ThreadId(25) downlink_tx: sent tx_log_seq=685 sensor=Thermal sensor_seq=403 queue_latency_us=188 elapsed_us=40403994
2026-03-25T15:42:34.298575Z  INFO ThreadId(25) Task dispatched task="ThermalControl" drift_us=1150
2026-03-25T15:42:34.298578Z  INFO ThreadId(06) sensor_read sensor="thermal" seq=404 value=57.93363228047555 drift_us=1209 jitter_us=181 latency_us=0 elapsed_us=40503735
2026-03-25T15:42:34.298592Z  INFO ThreadId(24) sensor_read sensor="imu" seq=80 value=-0.03915808737974711 drift_us=1209 jitter_us=375 latency_us=0 elapsed_us=40503749
2026-03-25T15:42:34.298692Z  INFO ThreadId(25) downlink_tx: sent tx_log_seq=686 sensor=Imu sensor_seq=80 queue_latency_us=105 elapsed_us=40503761
2026-03-25T15:42:34.298707Z  INFO ThreadId(25) downlink_tx: sent tx_log_seq=687 sensor=Thermal sensor_seq=404 queue_latency_us=135 elapsed_us=40503761
2026-03-25T15:42:34.304636Z  INFO ThreadId(06) Task dispatched task="DataCompress" drift_us=7224
2026-03-25T15:42:34.383136Z  WARN ThreadId(25) FAULT INJECTED fault=CorruptedData severity=2 elapsed_us=40588285
2026-03-25T15:42:34.383158Z  INFO ThreadId(25) satellite state → Fault (fault injection) fault=CorruptedData elapsed_us=40588285
2026-03-25T15:42:34.398169Z  INFO ThreadId(06) Task dispatched task="ThermalControl" drift_us=743
2026-03-25T15:42:34.398178Z  INFO ThreadId(25) sensor_read sensor="thermal" seq=405 value=27.751713960325027 drift_us=808 jitter_us=183 latency_us=0 elapsed_us=40603334
2026-03-25T15:42:34.398216Z  INFO ThreadId(02) sensor_read sensor="power" seq=202 value=1.3252701165802423 drift_us=836 jitter_us=609 latency_us=0 elapsed_us=40603372
2026-03-25T15:42:34.398280Z  INFO ThreadId(22) downlink_tx: sent tx_log_seq=688 sensor=Power sensor_seq=202 queue_latency_us=67 elapsed_us=40603359
2026-03-25T15:42:34.398297Z  INFO ThreadId(22) downlink_tx: sent tx_log_seq=689 sensor=Thermal sensor_seq=405 queue_latency_us=126 elapsed_us=40603359
2026-03-25T15:42:34.499341Z  INFO ThreadId(06) Task dispatched task="ThermalControl" drift_us=1916
2026-03-25T15:42:34.499360Z  WARN ThreadId(22) JITTER EXCEEDED 1ms limit sensor="thermal" jitter_us=1587 consecutive_miss=1 limit_us=1000 elapsed_us=40704520
2026-03-25T15:42:34.499369Z  INFO ThreadId(22) sensor_read sensor="thermal" seq=406 value=22.268459471256005 drift_us=1994 jitter_us=1587 latency_us=0 elapsed_us=40704520
2026-03-25T15:42:34.499449Z  INFO ThreadId(25) downlink_tx: sent tx_log_seq=690 sensor=Thermal sensor_seq=406 queue_latency_us=77 elapsed_us=40704534
2026-03-25T15:42:34.534679Z  INFO ThreadId(06) fault_pkt sent to GCS — awaiting ResetSensor command elapsed_us=40739826
2026-03-25T15:42:34.568068Z  INFO ThreadId(25) uplink_rx: received cmd=SafeMode seq=17 dispatch_latency_us=0 elapsed_us=40773217
2026-03-25T15:42:34.568085Z  INFO ThreadId(25) command executed cmd=SafeMode
2026-03-25T15:42:34.599335Z  INFO ThreadId(06) Task dispatched task="ThermalControl" drift_us=1910
2026-03-25T15:42:34.599349Z  WARN ThreadId(25) JITTER EXCEEDED 1ms limit sensor="thermal" jitter_us=1200 consecutive_miss=2 limit_us=1000 elapsed_us=40804506
2026-03-25T15:42:34.599361Z  INFO ThreadId(25) sensor_read sensor="thermal" seq=407 value=67.23874605362383 drift_us=1980 jitter_us=1200 latency_us=0 elapsed_us=40804506
2026-03-25T15:42:34.599372Z ERROR ThreadId(25) JITTER LIMIT VIOLATED (>1ms) sensor="power" jitter_us=1765
2026-03-25T15:42:34.599374Z  INFO ThreadId(25) sensor_read sensor="power" seq=203 value=1.134440613917961 drift_us=2000 jitter_us=1765 latency_us=0 elapsed_us=40804536
2026-03-25T15:42:34.599441Z  INFO ThreadId(06) downlink_tx: sent tx_log_seq=691 sensor=Thermal sensor_seq=407 queue_latency_us=79 elapsed_us=40804526
2026-03-25T15:42:34.599503Z  INFO ThreadId(06) downlink_tx: sent tx_log_seq=692 sensor=Power sensor_seq=203 queue_latency_us=128 elapsed_us=40804526
2026-03-25T15:42:34.599600Z  INFO ThreadId(22) uplink_rx: received cmd=ResetSensor seq=18 dispatch_latency_us=0 elapsed_us=40804760
2026-03-25T15:42:34.599610Z  INFO ThreadId(22) command executed cmd=ResetSensor
2026-03-25T15:42:34.599662Z  INFO ThreadId(22) uplink_rx: received cmd=RequestTelemetry seq=19 dispatch_latency_us=0 elapsed_us=40804825
2026-03-25T15:42:34.599669Z  WARN ThreadId(22) RE-REQUEST RECEIVED: GCS requesting missing packet req_seq=19
2026-03-25T15:42:34.599670Z  INFO ThreadId(22) command executed cmd=RequestTelemetry
2026-03-25T15:42:34.599689Z  INFO ThreadId(22) uplink_rx: received cmd=RequestTelemetry seq=20 dispatch_latency_us=0 elapsed_us=40804853
2026-03-25T15:42:34.599691Z  WARN ThreadId(22) RE-REQUEST RECEIVED: GCS requesting missing packet req_seq=20
2026-03-25T15:42:34.599692Z  INFO ThreadId(22) command executed cmd=RequestTelemetry
2026-03-25T15:42:34.605855Z  INFO ThreadId(22) FAULT RECOVERED — satellite state → Nominal recovery_ms=71 elapsed_us=40811010
2026-03-25T15:42:34.698846Z  INFO ThreadId(24) Task dispatched task="ThermalControl" drift_us=1420
2026-03-25T15:42:34.698899Z  INFO ThreadId(25) sensor_read sensor="thermal" seq=408 value=41.01468005947251 drift_us=1523 jitter_us=443 latency_us=0 elapsed_us=40904049
2026-03-25T15:42:34.749216Z  INFO ThreadId(24) downlink_tx: sent tx_log_seq=693 sensor=Thermal sensor_seq=408 queue_latency_us=50314 elapsed_us=40954264
2026-03-25T15:42:34.799465Z  INFO ThreadId(25) Task dispatched task="ThermalControl" drift_us=2040
2026-03-25T15:42:34.799474Z ERROR ThreadId(24) JITTER LIMIT VIOLATED (>1ms) sensor="power" jitter_us=1069
2026-03-25T15:42:34.799483Z  INFO ThreadId(24) sensor_read sensor="power" seq=204 value=3.1891960064742544 drift_us=2095 jitter_us=1069 latency_us=0 elapsed_us=41004631
2026-03-25T15:42:34.799489Z  INFO ThreadId(06) sensor_read sensor="imu" seq=81 value=-0.0337824398140386 drift_us=2110 jitter_us=781 latency_us=0 elapsed_us=41004650
2026-03-25T15:42:34.799499Z  WARN ThreadId(22) JITTER EXCEEDED 1ms limit sensor="thermal" jitter_us=1068 consecutive_miss=1 limit_us=1000 elapsed_us=41004660
2026-03-25T15:42:34.799508Z  INFO ThreadId(22) sensor_read sensor="thermal" seq=409 value=74.6924978843901 drift_us=2134 jitter_us=1068 latency_us=0 elapsed_us=41004660
2026-03-25T15:42:34.799549Z  INFO ThreadId(25) downlink_tx: sent tx_log_seq=694 sensor=Imu sensor_seq=81 queue_latency_us=63 elapsed_us=41004650
2026-03-25T15:42:34.799562Z  INFO ThreadId(25) downlink_tx: sent tx_log_seq=695 sensor=Power sensor_seq=204 queue_latency_us=94 elapsed_us=41004650
2026-03-25T15:42:34.799571Z  INFO ThreadId(25) downlink_tx: sent tx_log_seq=696 sensor=Thermal sensor_seq=409 queue_latency_us=63 elapsed_us=41004650
2026-03-25T15:42:34.805560Z  INFO ThreadId(06) Task dispatched task="DataCompress" drift_us=8143
2026-03-25T15:42:34.826732Z  INFO ThreadId(06) Task dispatched task="HealthMonitor" drift_us=29307
2026-03-25T15:42:34.898519Z  INFO ThreadId(06) Task dispatched task="ThermalControl" drift_us=1093
2026-03-25T15:42:34.898546Z  WARN ThreadId(06) JITTER EXCEEDED 1ms limit sensor="thermal" jitter_us=1562 consecutive_miss=2 limit_us=1000 elapsed_us=41103709
2026-03-25T15:42:34.898553Z  INFO ThreadId(06) sensor_read sensor="thermal" seq=410 value=35.44671031232386 drift_us=1183 jitter_us=1562 latency_us=0 elapsed_us=41103709
2026-03-25T15:42:34.898691Z  INFO ThreadId(22) downlink_tx: sent tx_log_seq=697 sensor=Thermal sensor_seq=410 queue_latency_us=126 elapsed_us=41103717
2026-03-25T15:42:34.998503Z  INFO ThreadId(22) Task dispatched task="ThermalControl" drift_us=1079
2026-03-25T15:42:34.998579Z  INFO ThreadId(02) sensor_read sensor="thermal" seq=411 value=57.248739112833604 drift_us=1189 jitter_us=957 latency_us=0 elapsed_us=41203715
2026-03-25T15:42:34.998593Z  INFO ThreadId(25) sensor_read sensor="power" seq=205 value=3.6716491187540954 drift_us=1211 jitter_us=979 latency_us=0 elapsed_us=41203747
2026-03-25T15:42:34.998688Z  INFO ThreadId(06) downlink_tx: sent tx_log_seq=698 sensor=Thermal sensor_seq=411 queue_latency_us=129 elapsed_us=41203728
2026-03-25T15:42:34.998713Z  INFO ThreadId(06) downlink_tx: sent tx_log_seq=699 sensor=Power sensor_seq=205 queue_latency_us=129 elapsed_us=41203728
2026-03-25T15:42:35.098445Z  INFO ThreadId(06) Task dispatched task="ThermalControl" drift_us=1020
2026-03-25T15:42:35.098451Z  INFO ThreadId(24) sensor_read sensor="thermal" seq=412 value=73.60836148611611 drift_us=1084 jitter_us=111 latency_us=0 elapsed_us=41303610
2026-03-25T15:42:35.098543Z  INFO ThreadId(02) downlink_tx: sent tx_log_seq=700 sensor=Thermal sensor_seq=412 queue_latency_us=93 elapsed_us=41303626
2026-03-25T15:42:35.198452Z  INFO ThreadId(02) Task dispatched task="ThermalControl" drift_us=1027
2026-03-25T15:42:35.198462Z  INFO ThreadId(24) sensor_read sensor="thermal" seq=413 value=60.853687255302574 drift_us=1092 jitter_us=113 latency_us=1 elapsed_us=41403618
2026-03-25T15:42:35.198476Z  INFO ThreadId(25) sensor_read sensor="power" seq=206 value=2.9263259276066607 drift_us=1098 jitter_us=771 latency_us=0 elapsed_us=41403634
2026-03-25T15:42:35.198584Z  INFO ThreadId(06) downlink_tx: sent tx_log_seq=701 sensor=Power sensor_seq=206 queue_latency_us=109 elapsed_us=41403647
2026-03-25T15:42:35.198598Z  INFO ThreadId(06) downlink_tx: sent tx_log_seq=702 sensor=Thermal sensor_seq=413 queue_latency_us=143 elapsed_us=41403647
2026-03-25T15:42:35.299575Z  INFO ThreadId(06) Task dispatched task="ThermalControl" drift_us=2150
2026-03-25T15:42:35.299622Z  INFO ThreadId(06) sensor_read sensor="imu" seq=82 value=-0.027088675907129336 drift_us=2245 jitter_us=766 latency_us=0 elapsed_us=41504785
2026-03-25T15:42:35.299724Z  WARN ThreadId(02) JITTER EXCEEDED 1ms limit sensor="thermal" jitter_us=1140 consecutive_miss=1 limit_us=1000 elapsed_us=41504766
2026-03-25T15:42:35.299757Z  INFO ThreadId(02) sensor_read sensor="thermal" seq=414 value=72.19665318175161 drift_us=2240 jitter_us=1140 latency_us=0 elapsed_us=41504766
2026-03-25T15:42:35.306231Z  INFO ThreadId(06) Task dispatched task="DataCompress" drift_us=8808
2026-03-25T15:42:35.349299Z  INFO ThreadId(06) downlink_tx: sent tx_log_seq=703 sensor=Imu sensor_seq=82 queue_latency_us=49665 elapsed_us=41554347
2026-03-25T15:42:35.349326Z  INFO ThreadId(06) downlink_tx: sent tx_log_seq=704 sensor=Thermal sensor_seq=414 queue_latency_us=49572 elapsed_us=41554347
2026-03-25T15:42:35.398417Z  WARN ThreadId(06) JITTER EXCEEDED 1ms limit sensor="thermal" jitter_us=2339 consecutive_miss=2 limit_us=1000 elapsed_us=41603575
2026-03-25T15:42:35.398414Z  INFO ThreadId(02) Task dispatched task="ThermalControl" drift_us=990
2026-03-25T15:42:35.398434Z  INFO ThreadId(06) sensor_read sensor="thermal" seq=415 value=27.053338197122084 drift_us=1049 jitter_us=2339 latency_us=0 elapsed_us=41603575
2026-03-25T15:42:35.398432Z  INFO ThreadId(24) sensor_read sensor="power" seq=207 value=2.9600118726043263 drift_us=1055 jitter_us=70 latency_us=0 elapsed_us=41603591
2026-03-25T15:42:35.398536Z  INFO ThreadId(02) downlink_tx: sent tx_log_seq=705 sensor=Power sensor_seq=207 queue_latency_us=108 elapsed_us=41603603
2026-03-25T15:42:35.398553Z  INFO ThreadId(02) downlink_tx: sent tx_log_seq=706 sensor=Thermal sensor_seq=415 queue_latency_us=120 elapsed_us=41603603
2026-03-25T15:42:35.498884Z  INFO ThreadId(02) Task dispatched task="ThermalControl" drift_us=1459
2026-03-25T15:42:35.498889Z  WARN ThreadId(22) JITTER EXCEEDED 1ms limit sensor="thermal" jitter_us=1665 consecutive_miss=3 limit_us=1000 elapsed_us=41704049
2026-03-25T15:42:35.498905Z  INFO ThreadId(22) sensor_read sensor="thermal" seq=416 value=27.91473059610498 drift_us=1523 jitter_us=1665 latency_us=0 elapsed_us=41704049
2026-03-25T15:42:35.498968Z  INFO ThreadId(02) downlink_tx: sent tx_log_seq=707 sensor=Thermal sensor_seq=416 queue_latency_us=63 elapsed_us=41704071
2026-03-25T15:42:35.599688Z  INFO ThreadId(02) Task dispatched task="ThermalControl" drift_us=2259
2026-03-25T15:42:35.599719Z ERROR ThreadId(22) JITTER LIMIT VIOLATED (>1ms) sensor="power" jitter_us=1326
2026-03-25T15:42:35.599732Z  INFO ThreadId(22) sensor_read sensor="power" seq=208 value=2.425722356087685 drift_us=2338 jitter_us=1326 latency_us=0 elapsed_us=41804874
2026-03-25T15:42:35.599725Z  INFO ThreadId(24) sensor_read sensor="thermal" seq=417 value=27.32471037478384 drift_us=2334 jitter_us=337 latency_us=0 elapsed_us=41804860
2026-03-25T15:42:35.599912Z  INFO ThreadId(02) downlink_tx: sent tx_log_seq=708 sensor=Power sensor_seq=208 queue_latency_us=197 elapsed_us=41804900
2026-03-25T15:42:35.599952Z  INFO ThreadId(02) downlink_tx: sent tx_log_seq=709 sensor=Thermal sensor_seq=417 queue_latency_us=254 elapsed_us=41804900
2026-03-25T15:42:35.698744Z  INFO ThreadId(06) Task dispatched task="ThermalControl" drift_us=1318
2026-03-25T15:42:35.698747Z  WARN ThreadId(25) JITTER EXCEEDED 1ms limit sensor="thermal" jitter_us=1764 consecutive_miss=1 limit_us=1000 elapsed_us=41903907
2026-03-25T15:42:35.698767Z  INFO ThreadId(25) sensor_read sensor="thermal" seq=418 value=32.33423090797881 drift_us=1381 jitter_us=1764 latency_us=0 elapsed_us=41903907
2026-03-25T15:42:35.749129Z  INFO ThreadId(22) downlink_tx: sent tx_log_seq=710 sensor=Thermal sensor_seq=418 queue_latency_us=50344 elapsed_us=41954128
2026-03-25T15:42:35.799693Z  INFO ThreadId(24) Task dispatched task="ThermalControl" drift_us=2269
2026-03-25T15:42:35.799718Z  WARN ThreadId(24) JITTER EXCEEDED 1ms limit sensor="thermal" jitter_us=1926 consecutive_miss=2 limit_us=1000 elapsed_us=42004880
2026-03-25T15:42:35.799725Z  INFO ThreadId(24) sensor_read sensor="thermal" seq=419 value=27.79650631557791 drift_us=2354 jitter_us=1926 latency_us=0 elapsed_us=42004880
2026-03-25T15:42:35.799739Z ERROR ThreadId(22) JITTER LIMIT VIOLATED (>1ms) sensor="power" jitter_us=1269
2026-03-25T15:42:35.799752Z  INFO ThreadId(22) sensor_read sensor="power" seq=209 value=2.1827344666678705 drift_us=2352 jitter_us=1269 latency_us=0 elapsed_us=42004888
2026-03-25T15:42:35.799763Z  INFO ThreadId(25) sensor_read sensor="imu" seq=83 value=-0.07410247503993715 drift_us=2378 jitter_us=2 latency_us=0 elapsed_us=42004918
2026-03-25T15:42:35.799822Z  INFO ThreadId(24) downlink_tx: sent tx_log_seq=711 sensor=Power sensor_seq=209 queue_latency_us=97 elapsed_us=42004902
2026-03-25T15:42:35.799835Z  INFO ThreadId(24) downlink_tx: sent tx_log_seq=712 sensor=Imu sensor_seq=83 queue_latency_us=81 elapsed_us=42004902
2026-03-25T15:42:35.799844Z  INFO ThreadId(24) downlink_tx: sent tx_log_seq=713 sensor=Thermal sensor_seq=419 queue_latency_us=120 elapsed_us=42004902
2026-03-25T15:42:35.805816Z  INFO ThreadId(06) Task dispatched task="DataCompress" drift_us=8401
2026-03-25T15:42:35.827483Z  INFO ThreadId(06) Task dispatched task="HealthMonitor" drift_us=30057
2026-03-25T15:42:35.899015Z  INFO ThreadId(06) Task dispatched task="ThermalControl" drift_us=1584
2026-03-25T15:42:35.899077Z  WARN ThreadId(25) JITTER EXCEEDED 1ms limit sensor="thermal" jitter_us=1624 consecutive_miss=3 limit_us=1000 elapsed_us=42104229
2026-03-25T15:42:35.899092Z  INFO ThreadId(25) sensor_read sensor="thermal" seq=420 value=79.8433534362246 drift_us=1703 jitter_us=1624 latency_us=0 elapsed_us=42104229
2026-03-25T15:42:35.948486Z  INFO ThreadId(06) downlink_tx: sent tx_log_seq=714 sensor=Thermal sensor_seq=420 queue_latency_us=49382 elapsed_us=42153534
2026-03-25T15:42:36.000027Z  INFO ThreadId(25) Task dispatched task="ThermalControl" drift_us=2601
2026-03-25T15:42:36.000034Z  WARN ThreadId(06) JITTER EXCEEDED 1ms limit sensor="thermal" jitter_us=1613 consecutive_miss=4 limit_us=1000 elapsed_us=42205191
2026-03-25T15:42:36.000047Z  INFO ThreadId(06) sensor_read sensor="thermal" seq=421 value=37.38517606836266 drift_us=2665 jitter_us=1613 latency_us=0 elapsed_us=42205191
2026-03-25T15:42:36.000063Z  INFO ThreadId(06) sensor_read sensor="power" seq=210 value=2.021444777615162 drift_us=2692 jitter_us=326 latency_us=0 elapsed_us=42205228
2026-03-25T15:42:36.000146Z  INFO ThreadId(25) downlink_tx: sent tx_log_seq=715 sensor=Thermal sensor_seq=421 queue_latency_us=100 elapsed_us=42205214
2026-03-25T15:42:36.000161Z  INFO ThreadId(25) downlink_tx: sent tx_log_seq=716 sensor=Power sensor_seq=210 queue_latency_us=97 elapsed_us=42205214
2026-03-25T15:42:36.099967Z  INFO ThreadId(25) Task dispatched task="ThermalControl" drift_us=2536
2026-03-25T15:42:36.100017Z  INFO ThreadId(06) sensor_read sensor="thermal" seq=422 value=57.672390116706495 drift_us=2634 jitter_us=993 latency_us=1 elapsed_us=42305160
2026-03-25T15:42:36.100149Z  INFO ThreadId(06) downlink_tx: sent tx_log_seq=717 sensor=Thermal sensor_seq=422 queue_latency_us=148 elapsed_us=42305162
2026-03-25T15:42:36.198527Z  INFO ThreadId(06) Task dispatched task="ThermalControl" drift_us=1102
2026-03-25T15:42:36.198553Z ERROR ThreadId(06) JITTER LIMIT VIOLATED (>1ms) sensor="power" jitter_us=1853
2026-03-25T15:42:36.198557Z  INFO ThreadId(06) sensor_read sensor="power" seq=211 value=1.5427286646342786 drift_us=1179 jitter_us=1853 latency_us=1 elapsed_us=42403715
2026-03-25T15:42:36.198607Z  WARN ThreadId(22) JITTER EXCEEDED 1ms limit sensor="thermal" jitter_us=1362 consecutive_miss=1 limit_us=1000 elapsed_us=42403767
2026-03-25T15:42:36.198616Z  INFO ThreadId(22) sensor_read sensor="thermal" seq=423 value=40.865702512385504 drift_us=1241 jitter_us=1362 latency_us=0 elapsed_us=42403767
2026-03-25T15:42:36.198645Z  INFO ThreadId(06) downlink_tx: sent tx_log_seq=718 sensor=Power sensor_seq=211 queue_latency_us=93 elapsed_us=42403732
2026-03-25T15:42:36.198659Z  INFO ThreadId(06) downlink_tx: sent tx_log_seq=719 sensor=Thermal sensor_seq=423 queue_latency_us=43 elapsed_us=42403732
2026-03-25T15:42:36.299874Z  INFO ThreadId(06) Task dispatched task="ThermalControl" drift_us=2449
2026-03-25T15:42:36.299878Z  WARN ThreadId(24) JITTER EXCEEDED 1ms limit sensor="thermal" jitter_us=2662 consecutive_miss=2 limit_us=1000 elapsed_us=42505036
2026-03-25T15:42:36.299893Z  INFO ThreadId(24) sensor_read sensor="thermal" seq=424 value=22.99275345225134 drift_us=2510 jitter_us=2662 latency_us=0 elapsed_us=42505036
2026-03-25T15:42:36.299905Z  INFO ThreadId(25) sensor_read sensor="imu" seq=84 value=-0.012404403886121657 drift_us=2526 jitter_us=15 latency_us=0 elapsed_us=42505066
2026-03-25T15:42:36.299985Z  INFO ThreadId(06) downlink_tx: sent tx_log_seq=720 sensor=Thermal sensor_seq=424 queue_latency_us=92 elapsed_us=42505058
2026-03-25T15:42:36.299999Z  INFO ThreadId(06) downlink_tx: sent tx_log_seq=721 sensor=Imu sensor_seq=84 queue_latency_us=98 elapsed_us=42505058
2026-03-25T15:42:36.306187Z  INFO ThreadId(24) Task dispatched task="DataCompress" drift_us=8773
2026-03-25T15:42:36.399860Z  INFO ThreadId(24) Task dispatched task="ThermalControl" drift_us=2436
2026-03-25T15:42:36.399864Z  WARN ThreadId(06) JITTER EXCEEDED 1ms limit sensor="thermal" jitter_us=1283 consecutive_miss=3 limit_us=1000 elapsed_us=42605022
2026-03-25T15:42:36.399882Z  INFO ThreadId(06) sensor_read sensor="thermal" seq=425 value=43.90541119588895 drift_us=2496 jitter_us=1283 latency_us=0 elapsed_us=42605022
2026-03-25T15:42:36.399901Z ERROR ThreadId(02) JITTER LIMIT VIOLATED (>1ms) sensor="power" jitter_us=2854
2026-03-25T15:42:36.399918Z  INFO ThreadId(02) sensor_read sensor="power" seq=212 value=1.4277566808053166 drift_us=2520 jitter_us=2854 latency_us=1 elapsed_us=42605056
2026-03-25T15:42:36.399965Z  INFO ThreadId(06) downlink_tx: sent tx_log_seq=722 sensor=Power sensor_seq=212 queue_latency_us=71 elapsed_us=42605059
2026-03-25T15:42:36.399980Z  INFO ThreadId(06) downlink_tx: sent tx_log_seq=723 sensor=Thermal sensor_seq=425 queue_latency_us=100 elapsed_us=42605059
2026-03-25T15:42:36.498554Z  INFO ThreadId(06) Task dispatched task="ThermalControl" drift_us=1129
2026-03-25T15:42:36.498588Z  WARN ThreadId(02) JITTER EXCEEDED 1ms limit sensor="thermal" jitter_us=1259 consecutive_miss=4 limit_us=1000 elapsed_us=42703749
2026-03-25T15:42:36.498601Z  INFO ThreadId(02) sensor_read sensor="thermal" seq=426 value=29.462099094176608 drift_us=1223 jitter_us=1259 latency_us=0 elapsed_us=42703749
2026-03-25T15:42:36.549288Z  INFO ThreadId(06) downlink_tx: sent tx_log_seq=724 sensor=Thermal sensor_seq=426 queue_latency_us=50674 elapsed_us=42754337
2026-03-25T15:42:36.599021Z  INFO ThreadId(02) Task dispatched task="ThermalControl" drift_us=1596
2026-03-25T15:42:36.599023Z  WARN ThreadId(06) JITTER EXCEEDED 1ms limit sensor="thermal" jitter_us=1705 consecutive_miss=5 limit_us=1000 elapsed_us=42804181
2026-03-25T15:42:36.599043Z ERROR ThreadId(24) JITTER LIMIT VIOLATED (>1ms) sensor="power" jitter_us=2199
2026-03-25T15:42:36.599043Z  INFO ThreadId(06) sensor_read sensor="thermal" seq=427 value=41.7456306788893 drift_us=1655 jitter_us=1705 latency_us=0 elapsed_us=42804181
2026-03-25T15:42:36.599048Z  INFO ThreadId(24) sensor_read sensor="power" seq=213 value=4.030097993001933 drift_us=1662 jitter_us=2199 latency_us=0 elapsed_us=42804198
2026-03-25T15:42:36.599198Z  INFO ThreadId(25) downlink_tx: sent tx_log_seq=725 sensor=Power sensor_seq=213 queue_latency_us=151 elapsed_us=42804224
2026-03-25T15:42:36.599231Z  INFO ThreadId(25) downlink_tx: sent tx_log_seq=726 sensor=Thermal sensor_seq=427 queue_latency_us=188 elapsed_us=42804224
2026-03-25T15:42:36.698933Z  INFO ThreadId(25) Task dispatched task="ThermalControl" drift_us=1508
2026-03-25T15:42:36.698955Z  INFO ThreadId(24) sensor_read sensor="thermal" seq=428 value=61.234624460139756 drift_us=1587 jitter_us=500 latency_us=0 elapsed_us=42904113
2026-03-25T15:42:36.699054Z  INFO ThreadId(25) downlink_tx: sent tx_log_seq=727 sensor=Thermal sensor_seq=428 queue_latency_us=103 elapsed_us=42904119
2026-03-25T15:42:36.798571Z  INFO ThreadId(25) Task dispatched task="ThermalControl" drift_us=1144
2026-03-25T15:42:36.798596Z  INFO ThreadId(25) sensor_read sensor="thermal" seq=429 value=71.50455026728775 drift_us=1232 jitter_us=287 latency_us=0 elapsed_us=43003758
2026-03-25T15:42:36.798636Z  INFO ThreadId(02) sensor_read sensor="power" seq=214 value=0.8416715963663792 drift_us=1244 jitter_us=440 latency_us=0 elapsed_us=43003780
2026-03-25T15:42:36.798688Z ERROR ThreadId(22) JITTER LIMIT VIOLATED (>1ms) sensor="imu" jitter_us=1368
2026-03-25T15:42:36.798695Z  INFO ThreadId(22) sensor_read sensor="imu" seq=85 value=0.05401701581921148 drift_us=1306 jitter_us=1368 latency_us=0 elapsed_us=43003846
2026-03-25T15:42:36.798765Z  INFO ThreadId(24) downlink_tx: sent tx_log_seq=728 sensor=Power sensor_seq=214 queue_latency_us=137 elapsed_us=43003809
2026-03-25T15:42:36.798808Z  INFO ThreadId(24) downlink_tx: sent tx_log_seq=729 sensor=Imu sensor_seq=85 queue_latency_us=125 elapsed_us=43003809
2026-03-25T15:42:36.798834Z  INFO ThreadId(24) downlink_tx: sent tx_log_seq=730 sensor=Thermal sensor_seq=429 queue_latency_us=239 elapsed_us=43003809
2026-03-25T15:42:36.805400Z  INFO ThreadId(06) Task dispatched task="DataCompress" drift_us=7983
2026-03-25T15:42:36.826605Z  INFO ThreadId(06) Task dispatched task="HealthMonitor" drift_us=29180
2026-03-25T15:42:36.898500Z  INFO ThreadId(06) Task dispatched task="ThermalControl" drift_us=1074
2026-03-25T15:42:36.898532Z  INFO ThreadId(06) sensor_read sensor="thermal" seq=430 value=58.032952898349805 drift_us=1168 jitter_us=291 latency_us=0 elapsed_us=43103694
2026-03-25T15:42:36.949235Z  INFO ThreadId(22) downlink_tx: sent tx_log_seq=731 sensor=Thermal sensor_seq=430 queue_latency_us=50691 elapsed_us=43154283
2026-03-25T15:42:36.998315Z  INFO ThreadId(06) Task dispatched task="ThermalControl" drift_us=890
2026-03-25T15:42:36.998327Z  INFO ThreadId(22) sensor_read sensor="thermal" seq=431 value=49.05288125847923 drift_us=957 jitter_us=147 latency_us=1 elapsed_us=43203483
2026-03-25T15:42:36.998343Z  INFO ThreadId(22) sensor_read sensor="power" seq=215 value=2.5360862834253504 drift_us=971 jitter_us=145 latency_us=0 elapsed_us=43203507
2026-03-25T15:42:36.998452Z  INFO ThreadId(06) downlink_tx: sent tx_log_seq=732 sensor=Thermal sensor_seq=431 queue_latency_us=130 elapsed_us=43203506
2026-03-25T15:42:36.998468Z  INFO ThreadId(06) downlink_tx: sent tx_log_seq=733 sensor=Power sensor_seq=215 queue_latency_us=125 elapsed_us=43203506
2026-03-25T15:42:37.098469Z  INFO ThreadId(21) Task dispatched task="ThermalControl" drift_us=1046
2026-03-25T15:42:37.098519Z  INFO ThreadId(22) sensor_read sensor="thermal" seq=432 value=35.06552334232394 drift_us=1133 jitter_us=387 latency_us=0 elapsed_us=43303659
2026-03-25T15:42:37.098657Z  INFO ThreadId(21) downlink_tx: sent tx_log_seq=734 sensor=Thermal sensor_seq=432 queue_latency_us=153 elapsed_us=43303673
2026-03-25T15:42:37.199842Z  WARN ThreadId(24) JITTER EXCEEDED 1ms limit sensor="thermal" jitter_us=1164 consecutive_miss=1 limit_us=1000 elapsed_us=43404999
2026-03-25T15:42:37.199844Z  INFO ThreadId(21) Task dispatched task="ThermalControl" drift_us=2416
2026-03-25T15:42:37.199866Z  INFO ThreadId(24) sensor_read sensor="thermal" seq=433 value=21.460613972781147 drift_us=2473 jitter_us=1164 latency_us=0 elapsed_us=43404999
2026-03-25T15:42:37.199880Z ERROR ThreadId(24) JITTER LIMIT VIOLATED (>1ms) sensor="power" jitter_us=1811
2026-03-25T15:42:37.199882Z  INFO ThreadId(24) sensor_read sensor="power" seq=216 value=2.8142811232386635 drift_us=2509 jitter_us=1811 latency_us=0 elapsed_us=43405045
2026-03-25T15:42:37.199952Z  INFO ThreadId(21) downlink_tx: sent tx_log_seq=735 sensor=Thermal sensor_seq=433 queue_latency_us=86 elapsed_us=43405034
2026-03-25T15:42:37.199964Z  INFO ThreadId(21) downlink_tx: sent tx_log_seq=736 sensor=Power sensor_seq=216 queue_latency_us=84 elapsed_us=43405034
2026-03-25T15:42:37.298466Z  INFO ThreadId(21) Task dispatched task="ThermalControl" drift_us=1041
2026-03-25T15:42:37.298501Z  WARN ThreadId(24) JITTER EXCEEDED 1ms limit sensor="thermal" jitter_us=2682 consecutive_miss=2 limit_us=1000 elapsed_us=43503657
2026-03-25T15:42:37.298518Z  INFO ThreadId(24) sensor_read sensor="thermal" seq=434 value=51.36915522383411 drift_us=1131 jitter_us=2682 latency_us=0 elapsed_us=43503657
2026-03-25T15:42:37.298560Z ERROR ThreadId(22) JITTER LIMIT VIOLATED (>1ms) sensor="imu" jitter_us=1076
2026-03-25T15:42:37.298576Z  INFO ThreadId(22) sensor_read sensor="imu" seq=86 value=0.08011389877325975 drift_us=1162 jitter_us=1076 latency_us=0 elapsed_us=43503702
2026-03-25T15:42:37.298659Z  INFO ThreadId(06) downlink_tx: sent tx_log_seq=737 sensor=Thermal sensor_seq=434 queue_latency_us=137 elapsed_us=43503690
2026-03-25T15:42:37.298687Z  INFO ThreadId(06) downlink_tx: sent tx_log_seq=738 sensor=Imu sensor_seq=86 queue_latency_us=147 elapsed_us=43503690
2026-03-25T15:42:37.304552Z  INFO ThreadId(24) Task dispatched task="DataCompress" drift_us=7132
2026-03-25T15:42:37.399239Z  INFO ThreadId(06) Task dispatched task="ThermalControl" drift_us=1815
2026-03-25T15:42:37.399247Z  WARN ThreadId(24) JITTER EXCEEDED 1ms limit sensor="thermal" jitter_us=2089 consecutive_miss=3 limit_us=1000 elapsed_us=43604404
2026-03-25T15:42:37.399263Z  INFO ThreadId(24) sensor_read sensor="thermal" seq=435 value=40.859572624106 drift_us=1878 jitter_us=2089 latency_us=0 elapsed_us=43604404
2026-03-25T15:42:37.399274Z ERROR ThreadId(24) JITTER LIMIT VIOLATED (>1ms) sensor="power" jitter_us=2145
2026-03-25T15:42:37.399275Z  INFO ThreadId(24) sensor_read sensor="power" seq=217 value=1.6510418068731987 drift_us=1902 jitter_us=2145 latency_us=0 elapsed_us=43604438
2026-03-25T15:42:37.399493Z  INFO ThreadId(22) downlink_tx: sent tx_log_seq=739 sensor=Power sensor_seq=217 queue_latency_us=199 elapsed_us=43604473
2026-03-25T15:42:37.399548Z  INFO ThreadId(22) downlink_tx: sent tx_log_seq=740 sensor=Thermal sensor_seq=435 queue_latency_us=284 elapsed_us=43604473
2026-03-25T15:42:37.498523Z  INFO ThreadId(24) Task dispatched task="ThermalControl" drift_us=1099
2026-03-25T15:42:37.498525Z  WARN ThreadId(22) JITTER EXCEEDED 1ms limit sensor="thermal" jitter_us=1465 consecutive_miss=4 limit_us=1000 elapsed_us=43703686
2026-03-25T15:42:37.498543Z  INFO ThreadId(22) sensor_read sensor="thermal" seq=436 value=72.22538611418162 drift_us=1160 jitter_us=1465 latency_us=0 elapsed_us=43703686
2026-03-25T15:42:37.498692Z  INFO ThreadId(02) downlink_tx: sent tx_log_seq=741 sensor=Thermal sensor_seq=436 queue_latency_us=135 elapsed_us=43703719
2026-03-25T15:42:37.599261Z  INFO ThreadId(22) Task dispatched task="ThermalControl" drift_us=1835
2026-03-25T15:42:37.599276Z  WARN ThreadId(02) JITTER EXCEEDED 1ms limit sensor="thermal" jitter_us=1454 consecutive_miss=5 limit_us=1000 elapsed_us=43804422
2026-03-25T15:42:37.599293Z  INFO ThreadId(02) sensor_read sensor="thermal" seq=437 value=56.38757845268247 drift_us=1896 jitter_us=1454 latency_us=1 elapsed_us=43804422
2026-03-25T15:42:37.599302Z  INFO ThreadId(24) sensor_read sensor="power" seq=218 value=1.5998694307148953 drift_us=1923 jitter_us=628 latency_us=0 elapsed_us=43804459
2026-03-25T15:42:37.649099Z  INFO ThreadId(22) downlink_tx: sent tx_log_seq=742 sensor=Power sensor_seq=218 queue_latency_us=49785 elapsed_us=43854082
2026-03-25T15:42:37.649144Z  INFO ThreadId(22) downlink_tx: sent tx_log_seq=743 sensor=Thermal sensor_seq=437 queue_latency_us=49850 elapsed_us=43854082
2026-03-25T15:42:37.698523Z  INFO ThreadId(24) Task dispatched task="ThermalControl" drift_us=1098
2026-03-25T15:42:37.698551Z  WARN ThreadId(02) JITTER EXCEEDED 1ms limit sensor="thermal" jitter_us=1446 consecutive_miss=6 limit_us=1000 elapsed_us=43903712
2026-03-25T15:42:37.698563Z  INFO ThreadId(02) sensor_read sensor="thermal" seq=438 value=70.77170540658037 drift_us=1186 jitter_us=1446 latency_us=1 elapsed_us=43903712
2026-03-25T15:42:37.749328Z  INFO ThreadId(24) downlink_tx: sent tx_log_seq=744 sensor=Thermal sensor_seq=438 queue_latency_us=50753 elapsed_us=43954377
2026-03-25T15:42:37.798553Z  INFO ThreadId(02) Task dispatched task="ThermalControl" drift_us=1127
2026-03-25T15:42:37.798561Z  INFO ThreadId(24) sensor_read sensor="power" seq=219 value=4.375566655654392 drift_us=1182 jitter_us=762 latency_us=0 elapsed_us=44003718
2026-03-25T15:42:37.798575Z  INFO ThreadId(21) sensor_read sensor="imu" seq=87 value=0.05877896826006529 drift_us=1195 jitter_us=177 latency_us=0 elapsed_us=44003735
2026-03-25T15:42:37.798579Z  INFO ThreadId(02) sensor_read sensor="thermal" seq=439 value=47.06942573551171 drift_us=1214 jitter_us=738 latency_us=0 elapsed_us=44003740
2026-03-25T15:42:37.798680Z  INFO ThreadId(24) downlink_tx: sent tx_log_seq=745 sensor=Imu sensor_seq=87 queue_latency_us=108 elapsed_us=44003746
2026-03-25T15:42:37.798692Z  INFO ThreadId(24) downlink_tx: sent tx_log_seq=746 sensor=Power sensor_seq=219 queue_latency_us=138 elapsed_us=44003746
2026-03-25T15:42:37.798701Z  INFO ThreadId(24) downlink_tx: sent tx_log_seq=747 sensor=Thermal sensor_seq=439 queue_latency_us=124 elapsed_us=44003746
2026-03-25T15:42:37.805348Z  INFO ThreadId(02) Task dispatched task="DataCompress" drift_us=7932
2026-03-25T15:42:37.827023Z  INFO ThreadId(02) Task dispatched task="HealthMonitor" drift_us=29598
2026-03-25T15:42:37.899372Z  INFO ThreadId(02) Task dispatched task="ThermalControl" drift_us=1948
2026-03-25T15:42:37.899424Z  INFO ThreadId(06) sensor_read sensor="thermal" seq=440 value=38.675240464700096 drift_us=2046 jitter_us=804 latency_us=0 elapsed_us=44104572
2026-03-25T15:42:37.949574Z  INFO ThreadId(02) downlink_tx: sent tx_log_seq=748 sensor=Thermal sensor_seq=440 queue_latency_us=50151 elapsed_us=44154623
2026-03-25T15:42:37.999262Z  INFO ThreadId(06) Task dispatched task="ThermalControl" drift_us=1837
2026-03-25T15:42:37.999273Z  INFO ThreadId(02) sensor_read sensor="thermal" seq=441 value=34.034920727544616 drift_us=1904 jitter_us=974 latency_us=0 elapsed_us=44204430
2026-03-25T15:42:37.999295Z ERROR ThreadId(24) JITTER LIMIT VIOLATED (>1ms) sensor="power" jitter_us=1479
2026-03-25T15:42:37.999301Z  INFO ThreadId(24) sensor_read sensor="power" seq=220 value=1.2063208212001557 drift_us=1920 jitter_us=1479 latency_us=0 elapsed_us=44204456
2026-03-25T15:42:37.999354Z  INFO ThreadId(06) downlink_tx: sent tx_log_seq=749 sensor=Thermal sensor_seq=441 queue_latency_us=86 elapsed_us=44204449
2026-03-25T15:42:37.999366Z  INFO ThreadId(06) downlink_tx: sent tx_log_seq=750 sensor=Power sensor_seq=220 queue_latency_us=73 elapsed_us=44204449
2026-03-25T15:42:38.098291Z  INFO ThreadId(02) Task dispatched task="ThermalControl" drift_us=866
2026-03-25T15:42:38.098313Z  INFO ThreadId(21) sensor_read sensor="thermal" seq=442 value=63.145734729475215 drift_us=946 jitter_us=816 latency_us=0 elapsed_us=44303472
2026-03-25T15:42:38.098381Z  INFO ThreadId(02) downlink_tx: sent tx_log_seq=751 sensor=Thermal sensor_seq=442 queue_latency_us=72 elapsed_us=44303478
2026-03-25T15:42:38.199204Z  INFO ThreadId(02) Task dispatched task="ThermalControl" drift_us=1779
2026-03-25T15:42:38.199209Z  WARN ThreadId(24) JITTER EXCEEDED 1ms limit sensor="thermal" jitter_us=1852 consecutive_miss=1 limit_us=1000 elapsed_us=44404366
2026-03-25T15:42:38.199223Z  INFO ThreadId(24) sensor_read sensor="thermal" seq=443 value=56.4368398056275 drift_us=1840 jitter_us=1852 latency_us=0 elapsed_us=44404366
2026-03-25T15:42:38.199222Z  INFO ThreadId(21) sensor_read sensor="power" seq=221 value=4.5541311303095195 drift_us=1845 jitter_us=813 latency_us=0 elapsed_us=44404381
2026-03-25T15:42:38.199322Z  INFO ThreadId(02) downlink_tx: sent tx_log_seq=752 sensor=Power sensor_seq=221 queue_latency_us=105 elapsed_us=44404392
2026-03-25T15:42:38.199338Z  INFO ThreadId(02) downlink_tx: sent tx_log_seq=753 sensor=Thermal sensor_seq=443 queue_latency_us=116 elapsed_us=44404392
2026-03-25T15:42:38.298558Z  INFO ThreadId(02) Task dispatched task="ThermalControl" drift_us=1131
2026-03-25T15:42:38.298573Z  WARN ThreadId(24) JITTER EXCEEDED 1ms limit sensor="thermal" jitter_us=1541 consecutive_miss=2 limit_us=1000 elapsed_us=44503719
2026-03-25T15:42:38.298576Z  INFO ThreadId(22) sensor_read sensor="imu" seq=88 value=-0.031936390629137806 drift_us=1192 jitter_us=36 latency_us=0 elapsed_us=44503732
2026-03-25T15:42:38.298587Z  INFO ThreadId(24) sensor_read sensor="thermal" seq=444 value=59.993919790872106 drift_us=1193 jitter_us=1541 latency_us=1 elapsed_us=44503719
2026-03-25T15:42:38.298661Z  INFO ThreadId(06) downlink_tx: sent tx_log_seq=754 sensor=Imu sensor_seq=88 queue_latency_us=88 elapsed_us=44503749
2026-03-25T15:42:38.298679Z  INFO ThreadId(06) downlink_tx: sent tx_log_seq=755 sensor=Thermal sensor_seq=444 queue_latency_us=91 elapsed_us=44503749
2026-03-25T15:42:38.305346Z  INFO ThreadId(22) Task dispatched task="DataCompress" drift_us=7913
2026-03-25T15:42:38.399704Z  WARN ThreadId(22) JITTER EXCEEDED 1ms limit sensor="thermal" jitter_us=1790 consecutive_miss=3 limit_us=1000 elapsed_us=44604862
2026-03-25T15:42:38.399698Z  INFO ThreadId(06) Task dispatched task="ThermalControl" drift_us=2274
2026-03-25T15:42:38.399719Z  INFO ThreadId(22) sensor_read sensor="thermal" seq=445 value=70.8875327791536 drift_us=2336 jitter_us=1790 latency_us=0 elapsed_us=44604862
2026-03-25T15:42:38.399723Z  INFO ThreadId(06) sensor_read sensor="power" seq=222 value=4.78809293219132 drift_us=2351 jitter_us=581 latency_us=0 elapsed_us=44604887
2026-03-25T15:42:38.399831Z  INFO ThreadId(21) downlink_tx: sent tx_log_seq=756 sensor=Power sensor_seq=222 queue_latency_us=102 elapsed_us=44604892
2026-03-25T15:42:38.399849Z  INFO ThreadId(21) downlink_tx: sent tx_log_seq=757 sensor=Thermal sensor_seq=445 queue_latency_us=131 elapsed_us=44604892
2026-03-25T15:42:38.498463Z  INFO ThreadId(21) Task dispatched task="ThermalControl" drift_us=1038
2026-03-25T15:42:38.498497Z  WARN ThreadId(02) JITTER EXCEEDED 1ms limit sensor="thermal" jitter_us=2348 consecutive_miss=4 limit_us=1000 elapsed_us=44703657
2026-03-25T15:42:38.498506Z  INFO ThreadId(02) sensor_read sensor="thermal" seq=446 value=32.06804435589012 drift_us=1131 jitter_us=2348 latency_us=0 elapsed_us=44703657
2026-03-25T15:42:38.549275Z  INFO ThreadId(21) downlink_tx: sent tx_log_seq=758 sensor=Thermal sensor_seq=446 queue_latency_us=50757 elapsed_us=44754321
2026-03-25T15:42:38.599339Z  INFO ThreadId(02) Task dispatched task="ThermalControl" drift_us=1913
2026-03-25T15:42:38.599346Z  WARN ThreadId(21) JITTER EXCEEDED 1ms limit sensor="thermal" jitter_us=2051 consecutive_miss=5 limit_us=1000 elapsed_us=44804503
2026-03-25T15:42:38.599359Z  INFO ThreadId(21) sensor_read sensor="thermal" seq=447 value=29.233352437787623 drift_us=1977 jitter_us=2051 latency_us=0 elapsed_us=44804503
2026-03-25T15:42:38.599364Z  INFO ThreadId(02) sensor_read sensor="power" seq=223 value=2.9079084486326625 drift_us=1992 jitter_us=865 latency_us=0 elapsed_us=44804528
2026-03-25T15:42:38.599464Z  INFO ThreadId(06) downlink_tx: sent tx_log_seq=759 sensor=Power sensor_seq=223 queue_latency_us=96 elapsed_us=44804530
2026-03-25T15:42:38.599482Z  INFO ThreadId(06) downlink_tx: sent tx_log_seq=760 sensor=Thermal sensor_seq=447 queue_latency_us=124 elapsed_us=44804530
2026-03-25T15:42:38.699092Z  INFO ThreadId(21) Task dispatched task="ThermalControl" drift_us=1667
2026-03-25T15:42:38.699117Z  WARN ThreadId(24) JITTER EXCEEDED 1ms limit sensor="thermal" jitter_us=1071 consecutive_miss=6 limit_us=1000 elapsed_us=44904278
2026-03-25T15:42:38.699128Z  INFO ThreadId(24) sensor_read sensor="thermal" seq=448 value=29.810817238555654 drift_us=1752 jitter_us=1071 latency_us=0 elapsed_us=44904278
2026-03-25T15:42:38.748917Z  INFO ThreadId(21) downlink_tx: sent tx_log_seq=761 sensor=Thermal sensor_seq=448 queue_latency_us=49779 elapsed_us=44953966
2026-03-25T15:42:38.798924Z  INFO ThreadId(24) Task dispatched task="ThermalControl" drift_us=1499
2026-03-25T15:42:38.798932Z  INFO ThreadId(21) sensor_read sensor="power" seq=224 value=1.9283485360663426 drift_us=1552 jitter_us=81 latency_us=0 elapsed_us=45004088
2026-03-25T15:42:38.798951Z  INFO ThreadId(24) sensor_read sensor="thermal" seq=449 value=57.24549732804605 drift_us=1587 jitter_us=60 latency_us=0 elapsed_us=45004113
2026-03-25T15:42:38.798952Z  INFO ThreadId(21) sensor_read sensor="imu" seq=89 value=-0.05336143376143898 drift_us=1576 jitter_us=387 latency_us=0 elapsed_us=45004116
2026-03-25T15:42:38.799063Z  INFO ThreadId(24) downlink_tx: sent tx_log_seq=762 sensor=Imu sensor_seq=89 queue_latency_us=111 elapsed_us=45004125
2026-03-25T15:42:38.799077Z  INFO ThreadId(24) downlink_tx: sent tx_log_seq=763 sensor=Power sensor_seq=224 queue_latency_us=152 elapsed_us=45004125
2026-03-25T15:42:38.799085Z  INFO ThreadId(24) downlink_tx: sent tx_log_seq=764 sensor=Thermal sensor_seq=449 queue_latency_us=136 elapsed_us=45004125
2026-03-25T15:42:38.803938Z  INFO ThreadId(02) uplink_rx: received cmd=Heartbeat seq=21 dispatch_latency_us=0 elapsed_us=45009098
2026-03-25T15:42:38.803951Z  INFO ThreadId(02) command executed cmd=Heartbeat
2026-03-25T15:42:38.805334Z  INFO ThreadId(02) Task dispatched task="DataCompress" drift_us=7923
2026-03-25T15:42:38.827202Z  INFO ThreadId(02) Task dispatched task="HealthMonitor" drift_us=29775
2026-03-25T15:42:38.899389Z  INFO ThreadId(02) Task dispatched task="ThermalControl" drift_us=1964
2026-03-25T15:42:38.899395Z  INFO ThreadId(24) sensor_read sensor="thermal" seq=450 value=59.600983483301356 drift_us=2028 jitter_us=606 latency_us=0 elapsed_us=45104554
2026-03-25T15:42:38.899500Z  INFO ThreadId(06) downlink_tx: sent tx_log_seq=765 sensor=Thermal sensor_seq=450 queue_latency_us=104 elapsed_us=45104562
2026-03-25T15:42:38.998211Z  INFO ThreadId(06) Task dispatched task="ThermalControl" drift_us=786
2026-03-25T15:42:38.998251Z  INFO ThreadId(06) sensor_read sensor="power" seq=225 value=4.425116390461409 drift_us=877 jitter_us=235 latency_us=0 elapsed_us=45203413
2026-03-25T15:42:38.998244Z  WARN ThreadId(24) JITTER EXCEEDED 1ms limit sensor="thermal" jitter_us=1601 consecutive_miss=1 limit_us=1000 elapsed_us=45203394
2026-03-25T15:42:38.998264Z  INFO ThreadId(24) sensor_read sensor="thermal" seq=451 value=23.838601908127515 drift_us=868 jitter_us=1601 latency_us=1 elapsed_us=45203394
2026-03-25T15:42:39.049255Z  INFO ThreadId(06) downlink_tx: sent tx_log_seq=766 sensor=Power sensor_seq=225 queue_latency_us=50991 elapsed_us=45254305
2026-03-25T15:42:39.049282Z  INFO ThreadId(06) downlink_tx: sent tx_log_seq=767 sensor=Thermal sensor_seq=451 queue_latency_us=51019 elapsed_us=45254305
2026-03-25T15:42:39.098067Z  INFO ThreadId(24) Task dispatched task="ThermalControl" drift_us=642
2026-03-25T15:42:39.098116Z  WARN ThreadId(02) JITTER EXCEEDED 1ms limit sensor="thermal" jitter_us=1034 consecutive_miss=2 limit_us=1000 elapsed_us=45303268
2026-03-25T15:42:39.098141Z  INFO ThreadId(02) sensor_read sensor="thermal" seq=452 value=37.71795034114796 drift_us=742 jitter_us=1034 latency_us=1 elapsed_us=45303268
2026-03-25T15:42:39.149639Z  INFO ThreadId(02) downlink_tx: sent tx_log_seq=768 sensor=Thermal sensor_seq=452 queue_latency_us=51488 elapsed_us=45354688
2026-03-25T15:42:39.198634Z  INFO ThreadId(24) Task dispatched task="ThermalControl" drift_us=1206
2026-03-25T15:42:39.198652Z ERROR ThreadId(02) JITTER LIMIT VIOLATED (>1ms) sensor="power" jitter_us=1072
2026-03-25T15:42:39.198652Z  INFO ThreadId(21) sensor_read sensor="thermal" seq=453 value=37.971779363359545 drift_us=1271 jitter_us=655 latency_us=0 elapsed_us=45403797
2026-03-25T15:42:39.198668Z  INFO ThreadId(02) sensor_read sensor="power" seq=226 value=0.6119645814749125 drift_us=1274 jitter_us=1072 latency_us=0 elapsed_us=45403810
2026-03-25T15:42:39.198783Z  INFO ThreadId(24) downlink_tx: sent tx_log_seq=769 sensor=Power sensor_seq=226 queue_latency_us=135 elapsed_us=45403830
2026-03-25T15:42:39.198806Z  INFO ThreadId(24) downlink_tx: sent tx_log_seq=770 sensor=Thermal sensor_seq=453 queue_latency_us=171 elapsed_us=45403830
2026-03-25T15:42:39.298169Z  INFO ThreadId(24) Task dispatched task="ThermalControl" drift_us=744
2026-03-25T15:42:39.298177Z  INFO ThreadId(21) sensor_read sensor="thermal" seq=454 value=22.116030074286588 drift_us=808 jitter_us=992 latency_us=0 elapsed_us=45503334
2026-03-25T15:42:39.298188Z ERROR ThreadId(22) JITTER LIMIT VIOLATED (>1ms) sensor="imu" jitter_us=1152
2026-03-25T15:42:39.298197Z  INFO ThreadId(22) sensor_read sensor="imu" seq=90 value=-0.009528354260509048 drift_us=808 jitter_us=1152 latency_us=0 elapsed_us=45503348
2026-03-25T15:42:39.298289Z  INFO ThreadId(21) downlink_tx: sent tx_log_seq=771 sensor=Imu sensor_seq=90 queue_latency_us=104 elapsed_us=45503356
2026-03-25T15:42:39.298304Z  INFO ThreadId(21) downlink_tx: sent tx_log_seq=772 sensor=Thermal sensor_seq=454 queue_latency_us=134 elapsed_us=45503356
2026-03-25T15:42:39.304560Z  INFO ThreadId(24) Task dispatched task="DataCompress" drift_us=7139
2026-03-25T15:42:39.398194Z  INFO ThreadId(21) Task dispatched task="ThermalControl" drift_us=770
2026-03-25T15:42:39.398232Z  INFO ThreadId(24) sensor_read sensor="thermal" seq=455 value=60.81874398513805 drift_us=853 jitter_us=508 latency_us=1 elapsed_us=45603379
2026-03-25T15:42:39.398257Z  INFO ThreadId(02) sensor_read sensor="power" seq=227 value=2.670361173338939 drift_us=875 jitter_us=796 latency_us=0 elapsed_us=45603411
2026-03-25T15:42:39.398315Z  INFO ThreadId(06) downlink_tx: sent tx_log_seq=773 sensor=Thermal sensor_seq=455 queue_latency_us=93 elapsed_us=45603388
2026-03-25T15:42:39.398334Z  INFO ThreadId(06) downlink_tx: sent tx_log_seq=774 sensor=Power sensor_seq=227 queue_latency_us=86 elapsed_us=45603388
2026-03-25T15:42:39.498084Z  INFO ThreadId(06) Task dispatched task="ThermalControl" drift_us=659
2026-03-25T15:42:39.498109Z  INFO ThreadId(06) sensor_read sensor="thermal" seq=456 value=34.361207907708874 drift_us=745 jitter_us=153 latency_us=0 elapsed_us=45703271
2026-03-25T15:42:39.548404Z  INFO ThreadId(02) downlink_tx: sent tx_log_seq=775 sensor=Thermal sensor_seq=456 queue_latency_us=50283 elapsed_us=45753453
2026-03-25T15:42:39.598459Z  INFO ThreadId(24) Task dispatched task="ThermalControl" drift_us=1035
2026-03-25T15:42:39.598466Z  INFO ThreadId(02) sensor_read sensor="thermal" seq=457 value=34.54122683303449 drift_us=1097 jitter_us=460 latency_us=0 elapsed_us=45803623
2026-03-25T15:42:39.598560Z  INFO ThreadId(24) downlink_tx: sent tx_log_seq=776 sensor=Thermal sensor_seq=457 queue_latency_us=99 elapsed_us=45803647
2026-03-25T15:42:39.598565Z  INFO ThreadId(24) sensor_read sensor="power" seq=228 value=0.7607655359645294 drift_us=1112 jitter_us=636 latency_us=0 elapsed_us=45803648
2026-03-25T15:42:39.598583Z  INFO ThreadId(24) downlink_tx: sent tx_log_seq=777 sensor=Power sensor_seq=228 queue_latency_us=100 elapsed_us=45803647
2026-03-25T15:42:39.698953Z  INFO ThreadId(02) Task dispatched task="ThermalControl" drift_us=1528
2026-03-25T15:42:39.698958Z  INFO ThreadId(22) sensor_read sensor="thermal" seq=458 value=46.2415714917994 drift_us=1591 jitter_us=142 latency_us=0 elapsed_us=45904117
2026-03-25T15:42:39.699068Z  INFO ThreadId(24) downlink_tx: sent tx_log_seq=778 sensor=Thermal sensor_seq=458 queue_latency_us=110 elapsed_us=45904130
2026-03-25T15:42:39.799378Z  INFO ThreadId(24) Task dispatched task="ThermalControl" drift_us=1952
2026-03-25T15:42:39.799385Z  INFO ThreadId(22) sensor_read sensor="power" seq=229 value=1.6183259924284197 drift_us=2004 jitter_us=655 latency_us=0 elapsed_us=46004540
2026-03-25T15:42:39.799407Z ERROR ThreadId(22) JITTER LIMIT VIOLATED (>1ms) sensor="imu" jitter_us=1991
2026-03-25T15:42:39.799407Z  INFO ThreadId(24) sensor_read sensor="thermal" seq=459 value=72.2568177659845 drift_us=2044 jitter_us=41 latency_us=0 elapsed_us=46004570
2026-03-25T15:42:39.799410Z  INFO ThreadId(22) sensor_read sensor="imu" seq=91 value=-0.06825815386397811 drift_us=2031 jitter_us=1991 latency_us=0 elapsed_us=46004571
2026-03-25T15:42:39.799556Z  INFO ThreadId(06) downlink_tx: sent tx_log_seq=779 sensor=Imu sensor_seq=91 queue_latency_us=135 elapsed_us=46004583
2026-03-25T15:42:39.799588Z  INFO ThreadId(06) downlink_tx: sent tx_log_seq=780 sensor=Power sensor_seq=229 queue_latency_us=210 elapsed_us=46004583
2026-03-25T15:42:39.799603Z  INFO ThreadId(06) downlink_tx: sent tx_log_seq=781 sensor=Thermal sensor_seq=459 queue_latency_us=196 elapsed_us=46004583
2026-03-25T15:42:39.805678Z  INFO ThreadId(24) Task dispatched task="DataCompress" drift_us=8259
2026-03-25T15:42:39.827401Z  INFO ThreadId(24) Task dispatched task="HealthMonitor" drift_us=29977
2026-03-25T15:42:39.898149Z  WARN ThreadId(06) JITTER EXCEEDED 1ms limit sensor="thermal" jitter_us=1714 consecutive_miss=1 limit_us=1000 elapsed_us=46103309
2026-03-25T15:42:39.898145Z  INFO ThreadId(24) Task dispatched task="ThermalControl" drift_us=720
2026-03-25T15:42:39.898165Z  INFO ThreadId(06) sensor_read sensor="thermal" seq=460 value=25.487755575435912 drift_us=783 jitter_us=1714 latency_us=0 elapsed_us=46103309
2026-03-25T15:42:39.948298Z  INFO ThreadId(02) downlink_tx: sent tx_log_seq=782 sensor=Thermal sensor_seq=460 queue_latency_us=50119 elapsed_us=46153343
2026-03-25T15:42:39.998966Z  INFO ThreadId(06) Task dispatched task="ThermalControl" drift_us=1541
2026-03-25T15:42:39.998971Z  WARN ThreadId(02) JITTER EXCEEDED 1ms limit sensor="thermal" jitter_us=2080 consecutive_miss=2 limit_us=1000 elapsed_us=46204128
2026-03-25T15:42:39.998985Z  INFO ThreadId(02) sensor_read sensor="thermal" seq=461 value=68.00407038887198 drift_us=1602 jitter_us=2080 latency_us=1 elapsed_us=46204128
2026-03-25T15:42:39.999036Z ERROR ThreadId(24) JITTER LIMIT VIOLATED (>1ms) sensor="power" jitter_us=1255
2026-03-25T15:42:39.999052Z  INFO ThreadId(06) downlink_tx: sent tx_log_seq=783 sensor=Thermal sensor_seq=461 queue_latency_us=65 elapsed_us=46204151
2026-03-25T15:42:39.999052Z  INFO ThreadId(24) sensor_read sensor="power" seq=230 value=4.964426281692227 drift_us=1641 jitter_us=1255 latency_us=0 elapsed_us=46204177
2026-03-25T15:42:39.999063Z  INFO ThreadId(06) downlink_tx: sent tx_log_seq=784 sensor=Power sensor_seq=230 queue_latency_us=49 elapsed_us=46204151
2026-03-25T15:42:40.099207Z  INFO ThreadId(24) Task dispatched task="ThermalControl" drift_us=1783
2026-03-25T15:42:40.099232Z  INFO ThreadId(24) sensor_read sensor="thermal" seq=462 value=65.51100436648332 drift_us=1868 jitter_us=553 latency_us=1 elapsed_us=46304394
2026-03-25T15:42:40.149239Z  INFO ThreadId(21) downlink_tx: sent tx_log_seq=785 sensor=Thermal sensor_seq=462 queue_latency_us=49994 elapsed_us=46354289
2026-03-25T15:42:40.198608Z  INFO ThreadId(24) Task dispatched task="ThermalControl" drift_us=1184
2026-03-25T15:42:40.198641Z  INFO ThreadId(21) sensor_read sensor="thermal" seq=463 value=62.501522841775554 drift_us=1261 jitter_us=873 latency_us=0 elapsed_us=46403787
2026-03-25T15:42:40.198648Z  INFO ThreadId(06) sensor_read sensor="power" seq=231 value=0.5893681183354318 drift_us=1270 jitter_us=8 latency_us=0 elapsed_us=46403806
2026-03-25T15:42:40.198729Z  INFO ThreadId(02) downlink_tx: sent tx_log_seq=786 sensor=Power sensor_seq=231 queue_latency_us=81 elapsed_us=46403820
2026-03-25T15:42:40.198744Z  INFO ThreadId(02) downlink_tx: sent tx_log_seq=787 sensor=Thermal sensor_seq=463 queue_latency_us=119 elapsed_us=46403820
2026-03-25T15:42:40.298540Z  INFO ThreadId(02) Task dispatched task="ThermalControl" drift_us=1113
2026-03-25T15:42:40.298583Z  INFO ThreadId(06) sensor_read sensor="thermal" seq=464 value=28.898605666100185 drift_us=1204 jitter_us=550 latency_us=0 elapsed_us=46503730
2026-03-25T15:42:40.298605Z ERROR ThreadId(21) JITTER LIMIT VIOLATED (>1ms) sensor="imu" jitter_us=2029
2026-03-25T15:42:40.298611Z  INFO ThreadId(21) sensor_read sensor="imu" seq=92 value=0.05793053574775353 drift_us=1225 jitter_us=2029 latency_us=0 elapsed_us=46503765
2026-03-25T15:42:40.298711Z  INFO ThreadId(22) downlink_tx: sent tx_log_seq=788 sensor=Thermal sensor_seq=464 queue_latency_us=137 elapsed_us=46503748
2026-03-25T15:42:40.298742Z  INFO ThreadId(22) downlink_tx: sent tx_log_seq=789 sensor=Imu sensor_seq=92 queue_latency_us=139 elapsed_us=46503748
2026-03-25T15:42:40.304963Z  INFO ThreadId(24) Task dispatched task="DataCompress" drift_us=7535
2026-03-25T15:42:40.398200Z  INFO ThreadId(22) Task dispatched task="ThermalControl" drift_us=776
2026-03-25T15:42:40.398209Z  INFO ThreadId(24) sensor_read sensor="thermal" seq=465 value=34.95886762331985 drift_us=840 jitter_us=307 latency_us=0 elapsed_us=46603366
2026-03-25T15:42:40.398225Z  INFO ThreadId(24) sensor_read sensor="power" seq=232 value=2.1444359098542254 drift_us=853 jitter_us=46 latency_us=0 elapsed_us=46603389
2026-03-25T15:42:40.398296Z  INFO ThreadId(22) downlink_tx: sent tx_log_seq=790 sensor=Thermal sensor_seq=465 queue_latency_us=93 elapsed_us=46603387
2026-03-25T15:42:40.398311Z  INFO ThreadId(22) downlink_tx: sent tx_log_seq=791 sensor=Power sensor_seq=232 queue_latency_us=86 elapsed_us=46603387
2026-03-25T15:42:40.498700Z  INFO ThreadId(22) Task dispatched task="ThermalControl" drift_us=1271
2026-03-25T15:42:40.498737Z  INFO ThreadId(22) sensor_read sensor="thermal" seq=466 value=77.17251950309479 drift_us=1372 jitter_us=896 latency_us=0 elapsed_us=46703898
2026-03-25T15:42:40.548640Z  INFO ThreadId(06) downlink_tx: sent tx_log_seq=792 sensor=Thermal sensor_seq=466 queue_latency_us=49891 elapsed_us=46753684
2026-03-25T15:42:40.599491Z  INFO ThreadId(22) Task dispatched task="ThermalControl" drift_us=2067
2026-03-25T15:42:40.599500Z  INFO ThreadId(06) sensor_read sensor="thermal" seq=467 value=76.80504522271448 drift_us=2130 jitter_us=226 latency_us=0 elapsed_us=46804656
2026-03-25T15:42:40.599510Z ERROR ThreadId(21) JITTER LIMIT VIOLATED (>1ms) sensor="power" jitter_us=1696
2026-03-25T15:42:40.599516Z  INFO ThreadId(21) sensor_read sensor="power" seq=233 value=3.2583634497137695 drift_us=2132 jitter_us=1696 latency_us=0 elapsed_us=46804668
2026-03-25T15:42:40.599663Z  INFO ThreadId(24) downlink_tx: sent tx_log_seq=793 sensor=Power sensor_seq=233 queue_latency_us=145 elapsed_us=46804680
2026-03-25T15:42:40.599700Z  INFO ThreadId(24) downlink_tx: sent tx_log_seq=794 sensor=Thermal sensor_seq=467 queue_latency_us=207 elapsed_us=46804680
2026-03-25T15:42:40.698411Z  INFO ThreadId(24) Task dispatched task="ThermalControl" drift_us=986
2026-03-25T15:42:40.698441Z  WARN ThreadId(21) JITTER EXCEEDED 1ms limit sensor="thermal" jitter_us=1813 consecutive_miss=1 limit_us=1000 elapsed_us=46903601
2026-03-25T15:42:40.698450Z  INFO ThreadId(21) sensor_read sensor="thermal" seq=468 value=31.36206864094449 drift_us=1075 jitter_us=1813 latency_us=0 elapsed_us=46903601
2026-03-25T15:42:40.748684Z  INFO ThreadId(24) downlink_tx: sent tx_log_seq=795 sensor=Thermal sensor_seq=468 queue_latency_us=50222 elapsed_us=46953729
2026-03-25T15:42:40.798903Z  INFO ThreadId(21) Task dispatched task="ThermalControl" drift_us=1479
2026-03-25T15:42:40.798914Z ERROR ThreadId(24) JITTER LIMIT VIOLATED (>1ms) sensor="power" jitter_us=1877
2026-03-25T15:42:40.798920Z  INFO ThreadId(24) sensor_read sensor="power" seq=234 value=3.3641866445419204 drift_us=1534 jitter_us=1877 latency_us=0 elapsed_us=47004070
2026-03-25T15:42:40.798933Z ERROR ThreadId(24) JITTER LIMIT VIOLATED (>1ms) sensor="imu" jitter_us=1138
2026-03-25T15:42:40.798934Z  INFO ThreadId(24) sensor_read sensor="imu" seq=93 value=0.01942750892817542 drift_us=1557 jitter_us=1138 latency_us=0 elapsed_us=47004097
2026-03-25T15:42:40.798970Z  WARN ThreadId(22) JITTER EXCEEDED 1ms limit sensor="thermal" jitter_us=1568 consecutive_miss=2 limit_us=1000 elapsed_us=47004114
2026-03-25T15:42:40.798990Z  INFO ThreadId(22) sensor_read sensor="thermal" seq=469 value=20.436119320803655 drift_us=1588 jitter_us=1568 latency_us=0 elapsed_us=47004114
2026-03-25T15:42:40.799001Z  INFO ThreadId(21) downlink_tx: sent tx_log_seq=796 sensor=Power sensor_seq=234 queue_latency_us=94 elapsed_us=47004091
2026-03-25T15:42:40.799015Z  INFO ThreadId(21) downlink_tx: sent tx_log_seq=797 sensor=Imu sensor_seq=93 queue_latency_us=81 elapsed_us=47004091
2026-03-25T15:42:40.799025Z  INFO ThreadId(21) downlink_tx: sent tx_log_seq=798 sensor=Thermal sensor_seq=469 queue_latency_us=37 elapsed_us=47004091
2026-03-25T15:42:40.805245Z  INFO ThreadId(24) Task dispatched task="DataCompress" drift_us=7825
2026-03-25T15:42:40.826824Z  INFO ThreadId(24) Task dispatched task="HealthMonitor" drift_us=29400
2026-03-25T15:42:40.899421Z  INFO ThreadId(24) Task dispatched task="ThermalControl" drift_us=1996
2026-03-25T15:42:40.899428Z  INFO ThreadId(21) sensor_read sensor="thermal" seq=470 value=64.17832388307842 drift_us=2061 jitter_us=40 latency_us=0 elapsed_us=47104587
2026-03-25T15:42:40.899545Z  INFO ThreadId(21) downlink_tx: sent tx_log_seq=799 sensor=Thermal sensor_seq=470 queue_latency_us=119 elapsed_us=47104612
2026-03-25T15:42:40.999257Z  INFO ThreadId(24) Task dispatched task="ThermalControl" drift_us=1832
2026-03-25T15:42:40.999260Z  INFO ThreadId(21) sensor_read sensor="thermal" seq=471 value=21.255090747047678 drift_us=1891 jitter_us=643 latency_us=0 elapsed_us=47204417
2026-03-25T15:42:40.999359Z ERROR ThreadId(02) JITTER LIMIT VIOLATED (>1ms) sensor="power" jitter_us=1027
2026-03-25T15:42:40.999379Z  INFO ThreadId(24) downlink_tx: sent tx_log_seq=800 sensor=Thermal sensor_seq=471 queue_latency_us=122 elapsed_us=47204461
2026-03-25T15:42:40.999380Z  INFO ThreadId(02) sensor_read sensor="power" seq=235 value=1.0340032111724922 drift_us=1963 jitter_us=1027 latency_us=0 elapsed_us=47204499
2026-03-25T15:42:40.999394Z  INFO ThreadId(24) downlink_tx: sent tx_log_seq=801 sensor=Power sensor_seq=235 queue_latency_us=57 elapsed_us=47204461
2026-03-25T15:42:41.099458Z  INFO ThreadId(22) Task dispatched task="ThermalControl" drift_us=2029
2026-03-25T15:42:41.099494Z  INFO ThreadId(22) sensor_read sensor="thermal" seq=472 value=56.157122653358144 drift_us=2130 jitter_us=409 latency_us=0 elapsed_us=47304656
2026-03-25T15:42:41.149071Z  INFO ThreadId(02) downlink_tx: sent tx_log_seq=802 sensor=Thermal sensor_seq=472 queue_latency_us=49561 elapsed_us=47354073
2026-03-25T15:42:41.199428Z  INFO ThreadId(22) Task dispatched task="ThermalControl" drift_us=2002
2026-03-25T15:42:41.199434Z  INFO ThreadId(02) sensor_read sensor="thermal" seq=473 value=61.284976669697684 drift_us=2064 jitter_us=305 latency_us=0 elapsed_us=47404590
2026-03-25T15:42:41.199446Z  INFO ThreadId(21) sensor_read sensor="power" seq=236 value=4.413746229290505 drift_us=2071 jitter_us=321 latency_us=0 elapsed_us=47404607
2026-03-25T15:42:41.199527Z  INFO ThreadId(02) downlink_tx: sent tx_log_seq=803 sensor=Power sensor_seq=236 queue_latency_us=83 elapsed_us=47404623
2026-03-25T15:42:41.199542Z  INFO ThreadId(02) downlink_tx: sent tx_log_seq=804 sensor=Thermal sensor_seq=473 queue_latency_us=115 elapsed_us=47404623
2026-03-25T15:42:41.299143Z  INFO ThreadId(21) Task dispatched task="ThermalControl" drift_us=1718
2026-03-25T15:42:41.299154Z  INFO ThreadId(02) sensor_read sensor="thermal" seq=474 value=75.26027904855923 drift_us=1783 jitter_us=215 latency_us=0 elapsed_us=47504309
2026-03-25T15:42:41.299176Z  INFO ThreadId(02) sensor_read sensor="imu" seq=94 value=0.02999534081145247 drift_us=1799 jitter_us=90 latency_us=0 elapsed_us=47504339
2026-03-25T15:42:41.299253Z  INFO ThreadId(21) downlink_tx: sent tx_log_seq=805 sensor=Thermal sensor_seq=474 queue_latency_us=105 elapsed_us=47504332
2026-03-25T15:42:41.299268Z  INFO ThreadId(21) downlink_tx: sent tx_log_seq=806 sensor=Imu sensor_seq=94 queue_latency_us=92 elapsed_us=47504332
2026-03-25T15:42:41.305185Z  INFO ThreadId(02) Task dispatched task="DataCompress" drift_us=7767
2026-03-25T15:42:41.398597Z  INFO ThreadId(02) Task dispatched task="ThermalControl" drift_us=1171
2026-03-25T15:42:41.398604Z  INFO ThreadId(21) sensor_read sensor="thermal" seq=475 value=50.54324097723999 drift_us=1233 jitter_us=269 latency_us=0 elapsed_us=47603759
2026-03-25T15:42:41.398620Z  INFO ThreadId(22) sensor_read sensor="power" seq=237 value=3.801015455966177 drift_us=1241 jitter_us=938 latency_us=0 elapsed_us=47603777
2026-03-25T15:42:41.398745Z  INFO ThreadId(21) downlink_tx: sent tx_log_seq=807 sensor=Power sensor_seq=237 queue_latency_us=129 elapsed_us=47603792
2026-03-25T15:42:41.398764Z  INFO ThreadId(21) downlink_tx: sent tx_log_seq=808 sensor=Thermal sensor_seq=475 queue_latency_us=167 elapsed_us=47603792
2026-03-25T15:42:41.499218Z  WARN ThreadId(21) JITTER EXCEEDED 1ms limit sensor="thermal" jitter_us=1169 consecutive_miss=1 limit_us=1000 elapsed_us=47704378
2026-03-25T15:42:41.499213Z  INFO ThreadId(22) Task dispatched task="ThermalControl" drift_us=1788
2026-03-25T15:42:41.499233Z  INFO ThreadId(21) sensor_read sensor="thermal" seq=476 value=73.44027047274139 drift_us=1852 jitter_us=1169 latency_us=0 elapsed_us=47704378
2026-03-25T15:42:41.499387Z  INFO ThreadId(24) downlink_tx: sent tx_log_seq=809 sensor=Thermal sensor_seq=476 queue_latency_us=142 elapsed_us=47704409
2026-03-25T15:42:41.598245Z  INFO ThreadId(24) Task dispatched task="ThermalControl" drift_us=820
2026-03-25T15:42:41.598250Z  WARN ThreadId(21) JITTER EXCEEDED 1ms limit sensor="thermal" jitter_us=1589 consecutive_miss=2 limit_us=1000 elapsed_us=47803408
2026-03-25T15:42:41.598264Z  INFO ThreadId(21) sensor_read sensor="thermal" seq=477 value=67.54337593811155 drift_us=882 jitter_us=1589 latency_us=0 elapsed_us=47803408
2026-03-25T15:42:41.598277Z  INFO ThreadId(22) sensor_read sensor="power" seq=238 value=4.467031927546902 drift_us=901 jitter_us=490 latency_us=0 elapsed_us=47803437
2026-03-25T15:42:41.598359Z  INFO ThreadId(24) downlink_tx: sent tx_log_seq=810 sensor=Thermal sensor_seq=477 queue_latency_us=95 elapsed_us=47803429
2026-03-25T15:42:41.598374Z  INFO ThreadId(24) downlink_tx: sent tx_log_seq=811 sensor=Power sensor_seq=238 queue_latency_us=100 elapsed_us=47803429
2026-03-25T15:42:41.698688Z  INFO ThreadId(24) Task dispatched task="ThermalControl" drift_us=1263
2026-03-25T15:42:41.698721Z  WARN ThreadId(22) JITTER EXCEEDED 1ms limit sensor="thermal" jitter_us=1443 consecutive_miss=3 limit_us=1000 elapsed_us=47903881
2026-03-25T15:42:41.698730Z  INFO ThreadId(22) sensor_read sensor="thermal" seq=478 value=71.33429315411067 drift_us=1355 jitter_us=1443 latency_us=0 elapsed_us=47903881
2026-03-25T15:42:41.748995Z  INFO ThreadId(22) downlink_tx: sent tx_log_seq=812 sensor=Thermal sensor_seq=478 queue_latency_us=50253 elapsed_us=47954043
2026-03-25T15:42:41.799362Z  INFO ThreadId(24) Task dispatched task="ThermalControl" drift_us=1937
2026-03-25T15:42:41.799391Z  INFO ThreadId(24) sensor_read sensor="thermal" seq=479 value=31.360253269799895 drift_us=2026 jitter_us=198 latency_us=0 elapsed_us=48004552
2026-03-25T15:42:41.799403Z  INFO ThreadId(22) sensor_read sensor="imu" seq=95 value=0.023040785503464806 drift_us=2023 jitter_us=18 latency_us=0 elapsed_us=48004563
2026-03-25T15:42:41.799405Z ERROR ThreadId(06) JITTER LIMIT VIOLATED (>1ms) sensor="power" jitter_us=1449
2026-03-25T15:42:41.799421Z  INFO ThreadId(06) sensor_read sensor="power" seq=239 value=4.494399258059031 drift_us=2010 jitter_us=1449 latency_us=1 elapsed_us=48004546
2026-03-25T15:42:41.799545Z  INFO ThreadId(21) downlink_tx: sent tx_log_seq=813 sensor=Imu sensor_seq=95 queue_latency_us=137 elapsed_us=48004581
2026-03-25T15:42:41.799573Z  INFO ThreadId(21) downlink_tx: sent tx_log_seq=814 sensor=Power sensor_seq=239 queue_latency_us=189 elapsed_us=48004581
2026-03-25T15:42:41.799587Z  INFO ThreadId(21) downlink_tx: sent tx_log_seq=815 sensor=Thermal sensor_seq=479 queue_latency_us=197 elapsed_us=48004581
2026-03-25T15:42:41.805977Z  INFO ThreadId(24) Task dispatched task="DataCompress" drift_us=8562
2026-03-25T15:42:41.827646Z  INFO ThreadId(24) Task dispatched task="HealthMonitor" drift_us=30221
2026-03-25T15:42:41.899388Z  INFO ThreadId(24) Task dispatched task="ThermalControl" drift_us=1964
2026-03-25T15:42:41.899426Z  INFO ThreadId(24) sensor_read sensor="thermal" seq=480 value=33.59739161433856 drift_us=2062 jitter_us=635 latency_us=0 elapsed_us=48104588
2026-03-25T15:42:41.949047Z  INFO ThreadId(02) downlink_tx: sent tx_log_seq=816 sensor=Thermal sensor_seq=480 queue_latency_us=49609 elapsed_us=48154086
2026-03-25T15:42:41.999163Z  INFO ThreadId(24) Task dispatched task="ThermalControl" drift_us=1737
2026-03-25T15:42:41.999166Z  INFO ThreadId(02) sensor_read sensor="thermal" seq=481 value=22.70701208716559 drift_us=1797 jitter_us=301 latency_us=1 elapsed_us=48204323
2026-03-25T15:42:41.999186Z ERROR ThreadId(24) JITTER LIMIT VIOLATED (>1ms) sensor="power" jitter_us=1305
2026-03-25T15:42:41.999188Z  INFO ThreadId(24) sensor_read sensor="power" seq=240 value=3.596697040058885 drift_us=1814 jitter_us=1305 latency_us=0 elapsed_us=48204350
2026-03-25T15:42:41.999304Z  INFO ThreadId(22) downlink_tx: sent tx_log_seq=817 sensor=Power sensor_seq=240 queue_latency_us=109 elapsed_us=48204352
2026-03-25T15:42:41.999348Z  INFO ThreadId(22) downlink_tx: sent tx_log_seq=818 sensor=Thermal sensor_seq=481 queue_latency_us=186 elapsed_us=48204352
2026-03-25T15:42:42.099052Z  INFO ThreadId(22) Task dispatched task="ThermalControl" drift_us=1628
2026-03-25T15:42:42.099077Z  INFO ThreadId(22) sensor_read sensor="thermal" seq=482 value=44.869428983807225 drift_us=1713 jitter_us=181 latency_us=0 elapsed_us=48304239
2026-03-25T15:42:42.099182Z  INFO ThreadId(06) downlink_tx: sent tx_log_seq=819 sensor=Thermal sensor_seq=482 queue_latency_us=100 elapsed_us=48304254
2026-03-25T15:42:42.199211Z  INFO ThreadId(22) Task dispatched task="ThermalControl" drift_us=1785
2026-03-25T15:42:42.199218Z  INFO ThreadId(06) sensor_read sensor="thermal" seq=483 value=20.7368820400812 drift_us=1848 jitter_us=219 latency_us=0 elapsed_us=48404374
2026-03-25T15:42:42.199256Z  INFO ThreadId(24) sensor_read sensor="power" seq=241 value=1.8855059160451728 drift_us=1868 jitter_us=250 latency_us=0 elapsed_us=48404404
2026-03-25T15:42:42.199326Z  INFO ThreadId(06) downlink_tx: sent tx_log_seq=820 sensor=Thermal sensor_seq=483 queue_latency_us=113 elapsed_us=48404403
2026-03-25T15:42:42.199341Z  INFO ThreadId(06) downlink_tx: sent tx_log_seq=821 sensor=Power sensor_seq=241 queue_latency_us=100 elapsed_us=48404403
2026-03-25T15:42:42.298473Z  INFO ThreadId(06) Task dispatched task="ThermalControl" drift_us=1048
2026-03-25T15:42:42.298482Z  INFO ThreadId(02) sensor_read sensor="thermal" seq=484 value=70.81921055656582 drift_us=1112 jitter_us=871 latency_us=0 elapsed_us=48503638
2026-03-25T15:42:42.298496Z ERROR ThreadId(02) JITTER LIMIT VIOLATED (>1ms) sensor="imu" jitter_us=1126
2026-03-25T15:42:42.298499Z  INFO ThreadId(02) sensor_read sensor="imu" seq=96 value=0.025811234270447514 drift_us=1121 jitter_us=1126 latency_us=0 elapsed_us=48503661
2026-03-25T15:42:42.298551Z  INFO ThreadId(06) downlink_tx: sent tx_log_seq=822 sensor=Imu sensor_seq=96 queue_latency_us=53 elapsed_us=48503661
2026-03-25T15:42:42.298563Z  INFO ThreadId(06) downlink_tx: sent tx_log_seq=823 sensor=Thermal sensor_seq=484 queue_latency_us=89 elapsed_us=48503661
2026-03-25T15:42:42.304510Z  INFO ThreadId(22) Task dispatched task="DataCompress" drift_us=7084
2026-03-25T15:42:42.399465Z  INFO ThreadId(06) Task dispatched task="ThermalControl" drift_us=2040
2026-03-25T15:42:42.399495Z  WARN ThreadId(22) JITTER EXCEEDED 1ms limit sensor="thermal" jitter_us=1749 consecutive_miss=1 limit_us=1000 elapsed_us=48604651
2026-03-25T15:42:42.399515Z  INFO ThreadId(22) sensor_read sensor="thermal" seq=485 value=35.34988520580921 drift_us=2125 jitter_us=1749 latency_us=0 elapsed_us=48604651
2026-03-25T15:42:42.399552Z  INFO ThreadId(24) sensor_read sensor="power" seq=242 value=4.08968969967621 drift_us=2162 jitter_us=240 latency_us=0 elapsed_us=48604698
2026-03-25T15:42:42.399655Z  INFO ThreadId(02) downlink_tx: sent tx_log_seq=824 sensor=Thermal sensor_seq=485 queue_latency_us=136 elapsed_us=48604678
2026-03-25T15:42:42.399685Z  INFO ThreadId(02) downlink_tx: sent tx_log_seq=825 sensor=Power sensor_seq=242 queue_latency_us=149 elapsed_us=48604678
2026-03-25T15:42:42.499360Z  INFO ThreadId(02) Task dispatched task="ThermalControl" drift_us=1937
2026-03-25T15:42:42.499384Z  WARN ThreadId(02) JITTER EXCEEDED 1ms limit sensor="thermal" jitter_us=1116 consecutive_miss=2 limit_us=1000 elapsed_us=48704548
2026-03-25T15:42:42.499389Z  INFO ThreadId(02) sensor_read sensor="thermal" seq=486 value=43.63346846968369 drift_us=2022 jitter_us=1116 latency_us=0 elapsed_us=48704548
2026-03-25T15:42:42.499514Z  INFO ThreadId(24) downlink_tx: sent tx_log_seq=826 sensor=Thermal sensor_seq=486 queue_latency_us=115 elapsed_us=48704561
2026-03-25T15:42:42.598586Z  INFO ThreadId(24) Task dispatched task="ThermalControl" drift_us=1160
2026-03-25T15:42:42.598626Z  INFO ThreadId(02) sensor_read sensor="thermal" seq=487 value=73.5292572362613 drift_us=1246 jitter_us=673 latency_us=1 elapsed_us=48803772
2026-03-25T15:42:42.598652Z ERROR ThreadId(21) JITTER LIMIT VIOLATED (>1ms) sensor="power" jitter_us=1187
2026-03-25T15:42:42.598663Z  INFO ThreadId(21) sensor_read sensor="power" seq=243 value=1.2231368831097094 drift_us=1269 jitter_us=1187 latency_us=0 elapsed_us=48803805
2026-03-25T15:42:42.598708Z  INFO ThreadId(22) downlink_tx: sent tx_log_seq=827 sensor=Thermal sensor_seq=487 queue_latency_us=93 elapsed_us=48803787
2026-03-25T15:42:42.598727Z  INFO ThreadId(22) downlink_tx: sent tx_log_seq=828 sensor=Power sensor_seq=243 queue_latency_us=85 elapsed_us=48803787
2026-03-25T15:42:42.699244Z  INFO ThreadId(21) Task dispatched task="ThermalControl" drift_us=1820
2026-03-25T15:42:42.699249Z  WARN ThreadId(22) JITTER EXCEEDED 1ms limit sensor="thermal" jitter_us=1413 consecutive_miss=1 limit_us=1000 elapsed_us=48904409
2026-03-25T15:42:42.699264Z  INFO ThreadId(22) sensor_read sensor="thermal" seq=488 value=32.31881187422858 drift_us=1883 jitter_us=1413 latency_us=0 elapsed_us=48904409
2026-03-25T15:42:42.699362Z  INFO ThreadId(21) downlink_tx: sent tx_log_seq=829 sensor=Thermal sensor_seq=488 queue_latency_us=98 elapsed_us=48904431
2026-03-25T15:42:42.799343Z  INFO ThreadId(21) Task dispatched task="ThermalControl" drift_us=1919
2026-03-25T15:42:42.799353Z ERROR ThreadId(22) JITTER LIMIT VIOLATED (>1ms) sensor="power" jitter_us=1597
2026-03-25T15:42:42.799360Z  INFO ThreadId(22) sensor_read sensor="power" seq=244 value=2.9398846821259568 drift_us=1973 jitter_us=1597 latency_us=0 elapsed_us=49004509
2026-03-25T15:42:42.799365Z  INFO ThreadId(21) sensor_read sensor="thermal" seq=489 value=47.847666971150616 drift_us=2003 jitter_us=517 latency_us=0 elapsed_us=49004529
2026-03-25T15:42:42.799373Z ERROR ThreadId(22) JITTER LIMIT VIOLATED (>1ms) sensor="imu" jitter_us=1779
2026-03-25T15:42:42.799375Z  INFO ThreadId(22) sensor_read sensor="imu" seq=97 value=0.03530171465898957 drift_us=1998 jitter_us=1779 latency_us=0 elapsed_us=49004538
2026-03-25T15:42:42.799462Z  INFO ThreadId(22) downlink_tx: sent tx_log_seq=830 sensor=Imu sensor_seq=97 queue_latency_us=88 elapsed_us=49004546
2026-03-25T15:42:42.799477Z  INFO ThreadId(22) downlink_tx: sent tx_log_seq=831 sensor=Power sensor_seq=244 queue_latency_us=131 elapsed_us=49004546
2026-03-25T15:42:42.799486Z  INFO ThreadId(22) downlink_tx: sent tx_log_seq=832 sensor=Thermal sensor_seq=489 queue_latency_us=121 elapsed_us=49004546
2026-03-25T15:42:42.805719Z  INFO ThreadId(06) Task dispatched task="DataCompress" drift_us=8302
2026-03-25T15:42:42.827494Z  INFO ThreadId(06) Task dispatched task="HealthMonitor" drift_us=30070
2026-03-25T15:42:42.898468Z  INFO ThreadId(06) Task dispatched task="ThermalControl" drift_us=1043
2026-03-25T15:42:42.898494Z  INFO ThreadId(06) sensor_read sensor="thermal" seq=490 value=68.59394400146853 drift_us=1130 jitter_us=993 latency_us=0 elapsed_us=49103656
2026-03-25T15:42:42.948392Z  INFO ThreadId(02) downlink_tx: sent tx_log_seq=833 sensor=Thermal sensor_seq=490 queue_latency_us=49886 elapsed_us=49153441
2026-03-25T15:42:42.998160Z  INFO ThreadId(06) Task dispatched task="ThermalControl" drift_us=736
2026-03-25T15:42:42.998168Z  INFO ThreadId(02) sensor_read sensor="thermal" seq=491 value=26.553164198317653 drift_us=799 jitter_us=542 latency_us=0 elapsed_us=49203325
2026-03-25T15:42:42.998187Z ERROR ThreadId(06) JITTER LIMIT VIOLATED (>1ms) sensor="power" jitter_us=1863
2026-03-25T15:42:42.998190Z  INFO ThreadId(06) sensor_read sensor="power" seq=245 value=1.5171753325422488 drift_us=814 jitter_us=1863 latency_us=0 elapsed_us=49203350
2026-03-25T15:42:42.998250Z  INFO ThreadId(02) downlink_tx: sent tx_log_seq=834 sensor=Power sensor_seq=245 queue_latency_us=63 elapsed_us=49203346
2026-03-25T15:42:42.998264Z  INFO ThreadId(02) downlink_tx: sent tx_log_seq=835 sensor=Thermal sensor_seq=491 queue_latency_us=103 elapsed_us=49203346
2026-03-25T15:42:43.099245Z  INFO ThreadId(02) Task dispatched task="ThermalControl" drift_us=1821
2026-03-25T15:42:43.099280Z  WARN ThreadId(22) JITTER EXCEEDED 1ms limit sensor="thermal" jitter_us=1446 consecutive_miss=1 limit_us=1000 elapsed_us=49304440
2026-03-25T15:42:43.099289Z  INFO ThreadId(22) sensor_read sensor="thermal" seq=492 value=60.42944341066307 drift_us=1914 jitter_us=1446 latency_us=0 elapsed_us=49304440
2026-03-25T15:42:43.149324Z  INFO ThreadId(02) downlink_tx: sent tx_log_seq=836 sensor=Thermal sensor_seq=492 queue_latency_us=50023 elapsed_us=49354371
2026-03-25T15:42:43.198611Z  INFO ThreadId(22) Task dispatched task="ThermalControl" drift_us=1187
2026-03-25T15:42:43.198625Z  WARN ThreadId(02) JITTER EXCEEDED 1ms limit sensor="thermal" jitter_us=1774 consecutive_miss=2 limit_us=1000 elapsed_us=49403781
2026-03-25T15:42:43.198633Z  INFO ThreadId(02) sensor_read sensor="thermal" seq=493 value=37.24478377959605 drift_us=1255 jitter_us=1774 latency_us=0 elapsed_us=49403781
2026-03-25T15:42:43.198645Z ERROR ThreadId(02) JITTER LIMIT VIOLATED (>1ms) sensor="power" jitter_us=1617
2026-03-25T15:42:43.198646Z  INFO ThreadId(02) sensor_read sensor="power" seq=246 value=2.9514417083930375 drift_us=1272 jitter_us=1617 latency_us=0 elapsed_us=49403808
2026-03-25T15:42:43.198692Z  INFO ThreadId(22) downlink_tx: sent tx_log_seq=837 sensor=Thermal sensor_seq=493 queue_latency_us=59 elapsed_us=49403798
2026-03-25T15:42:43.198705Z  INFO ThreadId(22) downlink_tx: sent tx_log_seq=838 sensor=Power sensor_seq=246 queue_latency_us=60 elapsed_us=49403798
2026-03-25T15:42:43.298520Z  INFO ThreadId(22) Task dispatched task="ThermalControl" drift_us=1096
2026-03-25T15:42:43.298526Z  INFO ThreadId(06) sensor_read sensor="thermal" seq=494 value=35.369502527813914 drift_us=1156 jitter_us=560 latency_us=0 elapsed_us=49503682
2026-03-25T15:42:43.298552Z ERROR ThreadId(06) JITTER LIMIT VIOLATED (>1ms) sensor="imu" jitter_us=1700
2026-03-25T15:42:43.298554Z  INFO ThreadId(06) sensor_read sensor="imu" seq=98 value=0.011024345207601718 drift_us=1175 jitter_us=1700 latency_us=0 elapsed_us=49503715
2026-03-25T15:42:43.298638Z  INFO ThreadId(22) downlink_tx: sent tx_log_seq=839 sensor=Thermal sensor_seq=494 queue_latency_us=118 elapsed_us=49503708
2026-03-25T15:42:43.298653Z  INFO ThreadId(22) downlink_tx: sent tx_log_seq=840 sensor=Imu sensor_seq=98 queue_latency_us=102 elapsed_us=49503708
2026-03-25T15:42:43.305407Z  INFO ThreadId(21) Task dispatched task="DataCompress" drift_us=7991
2026-03-25T15:42:43.398696Z  INFO ThreadId(22) Task dispatched task="ThermalControl" drift_us=1271
2026-03-25T15:42:43.398734Z  INFO ThreadId(21) sensor_read sensor="thermal" seq=495 value=68.34354386796457 drift_us=1350 jitter_us=293 latency_us=1 elapsed_us=49603876
2026-03-25T15:42:43.398743Z  INFO ThreadId(06) sensor_read sensor="power" seq=247 value=0.798411786815625 drift_us=1365 jitter_us=365 latency_us=0 elapsed_us=49603901
2026-03-25T15:42:43.398793Z  INFO ThreadId(22) downlink_tx: sent tx_log_seq=841 sensor=Thermal sensor_seq=495 queue_latency_us=79 elapsed_us=49603885
2026-03-25T15:42:43.398809Z  INFO ThreadId(22) downlink_tx: sent tx_log_seq=842 sensor=Power sensor_seq=247 queue_latency_us=71 elapsed_us=49603885
2026-03-25T15:42:43.498554Z  INFO ThreadId(02) Task dispatched task="ThermalControl" drift_us=1128
2026-03-25T15:42:43.498581Z  INFO ThreadId(02) sensor_read sensor="thermal" seq=496 value=54.30596902920778 drift_us=1217 jitter_us=327 latency_us=0 elapsed_us=49703743
2026-03-25T15:42:43.498737Z  INFO ThreadId(22) downlink_tx: sent tx_log_seq=843 sensor=Thermal sensor_seq=496 queue_latency_us=143 elapsed_us=49703757
2026-03-25T15:42:43.599313Z  INFO ThreadId(22) Task dispatched task="ThermalControl" drift_us=1880
2026-03-25T15:42:43.599352Z  INFO ThreadId(02) sensor_read sensor="thermal" seq=497 value=65.01535272252046 drift_us=1983 jitter_us=899 latency_us=1 elapsed_us=49804509
2026-03-25T15:42:43.599384Z  INFO ThreadId(21) sensor_read sensor="power" seq=248 value=3.842217068687914 drift_us=2003 jitter_us=545 latency_us=0 elapsed_us=49804539
2026-03-25T15:42:43.599465Z  INFO ThreadId(22) downlink_tx: sent tx_log_seq=844 sensor=Thermal sensor_seq=497 queue_latency_us=116 elapsed_us=49804525
2026-03-25T15:42:43.599505Z  INFO ThreadId(22) downlink_tx: sent tx_log_seq=845 sensor=Power sensor_seq=248 queue_latency_us=125 elapsed_us=49804525
2026-03-25T15:42:43.698489Z  INFO ThreadId(22) Task dispatched task="ThermalControl" drift_us=1064
2026-03-25T15:42:43.698525Z  WARN ThreadId(06) JITTER EXCEEDED 1ms limit sensor="thermal" jitter_us=1598 consecutive_miss=1 limit_us=1000 elapsed_us=49903677
2026-03-25T15:42:43.698544Z  INFO ThreadId(06) sensor_read sensor="thermal" seq=498 value=52.446196396499566 drift_us=1151 jitter_us=1598 latency_us=0 elapsed_us=49903677
2026-03-25T15:42:43.749078Z  INFO ThreadId(22) downlink_tx: sent tx_log_seq=846 sensor=Thermal sensor_seq=498 queue_latency_us=50518 elapsed_us=49954100
2026-03-25T15:42:43.798823Z  INFO ThreadId(06) Task dispatched task="ThermalControl" drift_us=1393
2026-03-25T15:42:43.798852Z ERROR ThreadId(22) JITTER LIMIT VIOLATED (>1ms) sensor="power" jitter_us=1178
2026-03-25T15:42:43.798869Z  INFO ThreadId(22) sensor_read sensor="power" seq=249 value=1.9059944198175511 drift_us=1463 jitter_us=1178 latency_us=0 elapsed_us=50003999
2026-03-25T15:42:43.798888Z  WARN ThreadId(21) JITTER EXCEEDED 1ms limit sensor="thermal" jitter_us=1202 consecutive_miss=2 limit_us=1000 elapsed_us=50004047
2026-03-25T15:42:43.798896Z ERROR ThreadId(22) JITTER LIMIT VIOLATED (>1ms) sensor="imu" jitter_us=1168
2026-03-25T15:42:43.798899Z  INFO ThreadId(22) sensor_read sensor="imu" seq=99 value=-0.08373184069297146 drift_us=1520 jitter_us=1168 latency_us=0 elapsed_us=50004060
2026-03-25T15:42:43.798900Z  INFO ThreadId(21) sensor_read sensor="thermal" seq=499 value=29.312658927833645 drift_us=1521 jitter_us=1202 latency_us=0 elapsed_us=50004047
2026-03-25T15:42:43.799002Z  INFO ThreadId(06) downlink_tx: sent tx_log_seq=847 sensor=Power sensor_seq=249 queue_latency_us=163 elapsed_us=50004021
2026-03-25T15:42:43.799032Z  INFO ThreadId(06) downlink_tx: sent tx_log_seq=848 sensor=Imu sensor_seq=99 queue_latency_us=135 elapsed_us=50004021
2026-03-25T15:42:43.799053Z  INFO ThreadId(06) downlink_tx: sent tx_log_seq=849 sensor=Thermal sensor_seq=499 queue_latency_us=154 elapsed_us=50004021
2026-03-25T15:42:43.805535Z  INFO ThreadId(24) Task dispatched task="DataCompress" drift_us=8119
2026-03-25T15:42:43.816260Z  INFO ThreadId(24) uplink_rx: received cmd=Heartbeat seq=22 dispatch_latency_us=0 elapsed_us=50021408
2026-03-25T15:42:43.816280Z  INFO ThreadId(24) command executed cmd=Heartbeat
2026-03-25T15:42:43.826801Z  INFO ThreadId(24) rms_scheduler CPU usage cpu_util_pct=13.998735914146954
2026-03-25T15:42:43.826824Z  INFO ThreadId(24) Task dispatched task="HealthMonitor" drift_us=29376
2026-03-25T15:42:43.898567Z  INFO ThreadId(24) Task dispatched task="ThermalControl" drift_us=1143
2026-03-25T15:42:43.898616Z  INFO ThreadId(21) sensor_read sensor="thermal" seq=500 value=24.96966318109888 drift_us=1241 jitter_us=650 latency_us=0 elapsed_us=50103767
2026-03-25T15:42:43.949981Z  INFO ThreadId(24) downlink_tx: sent tx_log_seq=850 sensor=Thermal sensor_seq=500 queue_latency_us=51364 elapsed_us=50155029
2026-03-25T15:42:43.999465Z  INFO ThreadId(21) Task dispatched task="ThermalControl" drift_us=2033
2026-03-25T15:42:43.999468Z  WARN ThreadId(24) JITTER EXCEEDED 1ms limit sensor="thermal" jitter_us=1138 consecutive_miss=1 limit_us=1000 elapsed_us=50204625
2026-03-25T15:42:43.999485Z  INFO ThreadId(24) sensor_read sensor="thermal" seq=501 value=38.98796888280062 drift_us=2099 jitter_us=1138 latency_us=0 elapsed_us=50204625
2026-03-25T15:42:43.999502Z ERROR ThreadId(24) JITTER LIMIT VIOLATED (>1ms) sensor="power" jitter_us=1205
2026-03-25T15:42:43.999504Z  INFO ThreadId(24) sensor_read sensor="power" seq=250 value=3.209059850217278 drift_us=2128 jitter_us=1205 latency_us=0 elapsed_us=50204664
2026-03-25T15:42:43.999550Z  INFO ThreadId(21) downlink_tx: sent tx_log_seq=851 sensor=Thermal sensor_seq=501 queue_latency_us=67 elapsed_us=50204651
2026-03-25T15:42:43.999561Z  INFO ThreadId(21) downlink_tx: sent tx_log_seq=852 sensor=Power sensor_seq=250 queue_latency_us=61 elapsed_us=50204651
2026-03-25T15:42:44.099296Z  INFO ThreadId(24) Task dispatched task="ThermalControl" drift_us=1871
2026-03-25T15:42:44.099379Z  INFO ThreadId(25) sensor_read sensor="thermal" seq=502 value=66.49019580944304 drift_us=1991 jitter_us=966 latency_us=0 elapsed_us=50304517
2026-03-25T15:42:44.149360Z  INFO ThreadId(24) downlink_tx: sent tx_log_seq=853 sensor=Thermal sensor_seq=502 queue_latency_us=49992 elapsed_us=50354407
2026-03-25T15:42:44.198549Z  INFO ThreadId(25) Task dispatched task="ThermalControl" drift_us=1120
2026-03-25T15:42:44.198578Z  INFO ThreadId(24) sensor_read sensor="thermal" seq=503 value=41.79147448330858 drift_us=1196 jitter_us=687 latency_us=0 elapsed_us=50403722
2026-03-25T15:42:44.198608Z ERROR ThreadId(06) JITTER LIMIT VIOLATED (>1ms) sensor="power" jitter_us=1573
2026-03-25T15:42:44.198631Z  INFO ThreadId(06) sensor_read sensor="power" seq=251 value=4.367262576292642 drift_us=1220 jitter_us=1573 latency_us=0 elapsed_us=50403756
2026-03-25T15:42:44.198707Z  INFO ThreadId(24) downlink_tx: sent tx_log_seq=854 sensor=Power sensor_seq=251 queue_latency_us=111 elapsed_us=50403773
2026-03-25T15:42:44.198735Z  INFO ThreadId(24) downlink_tx: sent tx_log_seq=855 sensor=Thermal sensor_seq=503 queue_latency_us=175 elapsed_us=50403773
2026-03-25T15:42:44.298161Z  INFO ThreadId(21) Task dispatched task="ThermalControl" drift_us=736
2026-03-25T15:42:44.298196Z  INFO ThreadId(24) sensor_read sensor="thermal" seq=504 value=75.32556948521574 drift_us=818 jitter_us=417 latency_us=0 elapsed_us=50503344
2026-03-25T15:42:44.298220Z ERROR ThreadId(25) JITTER LIMIT VIOLATED (>1ms) sensor="imu" jitter_us=1027
2026-03-25T15:42:44.298234Z  INFO ThreadId(25) sensor_read sensor="imu" seq=100 value=-0.0005480758006730646 drift_us=838 jitter_us=1027 latency_us=0 elapsed_us=50503378
2026-03-25T15:42:44.298281Z  INFO ThreadId(21) downlink_tx: sent tx_log_seq=856 sensor=Thermal sensor_seq=504 queue_latency_us=99 elapsed_us=50503352
2026-03-25T15:42:44.298296Z  INFO ThreadId(21) downlink_tx: sent tx_log_seq=857 sensor=Imu sensor_seq=100 queue_latency_us=82 elapsed_us=50503352
2026-03-25T15:42:44.304374Z  INFO ThreadId(22) Task dispatched task="DataCompress" drift_us=6952
2026-03-25T15:42:44.398301Z  INFO ThreadId(21) Task dispatched task="ThermalControl" drift_us=877
2026-03-25T15:42:44.398308Z  INFO ThreadId(22) sensor_read sensor="thermal" seq=505 value=58.4953891842973 drift_us=939 jitter_us=499 latency_us=0 elapsed_us=50603465
2026-03-25T15:42:44.398354Z  INFO ThreadId(25) sensor_read sensor="power" seq=252 value=2.11265471509978 drift_us=964 jitter_us=652 latency_us=0 elapsed_us=50603500
2026-03-25T15:42:44.398425Z  INFO ThreadId(21) downlink_tx: sent tx_log_seq=858 sensor=Thermal sensor_seq=505 queue_latency_us=122 elapsed_us=50603490
2026-03-25T15:42:44.398439Z  INFO ThreadId(21) downlink_tx: sent tx_log_seq=859 sensor=Power sensor_seq=252 queue_latency_us=102 elapsed_us=50603490
2026-03-25T15:42:44.499342Z  INFO ThreadId(24) Task dispatched task="ThermalControl" drift_us=1917
2026-03-25T15:42:44.499362Z  INFO ThreadId(25) sensor_read sensor="thermal" seq=506 value=37.99674148573588 drift_us=1995 jitter_us=935 latency_us=0 elapsed_us=50704521
2026-03-25T15:42:44.499438Z  INFO ThreadId(24) downlink_tx: sent tx_log_seq=860 sensor=Thermal sensor_seq=506 queue_latency_us=79 elapsed_us=50704527
2026-03-25T15:42:44.598186Z  INFO ThreadId(24) Task dispatched task="ThermalControl" drift_us=762
2026-03-25T15:42:44.598191Z  WARN ThreadId(25) JITTER EXCEEDED 1ms limit sensor="thermal" jitter_us=2228 consecutive_miss=1 limit_us=1000 elapsed_us=50803349
2026-03-25T15:42:44.598204Z  INFO ThreadId(25) sensor_read sensor="thermal" seq=507 value=60.69289530162524 drift_us=823 jitter_us=2228 latency_us=0 elapsed_us=50803349
2026-03-25T15:42:44.598222Z  INFO ThreadId(21) sensor_read sensor="power" seq=253 value=3.279560285214573 drift_us=846 jitter_us=138 latency_us=0 elapsed_us=50803382
2026-03-25T15:42:44.598307Z  INFO ThreadId(24) downlink_tx: sent tx_log_seq=861 sensor=Thermal sensor_seq=507 queue_latency_us=104 elapsed_us=50803373
2026-03-25T15:42:44.598323Z  INFO ThreadId(24) downlink_tx: sent tx_log_seq=862 sensor=Power sensor_seq=253 queue_latency_us=104 elapsed_us=50803373
2026-03-25T15:42:44.618004Z  WARN ThreadId(25) FAULT INJECTED fault=DelayedSensor severity=2 elapsed_us=50823155
2026-03-25T15:42:44.618030Z  INFO ThreadId(25) satellite state → Fault (fault injection) fault=DelayedSensor elapsed_us=50823155
2026-03-25T15:42:44.669719Z  INFO ThreadId(25) fault_pkt sent to GCS — awaiting ResetSensor command elapsed_us=50874866
2026-03-25T15:42:44.699379Z  WARN ThreadId(24) JITTER EXCEEDED 1ms limit sensor="thermal" jitter_us=2362 consecutive_miss=2 limit_us=1000 elapsed_us=50904539
2026-03-25T15:42:44.699374Z  INFO ThreadId(25) Task dispatched task="ThermalControl" drift_us=1950
2026-03-25T15:42:44.699395Z  INFO ThreadId(24) sensor_read sensor="thermal" seq=508 value=27.333217809442893 drift_us=2013 jitter_us=2362 latency_us=0 elapsed_us=50904539
2026-03-25T15:42:44.699588Z  INFO ThreadId(06) downlink_tx: sent tx_log_seq=863 sensor=Thermal sensor_seq=508 queue_latency_us=184 elapsed_us=50904573
2026-03-25T15:42:44.711418Z  INFO ThreadId(24) uplink_rx: received cmd=SafeMode seq=23 dispatch_latency_us=0 elapsed_us=50916567
2026-03-25T15:42:44.711437Z  INFO ThreadId(24) command executed cmd=SafeMode
2026-03-25T15:42:44.756518Z  INFO ThreadId(06) uplink_rx: received cmd=ResetSensor seq=24 dispatch_latency_us=0 elapsed_us=50961668
2026-03-25T15:42:44.756540Z  INFO ThreadId(06) command executed cmd=ResetSensor
2026-03-25T15:42:44.760389Z  INFO ThreadId(06) FAULT RECOVERED — satellite state → Nominal recovery_ms=90 elapsed_us=50965544
2026-03-25T15:42:44.799300Z  INFO ThreadId(06) Task dispatched task="ThermalControl" drift_us=1876
2026-03-25T15:42:44.799311Z ERROR ThreadId(24) JITTER LIMIT VIOLATED (>1ms) sensor="power" jitter_us=1203
2026-03-25T15:42:44.799317Z  INFO ThreadId(24) sensor_read sensor="power" seq=254 value=0.6921309226112801 drift_us=1931 jitter_us=1203 latency_us=0 elapsed_us=51004467
2026-03-25T15:42:44.799329Z ERROR ThreadId(24) JITTER LIMIT VIOLATED (>1ms) sensor="imu" jitter_us=1798
2026-03-25T15:42:44.799331Z  INFO ThreadId(24) sensor_read sensor="imu" seq=101 value=0.04554211022770316 drift_us=1954 jitter_us=1798 latency_us=0 elapsed_us=51004494
2026-03-25T15:42:44.799333Z  WARN ThreadId(25) JITTER EXCEEDED 1ms limit sensor="thermal" jitter_us=1235 consecutive_miss=3 limit_us=1000 elapsed_us=51004494
2026-03-25T15:42:44.799342Z  INFO ThreadId(25) sensor_read sensor="thermal" seq=509 value=43.12593491195567 drift_us=1968 jitter_us=1235 latency_us=0 elapsed_us=51004494
2026-03-25T15:42:44.799423Z  INFO ThreadId(06) downlink_tx: sent tx_log_seq=864 sensor=Power sensor_seq=254 queue_latency_us=118 elapsed_us=51004487
2026-03-25T15:42:44.799437Z  INFO ThreadId(06) downlink_tx: sent tx_log_seq=865 sensor=Imu sensor_seq=101 queue_latency_us=107 elapsed_us=51004487
2026-03-25T15:42:44.799447Z  INFO ThreadId(06) downlink_tx: sent tx_log_seq=866 sensor=Thermal sensor_seq=509 queue_latency_us=107 elapsed_us=51004487
2026-03-25T15:42:44.805641Z  INFO ThreadId(24) Task dispatched task="DataCompress" drift_us=8215
2026-03-25T15:42:44.826806Z  INFO ThreadId(24) Task dispatched task="HealthMonitor" drift_us=29381
2026-03-25T15:42:44.898494Z  INFO ThreadId(06) Task dispatched task="ThermalControl" drift_us=1068
2026-03-25T15:42:44.898500Z  INFO ThreadId(24) sensor_read sensor="thermal" seq=510 value=76.15713015563455 drift_us=1133 jitter_us=790 latency_us=0 elapsed_us=51103659
2026-03-25T15:42:44.898588Z  INFO ThreadId(25) downlink_tx: sent tx_log_seq=867 sensor=Thermal sensor_seq=510 queue_latency_us=88 elapsed_us=51103666
2026-03-25T15:42:44.998189Z  INFO ThreadId(25) Task dispatched task="ThermalControl" drift_us=759
2026-03-25T15:42:44.998214Z  INFO ThreadId(24) sensor_read sensor="thermal" seq=511 value=39.06877912418637 drift_us=836 jitter_us=538 latency_us=1 elapsed_us=51203362
2026-03-25T15:42:44.998224Z ERROR ThreadId(22) JITTER LIMIT VIOLATED (>1ms) sensor="power" jitter_us=2170
2026-03-25T15:42:44.998232Z  INFO ThreadId(22) sensor_read sensor="power" seq=255 value=2.9827191764139855 drift_us=846 jitter_us=2170 latency_us=0 elapsed_us=51203382
2026-03-25T15:42:44.998396Z  INFO ThreadId(06) downlink_tx: sent tx_log_seq=868 sensor=Power sensor_seq=255 queue_latency_us=167 elapsed_us=51203417
2026-03-25T15:42:44.998433Z  INFO ThreadId(06) downlink_tx: sent tx_log_seq=869 sensor=Thermal sensor_seq=511 queue_latency_us=232 elapsed_us=51203417
2026-03-25T15:42:45.098582Z  INFO ThreadId(24) Task dispatched task="ThermalControl" drift_us=1158
2026-03-25T15:42:45.098617Z  INFO ThreadId(21) sensor_read sensor="thermal" seq=512 value=25.533323077481406 drift_us=1250 jitter_us=711 latency_us=1 elapsed_us=51303776
2026-03-25T15:42:45.149037Z  INFO ThreadId(24) downlink_tx: sent tx_log_seq=870 sensor=Thermal sensor_seq=512 queue_latency_us=50410 elapsed_us=51354079
2026-03-25T15:42:45.199211Z  INFO ThreadId(21) Task dispatched task="ThermalControl" drift_us=1785
2026-03-25T15:42:45.199215Z  INFO ThreadId(24) sensor_read sensor="thermal" seq=513 value=71.0366241418881 drift_us=1845 jitter_us=181 latency_us=1 elapsed_us=51404371
2026-03-25T15:42:45.199234Z ERROR ThreadId(24) JITTER LIMIT VIOLATED (>1ms) sensor="power" jitter_us=2101
2026-03-25T15:42:45.199236Z  INFO ThreadId(24) sensor_read sensor="power" seq=256 value=3.6893707789784975 drift_us=1862 jitter_us=2101 latency_us=0 elapsed_us=51404398
2026-03-25T15:42:45.199332Z  INFO ThreadId(21) downlink_tx: sent tx_log_seq=871 sensor=Power sensor_seq=256 queue_latency_us=97 elapsed_us=51404398
2026-03-25T15:42:45.199347Z  INFO ThreadId(21) downlink_tx: sent tx_log_seq=872 sensor=Thermal sensor_seq=513 queue_latency_us=138 elapsed_us=51404398
2026-03-25T15:42:45.298687Z  INFO ThreadId(06) Task dispatched task="ThermalControl" drift_us=1262
2026-03-25T15:42:45.298690Z  WARN ThreadId(21) JITTER EXCEEDED 1ms limit sensor="thermal" jitter_us=1118 consecutive_miss=1 limit_us=1000 elapsed_us=51503848
2026-03-25T15:42:45.298707Z  INFO ThreadId(21) sensor_read sensor="thermal" seq=514 value=50.31931114641844 drift_us=1322 jitter_us=1118 latency_us=1 elapsed_us=51503848
2026-03-25T15:42:45.298718Z ERROR ThreadId(21) JITTER LIMIT VIOLATED (>1ms) sensor="imu" jitter_us=1728
2026-03-25T15:42:45.298720Z  INFO ThreadId(21) sensor_read sensor="imu" seq=102 value=-0.05079728014992529 drift_us=1342 jitter_us=1728 latency_us=0 elapsed_us=51503882
2026-03-25T15:42:45.298776Z  INFO ThreadId(06) downlink_tx: sent tx_log_seq=873 sensor=Thermal sensor_seq=514 queue_latency_us=69 elapsed_us=51503873
2026-03-25T15:42:45.298788Z  INFO ThreadId(06) downlink_tx: sent tx_log_seq=874 sensor=Imu sensor_seq=102 queue_latency_us=70 elapsed_us=51503873
2026-03-25T15:42:45.305253Z  INFO ThreadId(22) Task dispatched task="DataCompress" drift_us=7833
2026-03-25T15:42:45.398466Z  INFO ThreadId(06) Task dispatched task="ThermalControl" drift_us=1041
2026-03-25T15:42:45.398498Z  INFO ThreadId(22) sensor_read sensor="thermal" seq=515 value=59.76774363605381 drift_us=1119 jitter_us=320 latency_us=0 elapsed_us=51603645
2026-03-25T15:42:45.398525Z ERROR ThreadId(24) JITTER LIMIT VIOLATED (>1ms) sensor="power" jitter_us=1732
2026-03-25T15:42:45.398538Z  INFO ThreadId(24) sensor_read sensor="power" seq=257 value=1.0395611404422163 drift_us=1146 jitter_us=1732 latency_us=0 elapsed_us=51603682
2026-03-25T15:42:45.398593Z  INFO ThreadId(06) downlink_tx: sent tx_log_seq=875 sensor=Thermal sensor_seq=515 queue_latency_us=109 elapsed_us=51603656
2026-03-25T15:42:45.398609Z  INFO ThreadId(06) downlink_tx: sent tx_log_seq=876 sensor=Power sensor_seq=257 queue_latency_us=90 elapsed_us=51603656
2026-03-25T15:42:45.498860Z  INFO ThreadId(06) Task dispatched task="ThermalControl" drift_us=1435
2026-03-25T15:42:45.498884Z  INFO ThreadId(06) sensor_read sensor="thermal" seq=516 value=56.96231004846725 drift_us=1521 jitter_us=605 latency_us=0 elapsed_us=51704047
2026-03-25T15:42:45.548660Z  INFO ThreadId(24) downlink_tx: sent tx_log_seq=877 sensor=Thermal sensor_seq=516 queue_latency_us=49763 elapsed_us=51753705
2026-03-25T15:42:45.599225Z  INFO ThreadId(06) Task dispatched task="ThermalControl" drift_us=1800
2026-03-25T15:42:45.599230Z  INFO ThreadId(24) sensor_read sensor="thermal" seq=517 value=68.8881312825881 drift_us=1861 jitter_us=62 latency_us=0 elapsed_us=51804387
2026-03-25T15:42:45.599250Z ERROR ThreadId(24) JITTER LIMIT VIOLATED (>1ms) sensor="power" jitter_us=1448
2026-03-25T15:42:45.599252Z  INFO ThreadId(24) sensor_read sensor="power" seq=258 value=0.7909791865950824 drift_us=1878 jitter_us=1448 latency_us=0 elapsed_us=51804414
2026-03-25T15:42:45.599345Z  INFO ThreadId(06) downlink_tx: sent tx_log_seq=878 sensor=Power sensor_seq=258 queue_latency_us=95 elapsed_us=51804416
2026-03-25T15:42:45.599362Z  INFO ThreadId(06) downlink_tx: sent tx_log_seq=879 sensor=Thermal sensor_seq=517 queue_latency_us=138 elapsed_us=51804416
2026-03-25T15:42:45.698648Z  INFO ThreadId(06) Task dispatched task="ThermalControl" drift_us=1221
2026-03-25T15:42:45.698679Z  INFO ThreadId(06) sensor_read sensor="thermal" seq=518 value=58.35893647052311 drift_us=1315 jitter_us=886 latency_us=0 elapsed_us=51903841
2026-03-25T15:42:45.749576Z  INFO ThreadId(22) downlink_tx: sent tx_log_seq=880 sensor=Thermal sensor_seq=518 queue_latency_us=50885 elapsed_us=51954625
2026-03-25T15:42:45.799198Z  INFO ThreadId(06) Task dispatched task="ThermalControl" drift_us=1774
2026-03-25T15:42:45.799233Z  WARN ThreadId(24) JITTER EXCEEDED 1ms limit sensor="thermal" jitter_us=1099 consecutive_miss=1 limit_us=1000 elapsed_us=52004394
2026-03-25T15:42:45.799244Z  INFO ThreadId(24) sensor_read sensor="thermal" seq=519 value=42.05524178079931 drift_us=1868 jitter_us=1099 latency_us=0 elapsed_us=52004394
2026-03-25T15:42:45.799257Z ERROR ThreadId(24) JITTER LIMIT VIOLATED (>1ms) sensor="imu" jitter_us=1151
2026-03-25T15:42:45.799258Z  INFO ThreadId(24) sensor_read sensor="imu" seq=103 value=0.009220966876821904 drift_us=1881 jitter_us=1151 latency_us=0 elapsed_us=52004421
2026-03-25T15:42:45.799248Z  INFO ThreadId(22) sensor_read sensor="power" seq=259 value=0.6215765975495867 drift_us=1857 jitter_us=753 latency_us=0 elapsed_us=52004393
2026-03-25T15:42:45.806071Z  INFO ThreadId(21) Task dispatched task="DataCompress" drift_us=8650
2026-03-25T15:42:45.827818Z  INFO ThreadId(21) Task dispatched task="HealthMonitor" drift_us=30390
2026-03-25T15:42:45.849148Z  INFO ThreadId(21) downlink_tx: sent tx_log_seq=881 sensor=Imu sensor_seq=103 queue_latency_us=49871 elapsed_us=52054128
2026-03-25T15:42:45.849206Z  INFO ThreadId(21) downlink_tx: sent tx_log_seq=882 sensor=Power sensor_seq=259 queue_latency_us=49974 elapsed_us=52054128
2026-03-25T15:42:45.849233Z  INFO ThreadId(21) downlink_tx: sent tx_log_seq=883 sensor=Thermal sensor_seq=519 queue_latency_us=49988 elapsed_us=52054128
2026-03-25T15:42:45.898887Z  INFO ThreadId(21) Task dispatched task="ThermalControl" drift_us=1462
2026-03-25T15:42:45.898913Z  INFO ThreadId(21) sensor_read sensor="thermal" seq=520 value=29.036817999610278 drift_us=1549 jitter_us=872 latency_us=0 elapsed_us=52104075
2026-03-25T15:42:45.899066Z  INFO ThreadId(22) downlink_tx: sent tx_log_seq=884 sensor=Thermal sensor_seq=520 queue_latency_us=138 elapsed_us=52104079
2026-03-25T15:42:45.998553Z  INFO ThreadId(24) Task dispatched task="ThermalControl" drift_us=1127
2026-03-25T15:42:45.998569Z  INFO ThreadId(22) sensor_read sensor="thermal" seq=521 value=70.96623792276336 drift_us=1188 jitter_us=42 latency_us=0 elapsed_us=52203714
2026-03-25T15:42:45.998584Z  INFO ThreadId(21) sensor_read sensor="power" seq=260 value=3.28032925888617 drift_us=1201 jitter_us=635 latency_us=0 elapsed_us=52203737
2026-03-25T15:42:45.998701Z  INFO ThreadId(24) downlink_tx: sent tx_log_seq=885 sensor=Power sensor_seq=260 queue_latency_us=126 elapsed_us=52203749
2026-03-25T15:42:45.998721Z  INFO ThreadId(24) downlink_tx: sent tx_log_seq=886 sensor=Thermal sensor_seq=521 queue_latency_us=170 elapsed_us=52203749
2026-03-25T15:42:46.099287Z  WARN ThreadId(22) JITTER EXCEEDED 1ms limit sensor="thermal" jitter_us=1089 consecutive_miss=1 limit_us=1000 elapsed_us=52304442
2026-03-25T15:42:46.099310Z  INFO ThreadId(22) sensor_read sensor="thermal" seq=522 value=32.35461356732003 drift_us=1916 jitter_us=1089 latency_us=0 elapsed_us=52304442
2026-03-25T15:42:46.099265Z  INFO ThreadId(25) Task dispatched task="ThermalControl" drift_us=1837
2026-03-25T15:42:46.148965Z  INFO ThreadId(25) downlink_tx: sent tx_log_seq=887 sensor=Thermal sensor_seq=522 queue_latency_us=49642 elapsed_us=52354014
2026-03-25T15:42:46.198896Z  INFO ThreadId(06) Task dispatched task="ThermalControl" drift_us=1468
2026-03-25T15:42:46.198932Z ERROR ThreadId(06) JITTER LIMIT VIOLATED (>1ms) sensor="power" jitter_us=1014
2026-03-25T15:42:46.198921Z  WARN ThreadId(22) JITTER EXCEEDED 1ms limit sensor="thermal" jitter_us=1100 consecutive_miss=2 limit_us=1000 elapsed_us=52404070
2026-03-25T15:42:46.198935Z  INFO ThreadId(06) sensor_read sensor="power" seq=261 value=3.6319133700237085 drift_us=1559 jitter_us=1014 latency_us=0 elapsed_us=52404095
2026-03-25T15:42:46.198944Z  INFO ThreadId(22) sensor_read sensor="thermal" seq=523 value=38.410837337255614 drift_us=1544 jitter_us=1100 latency_us=0 elapsed_us=52404070
2026-03-25T15:42:46.248996Z  INFO ThreadId(21) downlink_tx: sent tx_log_seq=888 sensor=Power sensor_seq=261 queue_latency_us=50052 elapsed_us=52454049
2026-03-25T15:42:46.249021Z  INFO ThreadId(21) downlink_tx: sent tx_log_seq=889 sensor=Thermal sensor_seq=523 queue_latency_us=50080 elapsed_us=52454049
2026-03-25T15:42:46.298303Z  INFO ThreadId(22) Task dispatched task="ThermalControl" drift_us=879
2026-03-25T15:42:46.298332Z ERROR ThreadId(06) JITTER LIMIT VIOLATED (>1ms) sensor="imu" jitter_us=1469
2026-03-25T15:42:46.298337Z  INFO ThreadId(06) sensor_read sensor="imu" seq=104 value=0.02029176531518724 drift_us=951 jitter_us=1469 latency_us=0 elapsed_us=52503491
2026-03-25T15:42:46.298335Z  INFO ThreadId(21) sensor_read sensor="thermal" seq=524 value=65.39232022314926 drift_us=956 jitter_us=216 latency_us=1 elapsed_us=52503482
2026-03-25T15:42:46.298477Z  INFO ThreadId(25) downlink_tx: sent tx_log_seq=890 sensor=Imu sensor_seq=104 queue_latency_us=140 elapsed_us=52503517
2026-03-25T15:42:46.298504Z  INFO ThreadId(25) downlink_tx: sent tx_log_seq=891 sensor=Thermal sensor_seq=524 queue_latency_us=184 elapsed_us=52503517
2026-03-25T15:42:46.304680Z  INFO ThreadId(06) Task dispatched task="DataCompress" drift_us=7265
2026-03-25T15:42:46.398531Z  INFO ThreadId(06) Task dispatched task="ThermalControl" drift_us=1107
2026-03-25T15:42:46.398539Z  INFO ThreadId(25) sensor_read sensor="thermal" seq=525 value=71.72231485425812 drift_us=1170 jitter_us=802 latency_us=1 elapsed_us=52603696
2026-03-25T15:42:46.398553Z  INFO ThreadId(25) sensor_read sensor="power" seq=262 value=3.166961948471805 drift_us=1181 jitter_us=736 latency_us=0 elapsed_us=52603717
2026-03-25T15:42:46.398640Z  INFO ThreadId(06) downlink_tx: sent tx_log_seq=892 sensor=Power sensor_seq=262 queue_latency_us=86 elapsed_us=52603717
2026-03-25T15:42:46.398653Z  INFO ThreadId(06) downlink_tx: sent tx_log_seq=893 sensor=Thermal sensor_seq=525 queue_latency_us=120 elapsed_us=52603717
2026-03-25T15:42:46.498147Z  INFO ThreadId(06) Task dispatched task="ThermalControl" drift_us=722
2026-03-25T15:42:46.498167Z  INFO ThreadId(25) sensor_read sensor="thermal" seq=526 value=49.26236700089554 drift_us=801 jitter_us=583 latency_us=0 elapsed_us=52703327
2026-03-25T15:42:46.548577Z  INFO ThreadId(21) downlink_tx: sent tx_log_seq=894 sensor=Thermal sensor_seq=526 queue_latency_us=50401 elapsed_us=52753635
2026-03-25T15:42:46.599451Z  INFO ThreadId(25) Task dispatched task="ThermalControl" drift_us=2025
2026-03-25T15:42:46.599459Z  WARN ThreadId(21) JITTER EXCEEDED 1ms limit sensor="thermal" jitter_us=1659 consecutive_miss=1 limit_us=1000 elapsed_us=52804617
2026-03-25T15:42:46.599471Z  INFO ThreadId(21) sensor_read sensor="thermal" seq=527 value=34.26263988082185 drift_us=2091 jitter_us=1659 latency_us=1 elapsed_us=52804617
2026-03-25T15:42:46.599513Z ERROR ThreadId(06) JITTER LIMIT VIOLATED (>1ms) sensor="power" jitter_us=1317
2026-03-25T15:42:46.599530Z  INFO ThreadId(06) sensor_read sensor="power" seq=263 value=3.608440007585328 drift_us=2120 jitter_us=1317 latency_us=0 elapsed_us=52804656
2026-03-25T15:42:46.599573Z  INFO ThreadId(21) downlink_tx: sent tx_log_seq=895 sensor=Thermal sensor_seq=527 queue_latency_us=102 elapsed_us=52804649
2026-03-25T15:42:46.599585Z  INFO ThreadId(21) downlink_tx: sent tx_log_seq=896 sensor=Power sensor_seq=263 queue_latency_us=91 elapsed_us=52804649
2026-03-25T15:42:46.698594Z  INFO ThreadId(21) Task dispatched task="ThermalControl" drift_us=1170
2026-03-25T15:42:46.698599Z  WARN ThreadId(24) JITTER EXCEEDED 1ms limit sensor="thermal" jitter_us=2148 consecutive_miss=2 limit_us=1000 elapsed_us=52903759
2026-03-25T15:42:46.698616Z  INFO ThreadId(24) sensor_read sensor="thermal" seq=528 value=65.04456384803186 drift_us=1233 jitter_us=2148 latency_us=0 elapsed_us=52903759
2026-03-25T15:42:46.748439Z  INFO ThreadId(06) downlink_tx: sent tx_log_seq=897 sensor=Thermal sensor_seq=528 queue_latency_us=49810 elapsed_us=52953476
2026-03-25T15:42:46.798350Z  INFO ThreadId(24) Task dispatched task="ThermalControl" drift_us=926
2026-03-25T15:42:46.798390Z ERROR ThreadId(06) JITTER LIMIT VIOLATED (>1ms) sensor="power" jitter_us=2059
2026-03-25T15:42:46.798407Z  INFO ThreadId(06) sensor_read sensor="power" seq=264 value=4.710725205045128 drift_us=1000 jitter_us=2059 latency_us=1 elapsed_us=53003536
2026-03-25T15:42:46.798418Z  INFO ThreadId(06) sensor_read sensor="thermal" seq=529 value=30.984030343653792 drift_us=1011 jitter_us=636 latency_us=0 elapsed_us=53003537
2026-03-25T15:42:46.798442Z  INFO ThreadId(06) sensor_read sensor="imu" seq=105 value=0.07128296722689959 drift_us=1008 jitter_us=987 latency_us=0 elapsed_us=53003548
2026-03-25T15:42:46.798536Z  INFO ThreadId(21) downlink_tx: sent tx_log_seq=898 sensor=Imu sensor_seq=105 queue_latency_us=147 elapsed_us=53003541
2026-03-25T15:42:46.798554Z  INFO ThreadId(21) downlink_tx: sent tx_log_seq=899 sensor=Power sensor_seq=264 queue_latency_us=180 elapsed_us=53003541
2026-03-25T15:42:46.798563Z  INFO ThreadId(21) downlink_tx: sent tx_log_seq=900 sensor=Thermal sensor_seq=529 queue_latency_us=189 elapsed_us=53003541
2026-03-25T15:42:46.804689Z  INFO ThreadId(24) Task dispatched task="DataCompress" drift_us=7264
2026-03-25T15:42:46.825806Z  INFO ThreadId(24) Task dispatched task="HealthMonitor" drift_us=28374
2026-03-25T15:42:46.898531Z  INFO ThreadId(24) Task dispatched task="ThermalControl" drift_us=1106
2026-03-25T15:42:46.898551Z  INFO ThreadId(25) sensor_read sensor="thermal" seq=530 value=43.61481734454824 drift_us=1184 jitter_us=395 latency_us=0 elapsed_us=53103710
2026-03-25T15:42:46.898652Z  INFO ThreadId(24) downlink_tx: sent tx_log_seq=901 sensor=Thermal sensor_seq=530 queue_latency_us=104 elapsed_us=53103718
2026-03-25T15:42:46.998229Z  INFO ThreadId(06) Task dispatched task="ThermalControl" drift_us=803
2026-03-25T15:42:46.998269Z ERROR ThreadId(25) JITTER LIMIT VIOLATED (>1ms) sensor="power" jitter_us=1013
2026-03-25T15:42:46.998275Z  INFO ThreadId(25) sensor_read sensor="power" seq=265 value=2.6320638982427362 drift_us=893 jitter_us=1013 latency_us=0 elapsed_us=53203429
2026-03-25T15:42:46.998268Z  INFO ThreadId(24) sensor_read sensor="thermal" seq=531 value=53.32959587349519 drift_us=883 jitter_us=474 latency_us=0 elapsed_us=53203409
2026-03-25T15:42:46.998322Z  INFO ThreadId(06) downlink_tx: sent tx_log_seq=902 sensor=Thermal sensor_seq=531 queue_latency_us=76 elapsed_us=53203417
2026-03-25T15:42:46.998337Z  INFO ThreadId(06) downlink_tx: sent tx_log_seq=903 sensor=Power sensor_seq=265 queue_latency_us=71 elapsed_us=53203417
2026-03-25T15:42:47.098535Z  INFO ThreadId(21) Task dispatched task="ThermalControl" drift_us=1110
2026-03-25T15:42:47.098557Z  INFO ThreadId(25) sensor_read sensor="thermal" seq=532 value=30.988951436902624 drift_us=1191 jitter_us=609 latency_us=0 elapsed_us=53303717
2026-03-25T15:42:47.098659Z  INFO ThreadId(21) downlink_tx: sent tx_log_seq=904 sensor=Thermal sensor_seq=532 queue_latency_us=104 elapsed_us=53303724
2026-03-25T15:42:47.198863Z  INFO ThreadId(24) Task dispatched task="ThermalControl" drift_us=1435
2026-03-25T15:42:47.198867Z  INFO ThreadId(21) sensor_read sensor="thermal" seq=533 value=75.46306182383498 drift_us=1496 jitter_us=3 latency_us=0 elapsed_us=53404022
2026-03-25T15:42:47.198878Z  INFO ThreadId(25) sensor_read sensor="power" seq=266 value=3.4695879111580896 drift_us=1500 jitter_us=714 latency_us=0 elapsed_us=53404036
2026-03-25T15:42:47.198965Z  INFO ThreadId(24) downlink_tx: sent tx_log_seq=905 sensor=Power sensor_seq=266 queue_latency_us=92 elapsed_us=53404053
2026-03-25T15:42:47.198978Z  INFO ThreadId(24) downlink_tx: sent tx_log_seq=906 sensor=Thermal sensor_seq=533 queue_latency_us=118 elapsed_us=53404053
2026-03-25T15:42:47.298551Z  INFO ThreadId(24) Task dispatched task="ThermalControl" drift_us=1126
2026-03-25T15:42:47.298557Z  INFO ThreadId(21) sensor_read sensor="thermal" seq=534 value=22.084005385249455 drift_us=1187 jitter_us=614 latency_us=0 elapsed_us=53503713
2026-03-25T15:42:47.298572Z  INFO ThreadId(06) sensor_read sensor="imu" seq=106 value=-0.01544087826733151 drift_us=1193 jitter_us=128 latency_us=1 elapsed_us=53503733
2026-03-25T15:42:47.298674Z  INFO ThreadId(24) downlink_tx: sent tx_log_seq=907 sensor=Imu sensor_seq=106 queue_latency_us=104 elapsed_us=53503740
2026-03-25T15:42:47.298688Z  INFO ThreadId(24) downlink_tx: sent tx_log_seq=908 sensor=Thermal sensor_seq=534 queue_latency_us=138 elapsed_us=53503740
2026-03-25T15:42:47.305209Z  INFO ThreadId(21) Task dispatched task="DataCompress" drift_us=7795
2026-03-25T15:42:47.398301Z  INFO ThreadId(21) Task dispatched task="ThermalControl" drift_us=876
2026-03-25T15:42:47.398312Z  INFO ThreadId(22) sensor_read sensor="thermal" seq=535 value=71.70261730482943 drift_us=942 jitter_us=64 latency_us=0 elapsed_us=53603468
2026-03-25T15:42:47.398361Z ERROR ThreadId(24) JITTER LIMIT VIOLATED (>1ms) sensor="power" jitter_us=1135
2026-03-25T15:42:47.398384Z  INFO ThreadId(24) sensor_read sensor="power" seq=267 value=3.8080327809074164 drift_us=972 jitter_us=1135 latency_us=0 elapsed_us=53603508
2026-03-25T15:42:47.398395Z  INFO ThreadId(21) downlink_tx: sent tx_log_seq=909 sensor=Thermal sensor_seq=535 queue_latency_us=90 elapsed_us=53603490
2026-03-25T15:42:47.398409Z  INFO ThreadId(21) downlink_tx: sent tx_log_seq=910 sensor=Power sensor_seq=267 queue_latency_us=62 elapsed_us=53603490
2026-03-25T15:42:47.499601Z  INFO ThreadId(21) Task dispatched task="ThermalControl" drift_us=2176
2026-03-25T15:42:47.499619Z  WARN ThreadId(24) JITTER EXCEEDED 1ms limit sensor="thermal" jitter_us=1557 consecutive_miss=1 limit_us=1000 elapsed_us=53704780
2026-03-25T15:42:47.499628Z  INFO ThreadId(24) sensor_read sensor="thermal" seq=536 value=25.929231272771833 drift_us=2254 jitter_us=1557 latency_us=0 elapsed_us=53704780
2026-03-25T15:42:47.499715Z  INFO ThreadId(22) downlink_tx: sent tx_log_seq=911 sensor=Thermal sensor_seq=536 queue_latency_us=83 elapsed_us=53704794
2026-03-25T15:42:47.598328Z  INFO ThreadId(22) Task dispatched task="ThermalControl" drift_us=904
2026-03-25T15:42:47.598335Z  WARN ThreadId(21) JITTER EXCEEDED 1ms limit sensor="thermal" jitter_us=2599 consecutive_miss=2 limit_us=1000 elapsed_us=53803493
2026-03-25T15:42:47.598348Z  INFO ThreadId(21) sensor_read sensor="thermal" seq=537 value=63.379196404441494 drift_us=967 jitter_us=2599 latency_us=0 elapsed_us=53803493
2026-03-25T15:42:47.598413Z  INFO ThreadId(22) downlink_tx: sent tx_log_seq=912 sensor=Thermal sensor_seq=537 queue_latency_us=65 elapsed_us=53803515
2026-03-25T15:42:47.598404Z  INFO ThreadId(25) sensor_read sensor="power" seq=268 value=2.9486775890844577 drift_us=1011 jitter_us=567 latency_us=0 elapsed_us=53803547
2026-03-25T15:42:47.598425Z  INFO ThreadId(22) downlink_tx: sent tx_log_seq=913 sensor=Power sensor_seq=268 queue_latency_us=42 elapsed_us=53803515
2026-03-25T15:42:47.698193Z  INFO ThreadId(21) Task dispatched task="ThermalControl" drift_us=767
2026-03-25T15:42:47.698240Z  WARN ThreadId(22) JITTER EXCEEDED 1ms limit sensor="thermal" jitter_us=1186 consecutive_miss=3 limit_us=1000 elapsed_us=53903392
2026-03-25T15:42:47.698261Z  INFO ThreadId(22) sensor_read sensor="thermal" seq=538 value=20.3481145182827 drift_us=866 jitter_us=1186 latency_us=0 elapsed_us=53903392
2026-03-25T15:42:47.748674Z  INFO ThreadId(21) downlink_tx: sent tx_log_seq=914 sensor=Thermal sensor_seq=538 queue_latency_us=50403 elapsed_us=53953718
2026-03-25T15:42:47.798520Z  INFO ThreadId(22) Task dispatched task="ThermalControl" drift_us=1094
2026-03-25T15:42:47.798546Z  INFO ThreadId(22) sensor_read sensor="thermal" seq=539 value=42.747428886326965 drift_us=1181 jitter_us=416 latency_us=0 elapsed_us=54003707
2026-03-25T15:42:47.798555Z  INFO ThreadId(21) sensor_read sensor="power" seq=269 value=4.762206159044769 drift_us=1166 jitter_us=116 latency_us=0 elapsed_us=54003702
2026-03-25T15:42:47.798588Z  INFO ThreadId(21) sensor_read sensor="imu" seq=107 value=-0.06585924339317631 drift_us=1208 jitter_us=170 latency_us=0 elapsed_us=54003748
2026-03-25T15:42:47.798656Z  INFO ThreadId(22) downlink_tx: sent tx_log_seq=915 sensor=Power sensor_seq=269 queue_latency_us=115 elapsed_us=54003721
2026-03-25T15:42:47.798670Z  INFO ThreadId(22) downlink_tx: sent tx_log_seq=916 sensor=Imu sensor_seq=107 queue_latency_us=85 elapsed_us=54003721
2026-03-25T15:42:47.798679Z  INFO ThreadId(22) downlink_tx: sent tx_log_seq=917 sensor=Thermal sensor_seq=539 queue_latency_us=135 elapsed_us=54003721
2026-03-25T15:42:47.804649Z  INFO ThreadId(25) Task dispatched task="DataCompress" drift_us=7235
2026-03-25T15:42:47.826186Z  INFO ThreadId(25) Task dispatched task="HealthMonitor" drift_us=28760
2026-03-25T15:42:47.898323Z  INFO ThreadId(25) Task dispatched task="ThermalControl" drift_us=899
2026-03-25T15:42:47.898382Z  INFO ThreadId(21) sensor_read sensor="thermal" seq=540 value=48.553545529453444 drift_us=994 jitter_us=502 latency_us=0 elapsed_us=54103520
2026-03-25T15:42:47.948779Z  INFO ThreadId(21) downlink_tx: sent tx_log_seq=918 sensor=Thermal sensor_seq=540 queue_latency_us=50396 elapsed_us=54153791
2026-03-25T15:42:47.999461Z  INFO ThreadId(25) Task dispatched task="ThermalControl" drift_us=2030
2026-03-25T15:42:47.999492Z  WARN ThreadId(24) JITTER EXCEEDED 1ms limit sensor="thermal" jitter_us=1301 consecutive_miss=1 limit_us=1000 elapsed_us=54204634
2026-03-25T15:42:47.999511Z  INFO ThreadId(24) sensor_read sensor="thermal" seq=541 value=35.767120743929695 drift_us=2108 jitter_us=1301 latency_us=1 elapsed_us=54204634
2026-03-25T15:42:47.999507Z  INFO ThreadId(21) sensor_read sensor="power" seq=270 value=3.3041156035259114 drift_us=2125 jitter_us=804 latency_us=0 elapsed_us=54204661
2026-03-25T15:42:47.999655Z  INFO ThreadId(22) downlink_tx: sent tx_log_seq=919 sensor=Power sensor_seq=270 queue_latency_us=147 elapsed_us=54204696
2026-03-25T15:42:47.999683Z  INFO ThreadId(22) downlink_tx: sent tx_log_seq=920 sensor=Thermal sensor_seq=541 queue_latency_us=172 elapsed_us=54204696
2026-03-25T15:42:48.098255Z  INFO ThreadId(24) Task dispatched task="ThermalControl" drift_us=830
2026-03-25T15:42:48.098317Z  WARN ThreadId(22) JITTER EXCEEDED 1ms limit sensor="thermal" jitter_us=2287 consecutive_miss=2 limit_us=1000 elapsed_us=54303461
2026-03-25T15:42:48.098339Z  INFO ThreadId(22) sensor_read sensor="thermal" seq=542 value=36.45515099921563 drift_us=935 jitter_us=2287 latency_us=1 elapsed_us=54303461
2026-03-25T15:42:48.149087Z  INFO ThreadId(24) downlink_tx: sent tx_log_seq=921 sensor=Thermal sensor_seq=542 queue_latency_us=50734 elapsed_us=54354116
2026-03-25T15:42:48.198123Z  INFO ThreadId(22) Task dispatched task="ThermalControl" drift_us=698
2026-03-25T15:42:48.198130Z  INFO ThreadId(24) sensor_read sensor="thermal" seq=543 value=63.119777077917185 drift_us=761 jitter_us=999 latency_us=0 elapsed_us=54403287
2026-03-25T15:42:48.198150Z ERROR ThreadId(24) JITTER LIMIT VIOLATED (>1ms) sensor="power" jitter_us=2307
2026-03-25T15:42:48.198153Z  INFO ThreadId(24) sensor_read sensor="power" seq=271 value=3.403098732832901 drift_us=777 jitter_us=2307 latency_us=0 elapsed_us=54403313
2026-03-25T15:42:48.198196Z  INFO ThreadId(22) downlink_tx: sent tx_log_seq=922 sensor=Thermal sensor_seq=543 queue_latency_us=72 elapsed_us=54403310
2026-03-25T15:42:48.198208Z  INFO ThreadId(22) downlink_tx: sent tx_log_seq=923 sensor=Power sensor_seq=271 queue_latency_us=58 elapsed_us=54403310
2026-03-25T15:42:48.298229Z  INFO ThreadId(22) Task dispatched task="ThermalControl" drift_us=804
2026-03-25T15:42:48.298266Z  INFO ThreadId(24) sensor_read sensor="imu" seq=108 value=0.07895184232994282 drift_us=886 jitter_us=337 latency_us=1 elapsed_us=54503426
2026-03-25T15:42:48.298262Z  INFO ThreadId(06) sensor_read sensor="thermal" seq=544 value=67.70549716353214 drift_us=884 jitter_us=297 latency_us=0 elapsed_us=54503410
2026-03-25T15:42:48.298405Z  INFO ThreadId(21) downlink_tx: sent tx_log_seq=924 sensor=Imu sensor_seq=108 queue_latency_us=133 elapsed_us=54503451
2026-03-25T15:42:48.298437Z  INFO ThreadId(21) downlink_tx: sent tx_log_seq=925 sensor=Thermal sensor_seq=544 queue_latency_us=187 elapsed_us=54503451
2026-03-25T15:42:48.304656Z  INFO ThreadId(24) Task dispatched task="DataCompress" drift_us=7235
2026-03-25T15:42:48.398512Z  INFO ThreadId(24) Task dispatched task="ThermalControl" drift_us=1088
2026-03-25T15:42:48.398546Z ERROR ThreadId(25) JITTER LIMIT VIOLATED (>1ms) sensor="power" jitter_us=1739
2026-03-25T15:42:48.398551Z  INFO ThreadId(25) sensor_read sensor="power" seq=272 value=2.6437083472613883 drift_us=1168 jitter_us=1739 latency_us=0 elapsed_us=54603704
2026-03-25T15:42:48.398545Z  INFO ThreadId(21) sensor_read sensor="thermal" seq=545 value=39.40757038940451 drift_us=1164 jitter_us=157 latency_us=0 elapsed_us=54603690
2026-03-25T15:42:48.398688Z  INFO ThreadId(06) downlink_tx: sent tx_log_seq=926 sensor=Power sensor_seq=272 queue_latency_us=138 elapsed_us=54603729
2026-03-25T15:42:48.398715Z  INFO ThreadId(06) downlink_tx: sent tx_log_seq=927 sensor=Thermal sensor_seq=545 queue_latency_us=187 elapsed_us=54603729
2026-03-25T15:42:48.498553Z  INFO ThreadId(06) Task dispatched task="ThermalControl" drift_us=1123
2026-03-25T15:42:48.498616Z  INFO ThreadId(21) sensor_read sensor="thermal" seq=546 value=53.22456523485764 drift_us=1243 jitter_us=201 latency_us=0 elapsed_us=54703769
2026-03-25T15:42:48.548408Z  INFO ThreadId(06) downlink_tx: sent tx_log_seq=928 sensor=Thermal sensor_seq=546 queue_latency_us=49787 elapsed_us=54753456
2026-03-25T15:42:48.598537Z  INFO ThreadId(21) Task dispatched task="ThermalControl" drift_us=1109
2026-03-25T15:42:48.598550Z  INFO ThreadId(06) sensor_read sensor="thermal" seq=547 value=58.68580979558581 drift_us=1179 jitter_us=143 latency_us=1 elapsed_us=54803705
2026-03-25T15:42:48.598610Z  INFO ThreadId(22) sensor_read sensor="power" seq=273 value=2.611852812551662 drift_us=1221 jitter_us=338 latency_us=0 elapsed_us=54803757
2026-03-25T15:42:48.598687Z  INFO ThreadId(21) downlink_tx: sent tx_log_seq=929 sensor=Thermal sensor_seq=547 queue_latency_us=142 elapsed_us=54803731
2026-03-25T15:42:48.598709Z  INFO ThreadId(21) downlink_tx: sent tx_log_seq=930 sensor=Power sensor_seq=273 queue_latency_us=113 elapsed_us=54803731
2026-03-25T15:42:48.698299Z  INFO ThreadId(21) Task dispatched task="ThermalControl" drift_us=873
2026-03-25T15:42:48.698303Z  INFO ThreadId(25) sensor_read sensor="thermal" seq=548 value=32.036931772251 drift_us=936 jitter_us=179 latency_us=0 elapsed_us=54903462
2026-03-25T15:42:48.698464Z  INFO ThreadId(22) downlink_tx: sent tx_log_seq=931 sensor=Thermal sensor_seq=548 queue_latency_us=150 elapsed_us=54903492
2026-03-25T15:42:48.798807Z  INFO ThreadId(25) Task dispatched task="ThermalControl" drift_us=1381
2026-03-25T15:42:48.798866Z  INFO ThreadId(22) sensor_read sensor="thermal" seq=549 value=73.52514150910771 drift_us=1487 jitter_us=794 latency_us=0 elapsed_us=55004013
2026-03-25T15:42:48.798877Z  INFO ThreadId(06) sensor_read sensor="imu" seq=109 value=0.07151970423642298 drift_us=1490 jitter_us=926 latency_us=0 elapsed_us=55004030
2026-03-25T15:42:48.798898Z  INFO ThreadId(21) sensor_read sensor="power" seq=274 value=0.9641764836534235 drift_us=1519 jitter_us=245 latency_us=0 elapsed_us=55004055
2026-03-25T15:42:48.799023Z  INFO ThreadId(22) downlink_tx: sent tx_log_seq=932 sensor=Imu sensor_seq=109 queue_latency_us=153 elapsed_us=55004069
2026-03-25T15:42:48.799045Z  INFO ThreadId(22) downlink_tx: sent tx_log_seq=933 sensor=Power sensor_seq=274 queue_latency_us=153 elapsed_us=55004069
2026-03-25T15:42:48.799061Z  INFO ThreadId(22) downlink_tx: sent tx_log_seq=934 sensor=Thermal sensor_seq=549 queue_latency_us=212 elapsed_us=55004069
2026-03-25T15:42:48.799161Z  INFO ThreadId(06) uplink_rx: received cmd=Heartbeat seq=25 dispatch_latency_us=0 elapsed_us=55004322
2026-03-25T15:42:48.799171Z  INFO ThreadId(06) command executed cmd=Heartbeat
2026-03-25T15:42:48.804229Z  INFO ThreadId(06) Task dispatched task="DataCompress" drift_us=6803
2026-03-25T15:42:48.825672Z  INFO ThreadId(25) Task dispatched task="HealthMonitor" drift_us=28246
2026-03-25T15:42:48.898107Z  INFO ThreadId(25) Task dispatched task="ThermalControl" drift_us=680
2026-03-25T15:42:48.898138Z  WARN ThreadId(24) JITTER EXCEEDED 1ms limit sensor="thermal" jitter_us=1265 consecutive_miss=1 limit_us=1000 elapsed_us=55103299
2026-03-25T15:42:48.898149Z  INFO ThreadId(24) sensor_read sensor="thermal" seq=550 value=74.28799433177358 drift_us=773 jitter_us=1265 latency_us=0 elapsed_us=55103299
2026-03-25T15:42:48.948694Z  INFO ThreadId(21) downlink_tx: sent tx_log_seq=935 sensor=Thermal sensor_seq=550 queue_latency_us=50533 elapsed_us=55153726
2026-03-25T15:42:48.998168Z  INFO ThreadId(24) Task dispatched task="ThermalControl" drift_us=743
2026-03-25T15:42:48.998202Z  INFO ThreadId(21) sensor_read sensor="thermal" seq=551 value=40.912105107763 drift_us=822 jitter_us=763 latency_us=0 elapsed_us=55203348
2026-03-25T15:42:48.998209Z  INFO ThreadId(22) sensor_read sensor="power" seq=275 value=2.347888164920915 drift_us=830 jitter_us=987 latency_us=0 elapsed_us=55203366
2026-03-25T15:42:48.998349Z  INFO ThreadId(25) downlink_tx: sent tx_log_seq=936 sensor=Power sensor_seq=275 queue_latency_us=137 elapsed_us=55203389
2026-03-25T15:42:48.998375Z  INFO ThreadId(25) downlink_tx: sent tx_log_seq=937 sensor=Thermal sensor_seq=551 queue_latency_us=189 elapsed_us=55203389
2026-03-25T15:42:49.098514Z  INFO ThreadId(06) Task dispatched task="ThermalControl" drift_us=1088
2026-03-25T15:42:49.098540Z  INFO ThreadId(06) sensor_read sensor="thermal" seq=552 value=29.889108830369846 drift_us=1176 jitter_us=305 latency_us=1 elapsed_us=55303702
2026-03-25T15:42:49.098685Z  INFO ThreadId(21) downlink_tx: sent tx_log_seq=938 sensor=Thermal sensor_seq=552 queue_latency_us=142 elapsed_us=55303716
2026-03-25T15:42:49.198467Z  INFO ThreadId(21) Task dispatched task="ThermalControl" drift_us=1043
2026-03-25T15:42:49.198504Z  INFO ThreadId(25) sensor_read sensor="power" seq=276 value=1.4051112603253884 drift_us=1127 jitter_us=986 latency_us=0 elapsed_us=55403663
2026-03-25T15:42:49.198505Z  INFO ThreadId(06) sensor_read sensor="thermal" seq=553 value=48.50812688611373 drift_us=1126 jitter_us=404 latency_us=0 elapsed_us=55403652
2026-03-25T15:42:49.198576Z  INFO ThreadId(25) downlink_tx: sent tx_log_seq=939 sensor=Power sensor_seq=276 queue_latency_us=74 elapsed_us=55403680
2026-03-25T15:42:49.198588Z  INFO ThreadId(25) downlink_tx: sent tx_log_seq=940 sensor=Thermal sensor_seq=553 queue_latency_us=99 elapsed_us=55403680
2026-03-25T15:42:49.299007Z  INFO ThreadId(25) Task dispatched task="ThermalControl" drift_us=1584
2026-03-25T15:42:49.299015Z  INFO ThreadId(22) sensor_read sensor="thermal" seq=554 value=60.964889661534954 drift_us=1646 jitter_us=570 latency_us=0 elapsed_us=55504172
2026-03-25T15:42:49.299025Z  INFO ThreadId(06) sensor_read sensor="imu" seq=110 value=0.07557238742806113 drift_us=1646 jitter_us=448 latency_us=0 elapsed_us=55504186
2026-03-25T15:42:49.299119Z  INFO ThreadId(25) downlink_tx: sent tx_log_seq=941 sensor=Imu sensor_seq=110 queue_latency_us=96 elapsed_us=55504195
2026-03-25T15:42:49.299132Z  INFO ThreadId(25) downlink_tx: sent tx_log_seq=942 sensor=Thermal sensor_seq=554 queue_latency_us=124 elapsed_us=55504195
2026-03-25T15:42:49.305598Z  INFO ThreadId(06) Task dispatched task="DataCompress" drift_us=8185
2026-03-25T15:42:49.399067Z  INFO ThreadId(25) Task dispatched task="ThermalControl" drift_us=1644
2026-03-25T15:42:49.399075Z  INFO ThreadId(06) sensor_read sensor="thermal" seq=555 value=70.59761329693032 drift_us=1705 jitter_us=461 latency_us=0 elapsed_us=55604231
2026-03-25T15:42:49.399089Z  INFO ThreadId(06) sensor_read sensor="power" seq=277 value=2.2609361815958198 drift_us=1717 jitter_us=293 latency_us=0 elapsed_us=55604253
2026-03-25T15:42:49.399136Z  INFO ThreadId(25) downlink_tx: sent tx_log_seq=943 sensor=Thermal sensor_seq=555 queue_latency_us=67 elapsed_us=55604252
2026-03-25T15:42:49.399146Z  INFO ThreadId(25) downlink_tx: sent tx_log_seq=944 sensor=Power sensor_seq=277 queue_latency_us=57 elapsed_us=55604252
2026-03-25T15:42:49.499345Z  INFO ThreadId(06) Task dispatched task="ThermalControl" drift_us=1921
2026-03-25T15:42:49.499370Z  INFO ThreadId(22) sensor_read sensor="thermal" seq=556 value=37.139823466012885 drift_us=2004 jitter_us=240 latency_us=0 elapsed_us=55704530
2026-03-25T15:42:49.548341Z  INFO ThreadId(06) downlink_tx: sent tx_log_seq=945 sensor=Thermal sensor_seq=556 queue_latency_us=48962 elapsed_us=55753394
2026-03-25T15:42:49.599436Z  INFO ThreadId(22) Task dispatched task="ThermalControl" drift_us=2012
2026-03-25T15:42:49.599475Z  INFO ThreadId(06) sensor_read sensor="thermal" seq=557 value=49.416931273307824 drift_us=2097 jitter_us=206 latency_us=0 elapsed_us=55804623
2026-03-25T15:42:49.599482Z  INFO ThreadId(21) sensor_read sensor="power" seq=278 value=4.576306244327279 drift_us=2104 jitter_us=203 latency_us=0 elapsed_us=55804640
2026-03-25T15:42:49.599614Z  INFO ThreadId(25) downlink_tx: sent tx_log_seq=946 sensor=Power sensor_seq=278 queue_latency_us=130 elapsed_us=55804658
2026-03-25T15:42:49.599642Z  INFO ThreadId(25) downlink_tx: sent tx_log_seq=947 sensor=Thermal sensor_seq=557 queue_latency_us=181 elapsed_us=55804658
2026-03-25T15:42:49.699401Z  INFO ThreadId(24) Task dispatched task="ThermalControl" drift_us=1976
2026-03-25T15:42:49.699451Z  INFO ThreadId(21) sensor_read sensor="thermal" seq=558 value=60.40501881645688 drift_us=2074 jitter_us=116 latency_us=1 elapsed_us=55904600
2026-03-25T15:42:49.720256Z  WARN ThreadId(24) GCS uplink connection closed.
2026-03-25T15:42:49.748843Z  INFO ThreadId(24) downlink_tx: sent tx_log_seq=948 sensor=Thermal sensor_seq=558 queue_latency_us=49392 elapsed_us=55953885
2026-03-25T15:42:49.798272Z  INFO ThreadId(21) Task dispatched task="ThermalControl" drift_us=846
2026-03-25T15:42:49.798300Z  WARN ThreadId(21) JITTER EXCEEDED 1ms limit sensor="thermal" jitter_us=1115 consecutive_miss=1 limit_us=1000 elapsed_us=56003462
2026-03-25T15:42:49.798306Z  INFO ThreadId(21) sensor_read sensor="thermal" seq=559 value=20.49828660459836 drift_us=936 jitter_us=1115 latency_us=1 elapsed_us=56003462
2026-03-25T15:42:49.798319Z  INFO ThreadId(21) sensor_read sensor="imu" seq=111 value=0.0686617721731193 drift_us=944 jitter_us=858 latency_us=0 elapsed_us=56003484
2026-03-25T15:42:49.798315Z ERROR ThreadId(24) JITTER LIMIT VIOLATED (>1ms) sensor="power" jitter_us=1573
2026-03-25T15:42:49.798330Z  INFO ThreadId(24) sensor_read sensor="power" seq=279 value=2.601010417557316 drift_us=918 jitter_us=1573 latency_us=0 elapsed_us=56003454
2026-03-25T15:42:49.798347Z  WARN ThreadId(06) downlink_tx: send timeout/error elapsed_us=56003479
2026-03-25T15:42:49.798355Z  WARN ThreadId(06) downlink_tx: send timeout/error elapsed_us=56003479
2026-03-25T15:42:49.798359Z  WARN ThreadId(06) downlink_tx: send timeout/error elapsed_us=56003479
2026-03-25T15:42:49.804376Z  INFO ThreadId(21) Task dispatched task="DataCompress" drift_us=6946
2026-03-25T15:42:49.825907Z  INFO ThreadId(21) Task dispatched task="HealthMonitor" drift_us=28479
2026-03-25T15:42:49.898526Z  INFO ThreadId(21) Task dispatched task="ThermalControl" drift_us=1098
2026-03-25T15:42:49.898575Z  WARN ThreadId(06) JITTER EXCEEDED 1ms limit sensor="thermal" jitter_us=1398 consecutive_miss=2 limit_us=1000 elapsed_us=56103722
2026-03-25T15:42:49.898612Z  INFO ThreadId(06) sensor_read sensor="thermal" seq=560 value=36.514152753737704 drift_us=1196 jitter_us=1398 latency_us=0 elapsed_us=56103722
2026-03-25T15:42:49.948326Z  WARN ThreadId(06) downlink_tx: send timeout/error elapsed_us=56153451
2026-03-25T15:42:49.998277Z  INFO ThreadId(22) Task dispatched task="ThermalControl" drift_us=849
2026-03-25T15:42:49.998287Z  INFO ThreadId(21) sensor_read sensor="thermal" seq=561 value=48.23905922185237 drift_us=913 jitter_us=543 latency_us=0 elapsed_us=56203439
2026-03-25T15:42:49.998324Z ERROR ThreadId(25) JITTER LIMIT VIOLATED (>1ms) sensor="power" jitter_us=1214
2026-03-25T15:42:49.998333Z  INFO ThreadId(25) sensor_read sensor="power" seq=280 value=3.20461511345133 drift_us=946 jitter_us=1214 latency_us=0 elapsed_us=56203482
2026-03-25T15:42:49.998337Z  WARN ThreadId(06) downlink_tx: send timeout/error elapsed_us=56203469
2026-03-25T15:42:49.998361Z  WARN ThreadId(06) downlink_tx: send timeout/error elapsed_us=56203469
2026-03-25T15:42:50.099277Z  INFO ThreadId(06) Task dispatched task="ThermalControl" drift_us=1845
2026-03-25T15:42:50.099319Z  WARN ThreadId(06) JITTER EXCEEDED 1ms limit sensor="thermal" jitter_us=1325 consecutive_miss=1 limit_us=1000 elapsed_us=56304481
2026-03-25T15:42:50.099329Z  INFO ThreadId(06) sensor_read sensor="thermal" seq=562 value=28.206922618654076 drift_us=1955 jitter_us=1325 latency_us=1 elapsed_us=56304481
2026-03-25T15:42:50.148567Z  WARN ThreadId(25) downlink_tx: send timeout/error elapsed_us=56353691
2026-03-25T15:42:50.198329Z  INFO ThreadId(06) Task dispatched task="ThermalControl" drift_us=901
2026-03-25T15:42:50.198383Z  WARN ThreadId(25) JITTER EXCEEDED 1ms limit sensor="thermal" jitter_us=1991 consecutive_miss=2 limit_us=1000 elapsed_us=56403532
2026-03-25T15:42:50.198405Z  INFO ThreadId(25) sensor_read sensor="thermal" seq=563 value=40.18749805977139 drift_us=1006 jitter_us=1991 latency_us=0 elapsed_us=56403532
2026-03-25T15:42:50.198429Z  INFO ThreadId(21) sensor_read sensor="power" seq=281 value=4.18526602302064 drift_us=1048 jitter_us=74 latency_us=0 elapsed_us=56403584
2026-03-25T15:42:50.248217Z  WARN ThreadId(24) downlink_tx: send timeout/error elapsed_us=56453344
2026-03-25T15:42:50.248233Z  WARN ThreadId(24) downlink_tx: send timeout/error elapsed_us=56453344
2026-03-25T15:42:50.298600Z  INFO ThreadId(21) Task dispatched task="ThermalControl" drift_us=1169
2026-03-25T15:42:50.298631Z  WARN ThreadId(24) JITTER EXCEEDED 1ms limit sensor="thermal" jitter_us=1188 consecutive_miss=3 limit_us=1000 elapsed_us=56503771
2026-03-25T15:42:50.298645Z ERROR ThreadId(21) JITTER LIMIT VIOLATED (>1ms) sensor="imu" jitter_us=1023
2026-03-25T15:42:50.298648Z  INFO ThreadId(21) sensor_read sensor="imu" seq=112 value=-0.06883886959567853 drift_us=1265 jitter_us=1023 latency_us=0 elapsed_us=56503805
2026-03-25T15:42:50.298651Z  INFO ThreadId(24) sensor_read sensor="thermal" seq=564 value=41.77966779148436 drift_us=1245 jitter_us=1188 latency_us=0 elapsed_us=56503771
2026-03-25T15:42:50.304822Z  INFO ThreadId(25) Task dispatched task="DataCompress" drift_us=7385
2026-03-25T15:42:50.348265Z  WARN ThreadId(21) downlink_tx: send timeout/error elapsed_us=56553395
2026-03-25T15:42:50.348280Z  WARN ThreadId(21) downlink_tx: send timeout/error elapsed_us=56553395
2026-03-25T15:42:50.398619Z  INFO ThreadId(25) Task dispatched task="ThermalControl" drift_us=1189
2026-03-25T15:42:50.398630Z  INFO ThreadId(22) sensor_read sensor="thermal" seq=565 value=35.18674604598213 drift_us=1253 jitter_us=231 latency_us=0 elapsed_us=56603779
2026-03-25T15:42:50.398662Z  INFO ThreadId(21) sensor_read sensor="power" seq=282 value=3.2016521109230327 drift_us=1273 jitter_us=123 latency_us=0 elapsed_us=56603809
2026-03-25T15:42:50.398701Z  WARN ThreadId(24) downlink_tx: send timeout/error elapsed_us=56603832
2026-03-25T15:42:50.398711Z  WARN ThreadId(24) downlink_tx: send timeout/error elapsed_us=56603832
2026-03-25T15:42:50.499577Z  INFO ThreadId(22) Task dispatched task="ThermalControl" drift_us=2145
2026-03-25T15:42:50.499587Z  INFO ThreadId(24) sensor_read sensor="thermal" seq=566 value=52.5041968239039 drift_us=2214 jitter_us=953 latency_us=0 elapsed_us=56704740
2026-03-25T15:42:50.499662Z  WARN ThreadId(21) downlink_tx: send timeout/error elapsed_us=56704770
2026-03-25T15:42:50.599197Z  INFO ThreadId(06) Task dispatched task="ThermalControl" drift_us=1771
2026-03-25T15:42:50.599242Z  WARN ThreadId(21) JITTER EXCEEDED 1ms limit sensor="thermal" jitter_us=1307 consecutive_miss=1 limit_us=1000 elapsed_us=56804394
2026-03-25T15:42:50.599267Z  INFO ThreadId(21) sensor_read sensor="thermal" seq=567 value=77.7047643819117 drift_us=1868 jitter_us=1307 latency_us=0 elapsed_us=56804394
2026-03-25T15:42:50.599274Z  INFO ThreadId(22) sensor_read sensor="power" seq=283 value=1.4387235225158368 drift_us=1894 jitter_us=396 latency_us=0 elapsed_us=56804430
2026-03-25T15:42:50.648239Z  WARN ThreadId(24) downlink_tx: send timeout/error elapsed_us=56853371
2026-03-25T15:42:50.648256Z  WARN ThreadId(24) downlink_tx: send timeout/error elapsed_us=56853371
2026-03-25T15:42:50.698366Z  INFO ThreadId(22) Task dispatched task="ThermalControl" drift_us=940
2026-03-25T15:42:50.698404Z  INFO ThreadId(22) sensor_read sensor="thermal" seq=568 value=75.2268919103459 drift_us=1040 jitter_us=482 latency_us=0 elapsed_us=56903566
2026-03-25T15:42:50.749653Z  WARN ThreadId(22) downlink_tx: send timeout/error elapsed_us=56954751
2026-03-25T15:42:50.798197Z  INFO ThreadId(21) Task dispatched task="ThermalControl" drift_us=772
2026-03-25T15:42:50.798225Z  INFO ThreadId(21) sensor_read sensor="thermal" seq=569 value=69.52751640770909 drift_us=859 jitter_us=647 latency_us=0 elapsed_us=57003385
2026-03-25T15:42:50.798237Z  INFO ThreadId(24) sensor_read sensor="imu" seq=113 value=0.05544838367380481 drift_us=857 jitter_us=729 latency_us=0 elapsed_us=57003397
2026-03-25T15:42:50.798252Z  WARN ThreadId(21) downlink_tx: send timeout/error elapsed_us=57003400
2026-03-25T15:42:50.798242Z ERROR ThreadId(22) JITTER LIMIT VIOLATED (>1ms) sensor="power" jitter_us=1670
2026-03-25T15:42:50.798254Z  WARN ThreadId(21) downlink_tx: send timeout/error elapsed_us=57003400
2026-03-25T15:42:50.798257Z  WARN ThreadId(21) downlink_tx: send timeout/error elapsed_us=57003400
2026-03-25T15:42:50.798257Z  INFO ThreadId(22) sensor_read sensor="power" seq=284 value=2.1581572875372372 drift_us=845 jitter_us=1670 latency_us=0 elapsed_us=57003381
2026-03-25T15:42:50.804837Z  INFO ThreadId(24) Task dispatched task="DataCompress" drift_us=7417
2026-03-25T15:42:50.826806Z  INFO ThreadId(24) Task dispatched task="HealthMonitor" drift_us=29383
2026-03-25T15:42:50.898333Z  INFO ThreadId(24) Task dispatched task="ThermalControl" drift_us=908
2026-03-25T15:42:50.898362Z  INFO ThreadId(24) sensor_read sensor="thermal" seq=570 value=49.943862508319086 drift_us=999 jitter_us=321 latency_us=0 elapsed_us=57103525
2026-03-25T15:42:50.949312Z  WARN ThreadId(24) downlink_tx: send timeout/error elapsed_us=57154445
2026-03-25T15:42:50.998561Z  INFO ThreadId(21) Task dispatched task="ThermalControl" drift_us=1137
2026-03-25T15:42:50.998568Z  INFO ThreadId(24) sensor_read sensor="thermal" seq=571 value=25.61650019265244 drift_us=1198 jitter_us=59 latency_us=1 elapsed_us=57203724
2026-03-25T15:42:50.998583Z ERROR ThreadId(24) JITTER LIMIT VIOLATED (>1ms) sensor="power" jitter_us=1415
2026-03-25T15:42:50.998585Z  INFO ThreadId(24) sensor_read sensor="power" seq=285 value=3.9259533998796 drift_us=1211 jitter_us=1415 latency_us=0 elapsed_us=57203747
2026-03-25T15:42:50.998595Z  WARN ThreadId(21) downlink_tx: send timeout/error elapsed_us=57203746
2026-03-25T15:42:50.998598Z  WARN ThreadId(21) downlink_tx: send timeout/error elapsed_us=57203746
2026-03-25T15:42:51.099197Z  INFO ThreadId(06) Task dispatched task="ThermalControl" drift_us=1768
2026-03-25T15:42:51.099231Z  INFO ThreadId(06) sensor_read sensor="thermal" seq=572 value=20.77753336291253 drift_us=1866 jitter_us=469 latency_us=0 elapsed_us=57304392
2026-03-25T15:42:51.148079Z  WARN ThreadId(22) downlink_tx: send timeout/error elapsed_us=57353210
2026-03-25T15:42:51.199495Z  INFO ThreadId(06) Task dispatched task="ThermalControl" drift_us=2053
2026-03-25T15:42:51.199514Z  INFO ThreadId(22) sensor_read sensor="thermal" seq=573 value=69.22533957142831 drift_us=2129 jitter_us=405 latency_us=0 elapsed_us=57404655
2026-03-25T15:42:51.199538Z  INFO ThreadId(22) sensor_read sensor="power" seq=286 value=3.0040440674135627 drift_us=2166 jitter_us=589 latency_us=0 elapsed_us=57404702
2026-03-25T15:42:51.199602Z  WARN ThreadId(24) downlink_tx: send timeout/error elapsed_us=57404716
2026-03-25T15:42:51.199621Z  WARN ThreadId(24) downlink_tx: send timeout/error elapsed_us=57404716
2026-03-25T15:42:51.299333Z  INFO ThreadId(24) Task dispatched task="ThermalControl" drift_us=1909
2026-03-25T15:42:51.299338Z  INFO ThreadId(22) sensor_read sensor="thermal" seq=574 value=66.3988780762096 drift_us=1968 jitter_us=424 latency_us=1 elapsed_us=57504494
2026-03-25T15:42:51.299350Z ERROR ThreadId(21) JITTER LIMIT VIOLATED (>1ms) sensor="imu" jitter_us=1519
2026-03-25T15:42:51.299355Z  INFO ThreadId(21) sensor_read sensor="imu" seq=114 value=-0.06594091115569252 drift_us=1968 jitter_us=1519 latency_us=0 elapsed_us=57504508
2026-03-25T15:42:51.299374Z  WARN ThreadId(24) downlink_tx: send timeout/error elapsed_us=57504521
2026-03-25T15:42:51.299377Z  WARN ThreadId(24) downlink_tx: send timeout/error elapsed_us=57504521
2026-03-25T15:42:51.305505Z  INFO ThreadId(06) Task dispatched task="DataCompress" drift_us=8068
2026-03-25T15:42:51.398252Z  INFO ThreadId(06) Task dispatched task="ThermalControl" drift_us=824
2026-03-25T15:42:51.398296Z  INFO ThreadId(21) sensor_read sensor="thermal" seq=575 value=51.949327302869186 drift_us=918 jitter_us=889 latency_us=0 elapsed_us=57603444
2026-03-25T15:42:51.398326Z ERROR ThreadId(22) JITTER LIMIT VIOLATED (>1ms) sensor="power" jitter_us=2176
2026-03-25T15:42:51.398332Z  INFO ThreadId(22) sensor_read sensor="power" seq=287 value=0.6893526458593551 drift_us=945 jitter_us=2176 latency_us=0 elapsed_us=57603481
2026-03-25T15:42:51.398334Z  WARN ThreadId(24) downlink_tx: send timeout/error elapsed_us=57603465
2026-03-25T15:42:51.398344Z  WARN ThreadId(24) downlink_tx: send timeout/error elapsed_us=57603465
2026-03-25T15:42:51.498316Z  INFO ThreadId(24) Task dispatched task="ThermalControl" drift_us=885
2026-03-25T15:42:51.498357Z  WARN ThreadId(24) JITTER EXCEEDED 1ms limit sensor="thermal" jitter_us=1125 consecutive_miss=1 limit_us=1000 elapsed_us=57703519
2026-03-25T15:42:51.498365Z  INFO ThreadId(24) sensor_read sensor="thermal" seq=576 value=70.33054584366208 drift_us=993 jitter_us=1125 latency_us=0 elapsed_us=57703519
2026-03-25T15:42:51.548728Z  WARN ThreadId(22) downlink_tx: send timeout/error elapsed_us=57753857
2026-03-25T15:42:51.598522Z  INFO ThreadId(24) Task dispatched task="ThermalControl" drift_us=1098
2026-03-25T15:42:51.598527Z  INFO ThreadId(22) sensor_read sensor="thermal" seq=577 value=72.5102898599743 drift_us=1158 jitter_us=90 latency_us=1 elapsed_us=57803684
2026-03-25T15:42:51.598537Z ERROR ThreadId(21) JITTER LIMIT VIOLATED (>1ms) sensor="power" jitter_us=1435
2026-03-25T15:42:51.598541Z  INFO ThreadId(21) sensor_read sensor="power" seq=288 value=3.1544424817329197 drift_us=1159 jitter_us=1435 latency_us=0 elapsed_us=57803695
2026-03-25T15:42:51.598605Z  WARN ThreadId(25) downlink_tx: send timeout/error elapsed_us=57803727
2026-03-25T15:42:51.598624Z  WARN ThreadId(25) downlink_tx: send timeout/error elapsed_us=57803727
2026-03-25T15:42:51.698088Z  INFO ThreadId(25) Task dispatched task="ThermalControl" drift_us=663
2026-03-25T15:42:51.698151Z  INFO ThreadId(06) sensor_read sensor="thermal" seq=578 value=24.42619824664773 drift_us=767 jitter_us=556 latency_us=0 elapsed_us=57903293
2026-03-25T15:42:51.749194Z  WARN ThreadId(25) downlink_tx: send timeout/error elapsed_us=57954322
2026-03-25T15:42:51.798323Z  INFO ThreadId(06) Task dispatched task="ThermalControl" drift_us=894
2026-03-25T15:42:51.798373Z  WARN ThreadId(06) downlink_tx: send timeout/error elapsed_us=58003514
2026-03-25T15:42:51.798384Z  INFO ThreadId(06) sensor_read sensor="thermal" seq=579 value=28.358676823122867 drift_us=1020 jitter_us=644 latency_us=0 elapsed_us=58003546
2026-03-25T15:42:51.798363Z  INFO ThreadId(25) sensor_read sensor="power" seq=289 value=2.2726304722135233 drift_us=970 jitter_us=403 latency_us=0 elapsed_us=58003506
2026-03-25T15:42:51.798447Z ERROR ThreadId(22) JITTER LIMIT VIOLATED (>1ms) sensor="imu" jitter_us=2031
2026-03-25T15:42:51.798473Z  INFO ThreadId(22) sensor_read sensor="imu" seq=115 value=-0.005301342883629934 drift_us=1048 jitter_us=2031 latency_us=0 elapsed_us=58003588
2026-03-25T15:42:51.804384Z  INFO ThreadId(06) Task dispatched task="DataCompress" drift_us=6962
2026-03-25T15:42:51.825826Z  INFO ThreadId(06) Task dispatched task="HealthMonitor" drift_us=28400
2026-03-25T15:42:51.848291Z  WARN ThreadId(06) downlink_tx: send timeout/error elapsed_us=58053416
2026-03-25T15:42:51.848310Z  WARN ThreadId(06) downlink_tx: send timeout/error elapsed_us=58053416
2026-03-25T15:42:51.898587Z  INFO ThreadId(06) Task dispatched task="ThermalControl" drift_us=1161
2026-03-25T15:42:51.898589Z  INFO ThreadId(22) sensor_read sensor="thermal" seq=580 value=40.11259278076257 drift_us=1222 jitter_us=51 latency_us=0 elapsed_us=58103748
2026-03-25T15:42:51.898618Z  WARN ThreadId(24) downlink_tx: send timeout/error elapsed_us=58103761
2026-03-25T15:42:51.998624Z  INFO ThreadId(24) Task dispatched task="ThermalControl" drift_us=1199
2026-03-25T15:42:51.998630Z  INFO ThreadId(22) sensor_read sensor="thermal" seq=581 value=40.3366769327117 drift_us=1261 jitter_us=163 latency_us=1 elapsed_us=58203787
2026-03-25T15:42:51.998668Z  WARN ThreadId(22) downlink_tx: send timeout/error elapsed_us=58203817
2026-03-25T15:42:51.998670Z  WARN ThreadId(22) downlink_tx: send timeout/error elapsed_us=58203817
2026-03-25T15:42:51.998671Z  INFO ThreadId(25) sensor_read sensor="power" seq=290 value=3.7956874844048976 drift_us=1282 jitter_us=501 latency_us=0 elapsed_us=58203818
2026-03-25T15:42:52.098570Z  INFO ThreadId(25) Task dispatched task="ThermalControl" drift_us=1145
2026-03-25T15:42:52.098619Z  INFO ThreadId(22) sensor_read sensor="thermal" seq=582 value=52.91106896720907 drift_us=1242 jitter_us=58 latency_us=0 elapsed_us=58303768
2026-03-25T15:42:52.148190Z  WARN ThreadId(25) downlink_tx: send timeout/error elapsed_us=58353318
2026-03-25T15:42:52.198549Z  INFO ThreadId(22) Task dispatched task="ThermalControl" drift_us=1122
2026-03-25T15:42:52.198578Z  INFO ThreadId(25) sensor_read sensor="thermal" seq=583 value=70.2133334504484 drift_us=1200 jitter_us=23 latency_us=1 elapsed_us=58403726
2026-03-25T15:42:52.198595Z  WARN ThreadId(22) downlink_tx: send timeout/error elapsed_us=58403741
2026-03-25T15:42:52.198616Z  INFO ThreadId(24) sensor_read sensor="power" seq=291 value=3.3957074792532302 drift_us=1223 jitter_us=371 latency_us=0 elapsed_us=58403759
2026-03-25T15:42:52.248599Z  WARN ThreadId(22) downlink_tx: send timeout/error elapsed_us=58453726
2026-03-25T15:42:52.298173Z  INFO ThreadId(24) Task dispatched task="ThermalControl" drift_us=748
2026-03-25T15:42:52.298199Z  INFO ThreadId(24) sensor_read sensor="imu" seq=116 value=-0.005694171243087617 drift_us=820 jitter_us=692 latency_us=0 elapsed_us=58503360
2026-03-25T15:42:52.298229Z  WARN ThreadId(24) downlink_tx: send timeout/error elapsed_us=58503376
2026-03-25T15:42:52.298264Z  INFO ThreadId(06) sensor_read sensor="thermal" seq=584 value=49.31095948047058 drift_us=884 jitter_us=274 latency_us=0 elapsed_us=58503410
2026-03-25T15:42:52.304531Z  INFO ThreadId(24) Task dispatched task="DataCompress" drift_us=7108
2026-03-25T15:42:52.348246Z  WARN ThreadId(24) downlink_tx: send timeout/error elapsed_us=58553374
2026-03-25T15:42:52.398335Z  INFO ThreadId(06) Task dispatched task="ThermalControl" drift_us=901
2026-03-25T15:42:52.398340Z  INFO ThreadId(24) sensor_read sensor="thermal" seq=585 value=22.9372681694938 drift_us=959 jitter_us=391 latency_us=0 elapsed_us=58603485
2026-03-25T15:42:52.398362Z  WARN ThreadId(25) downlink_tx: send timeout/error elapsed_us=58603504
2026-03-25T15:42:52.398399Z  INFO ThreadId(25) sensor_read sensor="power" seq=292 value=3.172983130313318 drift_us=1022 jitter_us=142 latency_us=0 elapsed_us=58603558
2026-03-25T15:42:52.448671Z  WARN ThreadId(22) downlink_tx: send timeout/error elapsed_us=58653798
2026-03-25T15:42:52.498293Z  INFO ThreadId(25) Task dispatched task="ThermalControl" drift_us=865
2026-03-25T15:42:52.498327Z  INFO ThreadId(06) sensor_read sensor="thermal" seq=586 value=58.44281846596432 drift_us=959 jitter_us=75 latency_us=0 elapsed_us=58703485
2026-03-25T15:42:52.549246Z  WARN ThreadId(22) downlink_tx: send timeout/error elapsed_us=58754376
2026-03-25T15:42:52.598265Z  INFO ThreadId(06) Task dispatched task="ThermalControl" drift_us=841
2026-03-25T15:42:52.598270Z  INFO ThreadId(22) sensor_read sensor="thermal" seq=587 value=57.94109743894587 drift_us=901 jitter_us=58 latency_us=1 elapsed_us=58803427
2026-03-25T15:42:52.598288Z  INFO ThreadId(06) sensor_read sensor="power" seq=293 value=1.0428829469497245 drift_us=915 jitter_us=94 latency_us=0 elapsed_us=58803451
2026-03-25T15:42:52.598314Z  WARN ThreadId(25) downlink_tx: send timeout/error elapsed_us=58803455
2026-03-25T15:42:52.598320Z  WARN ThreadId(25) downlink_tx: send timeout/error elapsed_us=58803455
2026-03-25T15:42:52.698432Z  INFO ThreadId(21) Task dispatched task="ThermalControl" drift_us=1008
2026-03-25T15:42:52.698465Z  INFO ThreadId(25) sensor_read sensor="thermal" seq=588 value=31.66796593053536 drift_us=1098 jitter_us=255 latency_us=0 elapsed_us=58903624
2026-03-25T15:42:52.748354Z  WARN ThreadId(25) downlink_tx: send timeout/error elapsed_us=58953483
2026-03-25T15:42:52.798535Z  INFO ThreadId(21) Task dispatched task="ThermalControl" drift_us=1110
2026-03-25T15:42:52.798536Z  INFO ThreadId(06) sensor_read sensor="power" seq=294 value=2.098949925798042 drift_us=1158 jitter_us=350 latency_us=0 elapsed_us=59003694
2026-03-25T15:42:52.798551Z  INFO ThreadId(25) sensor_read sensor="imu" seq=117 value=-0.07690437130572053 drift_us=1170 jitter_us=578 latency_us=0 elapsed_us=59003710
2026-03-25T15:42:52.798564Z  INFO ThreadId(22) sensor_read sensor="thermal" seq=589 value=31.443840728284123 drift_us=1199 jitter_us=96 latency_us=0 elapsed_us=59003725
2026-03-25T15:42:52.798574Z  WARN ThreadId(21) downlink_tx: send timeout/error elapsed_us=59003720
2026-03-25T15:42:52.798577Z  WARN ThreadId(21) downlink_tx: send timeout/error elapsed_us=59003720
2026-03-25T15:42:52.798578Z  WARN ThreadId(21) downlink_tx: send timeout/error elapsed_us=59003720
2026-03-25T15:42:52.804627Z  INFO ThreadId(25) Task dispatched task="DataCompress" drift_us=7213
2026-03-25T15:42:52.825648Z  INFO ThreadId(25) Task dispatched task="HealthMonitor" drift_us=28223
2026-03-25T15:42:52.899259Z  INFO ThreadId(25) Task dispatched task="ThermalControl" drift_us=1826
2026-03-25T15:42:52.899270Z  INFO ThreadId(21) sensor_read sensor="thermal" seq=590 value=20.84127427856608 drift_us=1894 jitter_us=594 latency_us=0 elapsed_us=59104420
2026-03-25T15:42:52.899287Z  WARN ThreadId(22) downlink_tx: send timeout/error elapsed_us=59104430
2026-03-25T15:42:52.998488Z  INFO ThreadId(22) Task dispatched task="ThermalControl" drift_us=1064
2026-03-25T15:42:52.998495Z  WARN ThreadId(24) JITTER EXCEEDED 1ms limit sensor="thermal" jitter_us=1462 consecutive_miss=1 limit_us=1000 elapsed_us=59203653
2026-03-25T15:42:52.998508Z  INFO ThreadId(24) sensor_read sensor="thermal" seq=591 value=55.13796639412835 drift_us=1127 jitter_us=1462 latency_us=0 elapsed_us=59203653
2026-03-25T15:42:52.998520Z  INFO ThreadId(24) sensor_read sensor="power" seq=295 value=1.0367266423029127 drift_us=1148 jitter_us=253 latency_us=0 elapsed_us=59203684
2026-03-25T15:42:52.998543Z  WARN ThreadId(24) downlink_tx: send timeout/error elapsed_us=59203691
2026-03-25T15:42:52.998546Z  WARN ThreadId(24) downlink_tx: send timeout/error elapsed_us=59203691
2026-03-25T15:42:53.098296Z  INFO ThreadId(24) Task dispatched task="ThermalControl" drift_us=872
2026-03-25T15:42:53.098314Z  INFO ThreadId(22) sensor_read sensor="thermal" seq=592 value=28.181750362675114 drift_us=948 jitter_us=588 latency_us=0 elapsed_us=59303474
2026-03-25T15:42:53.098332Z  WARN ThreadId(24) downlink_tx: send timeout/error elapsed_us=59303480
2026-03-25T15:42:53.198098Z  INFO ThreadId(24) Task dispatched task="ThermalControl" drift_us=673
2026-03-25T15:42:53.198140Z  WARN ThreadId(24) downlink_tx: send timeout/error elapsed_us=59403286
2026-03-25T15:42:53.198131Z  INFO ThreadId(25) sensor_read sensor="thermal" seq=593 value=42.633259133406725 drift_us=751 jitter_us=18 latency_us=0 elapsed_us=59403277
2026-03-25T15:42:53.198147Z  INFO ThreadId(24) sensor_read sensor="power" seq=296 value=0.7355722449256639 drift_us=775 jitter_us=363 latency_us=0 elapsed_us=59403311
2026-03-25T15:42:53.248424Z  WARN ThreadId(24) downlink_tx: send timeout/error elapsed_us=59453553
2026-03-25T15:42:53.298257Z  INFO ThreadId(21) Task dispatched task="ThermalControl" drift_us=832
2026-03-25T15:42:53.298262Z  INFO ThreadId(24) sensor_read sensor="thermal" seq=594 value=55.54099822099369 drift_us=893 jitter_us=339 latency_us=0 elapsed_us=59503419
2026-03-25T15:42:53.298284Z  INFO ThreadId(24) sensor_read sensor="imu" seq=118 value=0.035123823260153175 drift_us=907 jitter_us=613 latency_us=0 elapsed_us=59503447
2026-03-25T15:42:53.298298Z  WARN ThreadId(21) downlink_tx: send timeout/error elapsed_us=59503446
2026-03-25T15:42:53.298301Z  WARN ThreadId(21) downlink_tx: send timeout/error elapsed_us=59503446
2026-03-25T15:42:53.304373Z  INFO ThreadId(24) Task dispatched task="DataCompress" drift_us=6956
2026-03-25T15:42:53.398608Z  INFO ThreadId(24) Task dispatched task="ThermalControl" drift_us=1184
2026-03-25T15:42:53.398613Z  INFO ThreadId(22) sensor_read sensor="thermal" seq=595 value=52.02317971873329 drift_us=1243 jitter_us=208 latency_us=0 elapsed_us=59603769
2026-03-25T15:42:53.398625Z  INFO ThreadId(21) sensor_read sensor="power" seq=297 value=3.8593796047133213 drift_us=1248 jitter_us=846 latency_us=1 elapsed_us=59603784
2026-03-25T15:42:53.398646Z  WARN ThreadId(24) downlink_tx: send timeout/error elapsed_us=59603795
2026-03-25T15:42:53.398649Z  WARN ThreadId(24) downlink_tx: send timeout/error elapsed_us=59603795
2026-03-25T15:42:53.498336Z  INFO ThreadId(24) Task dispatched task="ThermalControl" drift_us=911
2026-03-25T15:42:53.498351Z  INFO ThreadId(25) sensor_read sensor="thermal" seq=596 value=22.66972549626019 drift_us=984 jitter_us=609 latency_us=1 elapsed_us=59703510
2026-03-25T15:42:53.498383Z  WARN ThreadId(22) downlink_tx: send timeout/error elapsed_us=59703525
2026-03-25T15:42:53.598555Z  INFO ThreadId(06) Task dispatched task="ThermalControl" drift_us=1130
2026-03-25T15:42:53.598562Z  INFO ThreadId(24) sensor_read sensor="thermal" seq=597 value=76.06561595921383 drift_us=1193 jitter_us=468 latency_us=0 elapsed_us=59803719
2026-03-25T15:42:53.598580Z  INFO ThreadId(24) sensor_read sensor="power" seq=298 value=2.254891078200028 drift_us=1208 jitter_us=513 latency_us=0 elapsed_us=59803744
2026-03-25T15:42:53.598599Z  WARN ThreadId(24) downlink_tx: send timeout/error elapsed_us=59803750
2026-03-25T15:42:53.598601Z  WARN ThreadId(24) downlink_tx: send timeout/error elapsed_us=59803750
2026-03-25T15:42:53.698361Z  INFO ThreadId(24) Task dispatched task="ThermalControl" drift_us=937
2026-03-25T15:42:53.698388Z  INFO ThreadId(24) sensor_read sensor="thermal" seq=598 value=57.57378941418972 drift_us=1024 jitter_us=378 latency_us=0 elapsed_us=59903550
2026-03-25T15:42:53.698410Z  WARN ThreadId(22) downlink_tx: send timeout/error elapsed_us=59903553
2026-03-25T15:42:53.798927Z  INFO ThreadId(01) Simulation timer expired. Shutting down.
2026-03-25T15:42:53.798928Z  INFO ThreadId(25) Task dispatched task="ThermalControl" drift_us=1507
2026-03-25T15:42:53.798935Z  INFO ThreadId(22) sensor_read sensor="power" seq=299 value=2.799655271947657 drift_us=1556 jitter_us=388 latency_us=0 elapsed_us=60004092
2026-03-25T15:42:53.798952Z  INFO ThreadId(25) thermal_sensor: cancelled
2026-03-25T15:42:53.798957Z  INFO ThreadId(25) thermal_sensor final jitter stats sensor="thermal" p50=696 p99=2599 max=3067
2026-03-25T15:42:53.798965Z  INFO ThreadId(22) sensor_read sensor="imu" seq=119 value=-0.014490523286648127 drift_us=1589 jitter_us=945 latency_us=0 elapsed_us=60004129
2026-03-25T15:42:53.799035Z  WARN ThreadId(21) downlink_tx: send timeout/error elapsed_us=60004178
2026-03-25T15:42:53.799040Z  WARN ThreadId(21) downlink_tx: send timeout/error elapsed_us=60004178
2026-03-25T15:42:53.799045Z  INFO ThreadId(21) downlink_tx final queue latency stats p50=120 p99=51071
2026-03-25T15:42:54.774343Z  WARN ThreadId(02) FAULT INJECTED fault=CorruptedData severity=2 elapsed_us=60979485
2026-03-25T15:42:54.774382Z  INFO ThreadId(02) satellite state → Fault (fault injection) fault=CorruptedData elapsed_us=60979485
2026-03-25T15:42:54.925080Z  INFO ThreadId(02) fault_pkt sent to GCS — awaiting ResetSensor command elapsed_us=61130227
2026-03-25T15:42:54.925106Z  INFO ThreadId(02) FAULT RECOVERED — satellite state → Nominal recovery_ms=0 elapsed_us=61130269
2026-03-25T15:43:04.939457Z  WARN ThreadId(02) FAULT INJECTED fault=DelayedSensor severity=2 elapsed_us=71144596
2026-03-25T15:43:04.990918Z  INFO ThreadId(02) fault_pkt sent to GCS — awaiting ResetSensor command elapsed_us=71196064
2026-03-25T15:43:05.192535Z ERROR ThreadId(02) RECOVERY EXCEEDED 200ms — MISSION ABORT recovery_ms=201 elapsed_us=71397685 limit_ms=200
2026-03-25T15:43:06.193114Z  INFO ThreadId(02) Circuit is OPEN (MissionAbort) - stopping fault injector
2026-03-25T15:43:06.193130Z  INFO ThreadId(02) fault_injector final stats total_faults=7 total_recoveries=6 max_recovery_ms=201
2026-03-25T15:43:06.193214Z  INFO ThreadId(01) === SATELLITE SIMULATION COMPLETE === total_thermal_packets=1017 total_dropped_packets=0 peak_buffer_fill=3 thermal_jitter_p50_us=696 thermal_jitter_p99_us=2599 thermal_jitter_max_us=3067 downlink_queue_latency_p50_us=120 downlink_queue_latency_p99_us=51071 rms_thermal_violations=0 rms_compress_violations=0 rms_health_violations=0 cpu_util_pct=13.998735914146954 total_faults_injected=7 max_recovery_ms=201 mission_aborts=1
2026-03-25T16:00:11.357554Z  INFO ThreadId(01) Starting Satellite OCS Simulation (TCP MODE)
2026-03-25T16:00:11.357574Z  INFO ThreadId(01) Connecting to Ground Control at 127.0.0.1:8888...
2026-03-25T16:00:11.358984Z  INFO ThreadId(01) Connected to Ground Control Station.
2026-03-25T16:00:11.366910Z  INFO ThreadId(25) uplink_rx: received cmd=Heartbeat seq=0 dispatch_latency_us=0 elapsed_us=10157
2026-03-25T16:00:11.366931Z  INFO ThreadId(25) command executed cmd=Heartbeat
2026-03-25T16:00:11.461664Z  INFO ThreadId(20) Task dispatched task="ThermalControl" drift_us=2582
2026-03-25T16:00:11.461824Z  INFO ThreadId(25) sensor_read sensor="thermal" seq=0 value=39.69098441038035 drift_us=2616 jitter_us=0 latency_us=0 elapsed_us=104910
2026-03-25T16:00:11.510841Z  INFO ThreadId(23) downlink_tx: sent tx_log_seq=0 sensor=Thermal sensor_seq=0 queue_latency_us=48983 elapsed_us=153938
2026-03-25T16:00:11.560473Z  INFO ThreadId(25) Task dispatched task="ThermalControl" drift_us=1390
2026-03-25T16:00:11.560509Z  WARN ThreadId(23) JITTER EXCEEDED 1ms limit sensor="thermal" jitter_us=1180 consecutive_miss=1 limit_us=1000 elapsed_us=203730
2026-03-25T16:00:11.560526Z  INFO ThreadId(23) sensor_read sensor="thermal" seq=1 value=48.576014260511485 drift_us=1436 jitter_us=1180 latency_us=0 elapsed_us=203730
2026-03-25T16:00:11.560555Z  INFO ThreadId(20) sensor_read sensor="power" seq=0 value=0.7894474222712373 drift_us=1481 jitter_us=0 latency_us=0 elapsed_us=203787
2026-03-25T16:00:11.610762Z  INFO ThreadId(23) downlink_tx: sent tx_log_seq=1 sensor=Power sensor_seq=0 queue_latency_us=50211 elapsed_us=253894
2026-03-25T16:00:11.610791Z  INFO ThreadId(23) downlink_tx: sent tx_log_seq=2 sensor=Thermal sensor_seq=1 queue_latency_us=50267 elapsed_us=253894
2026-03-25T16:00:11.660274Z  INFO ThreadId(25) Task dispatched task="ThermalControl" drift_us=1195
2026-03-25T16:00:11.660292Z  INFO ThreadId(23) sensor_read sensor="thermal" seq=2 value=44.04417062432322 drift_us=1240 jitter_us=984 latency_us=1 elapsed_us=303534
2026-03-25T16:00:11.660425Z  INFO ThreadId(23) downlink_tx: sent tx_log_seq=3 sensor=Thermal sensor_seq=2 queue_latency_us=149 elapsed_us=303575
2026-03-25T16:00:11.760292Z  INFO ThreadId(20) Task dispatched task="ThermalControl" drift_us=1209
2026-03-25T16:00:11.760308Z  INFO ThreadId(25) sensor_read sensor="thermal" seq=3 value=54.220928408115 drift_us=1257 jitter_us=213 latency_us=1 elapsed_us=403551
2026-03-25T16:00:11.760339Z  INFO ThreadId(20) sensor_read sensor="power" seq=1 value=4.274504880619359 drift_us=1289 jitter_us=192 latency_us=0 elapsed_us=403595
2026-03-25T16:00:11.760418Z  INFO ThreadId(09) downlink_tx: sent tx_log_seq=4 sensor=Thermal sensor_seq=3 queue_latency_us=122 elapsed_us=403562
2026-03-25T16:00:11.760439Z  INFO ThreadId(09) downlink_tx: sent tx_log_seq=5 sensor=Power sensor_seq=1 queue_latency_us=104 elapsed_us=403562
2026-03-25T16:00:11.860770Z  INFO ThreadId(25) sensor_read sensor="thermal" seq=4 value=57.128272555588524 drift_us=1713 jitter_us=439 latency_us=1 elapsed_us=504007
2026-03-25T16:00:11.860813Z  INFO ThreadId(25) sensor_read sensor="imu" seq=0 value=-0.014453608114950972 drift_us=1761 jitter_us=0 latency_us=0 elapsed_us=504072
2026-03-25T16:00:11.860817Z  INFO ThreadId(09) Task dispatched task="ThermalControl" drift_us=1745
2026-03-25T16:00:11.860874Z  INFO ThreadId(23) downlink_tx: sent tx_log_seq=6 sensor=Thermal sensor_seq=4 queue_latency_us=112 elapsed_us=504020
2026-03-25T16:00:11.860897Z  INFO ThreadId(23) downlink_tx: sent tx_log_seq=7 sensor=Imu sensor_seq=0 queue_latency_us=85 elapsed_us=504020
2026-03-25T16:00:11.866715Z  INFO ThreadId(25) Task dispatched task="DataCompress" drift_us=7646
2026-03-25T16:00:11.960423Z  INFO ThreadId(23) Task dispatched task="ThermalControl" drift_us=1347
2026-03-25T16:00:11.960464Z  INFO ThreadId(25) sensor_read sensor="thermal" seq=5 value=62.02687630175494 drift_us=1409 jitter_us=760 latency_us=0 elapsed_us=603703
2026-03-25T16:00:11.960510Z  INFO ThreadId(09) sensor_read sensor="power" seq=2 value=4.4564350925273875 drift_us=1432 jitter_us=335 latency_us=0 elapsed_us=603738
2026-03-25T16:00:11.960547Z  INFO ThreadId(23) downlink_tx: sent tx_log_seq=8 sensor=Thermal sensor_seq=5 queue_latency_us=102 elapsed_us=603706
2026-03-25T16:00:11.960562Z  INFO ThreadId(23) downlink_tx: sent tx_log_seq=9 sensor=Power sensor_seq=2 queue_latency_us=65 elapsed_us=603706
2026-03-25T16:00:12.060353Z  INFO ThreadId(03) Task dispatched task="ThermalControl" drift_us=1277
2026-03-25T16:00:12.060361Z  INFO ThreadId(09) sensor_read sensor="thermal" seq=6 value=68.08177369985862 drift_us=1321 jitter_us=216 latency_us=0 elapsed_us=703615
2026-03-25T16:00:12.060477Z  INFO ThreadId(25) downlink_tx: sent tx_log_seq=10 sensor=Thermal sensor_seq=6 queue_latency_us=119 elapsed_us=703629
2026-03-25T16:00:12.160385Z  INFO ThreadId(03) Task dispatched task="ThermalControl" drift_us=1311
2026-03-25T16:00:12.160397Z  INFO ThreadId(23) sensor_read sensor="thermal" seq=7 value=71.07593451766036 drift_us=1358 jitter_us=125 latency_us=0 elapsed_us=803652
2026-03-25T16:00:12.160415Z  INFO ThreadId(03) sensor_read sensor="power" seq=3 value=4.738463714974368 drift_us=1363 jitter_us=212 latency_us=0 elapsed_us=803669
2026-03-25T16:00:12.160552Z  INFO ThreadId(09) downlink_tx: sent tx_log_seq=11 sensor=Power sensor_seq=3 queue_latency_us=125 elapsed_us=803683
2026-03-25T16:00:12.160587Z  INFO ThreadId(09) downlink_tx: sent tx_log_seq=12 sensor=Thermal sensor_seq=7 queue_latency_us=195 elapsed_us=803683
2026-03-25T16:00:12.260212Z  INFO ThreadId(25) Task dispatched task="ThermalControl" drift_us=1137
2026-03-25T16:00:12.260221Z  INFO ThreadId(23) sensor_read sensor="thermal" seq=8 value=73.4545943311696 drift_us=1182 jitter_us=213 latency_us=0 elapsed_us=903476
2026-03-25T16:00:12.260342Z  INFO ThreadId(03) downlink_tx: sent tx_log_seq=13 sensor=Thermal sensor_seq=8 queue_latency_us=123 elapsed_us=903489
2026-03-25T16:00:12.360673Z  INFO ThreadId(09) sensor_read sensor="imu" seq=1 value=-0.012457269310289606 drift_us=1618 jitter_us=143 latency_us=0 elapsed_us=1003929
2026-03-25T16:00:12.360668Z  INFO ThreadId(23) sensor_read sensor="thermal" seq=9 value=30.3459716516317 drift_us=1621 jitter_us=615 latency_us=0 elapsed_us=1003915
2026-03-25T16:00:12.360688Z  INFO ThreadId(03) sensor_read sensor="power" seq=4 value=2.605350783536517 drift_us=1638 jitter_us=344 latency_us=0 elapsed_us=1003944
2026-03-25T16:00:12.360696Z  INFO ThreadId(09) Task dispatched task="ThermalControl" drift_us=1638
2026-03-25T16:00:12.360798Z  INFO ThreadId(23) downlink_tx: sent tx_log_seq=14 sensor=Imu sensor_seq=1 queue_latency_us=130 elapsed_us=1003961
2026-03-25T16:00:12.360810Z  INFO ThreadId(23) downlink_tx: sent tx_log_seq=15 sensor=Power sensor_seq=4 queue_latency_us=126 elapsed_us=1003961
2026-03-25T16:00:12.360818Z  INFO ThreadId(23) downlink_tx: sent tx_log_seq=16 sensor=Thermal sensor_seq=9 queue_latency_us=164 elapsed_us=1003961
2026-03-25T16:00:12.366645Z  INFO ThreadId(09) Task dispatched task="DataCompress" drift_us=7582
2026-03-25T16:00:12.388044Z  INFO ThreadId(09) Task dispatched task="HealthMonitor" drift_us=28972
2026-03-25T16:00:12.460283Z  INFO ThreadId(09) Task dispatched task="ThermalControl" drift_us=1207
2026-03-25T16:00:12.460289Z  INFO ThreadId(23) sensor_read sensor="thermal" seq=10 value=73.42587346635946 drift_us=1250 jitter_us=810 latency_us=0 elapsed_us=1103544
2026-03-25T16:00:12.460411Z  INFO ThreadId(20) downlink_tx: sent tx_log_seq=17 sensor=Thermal sensor_seq=10 queue_latency_us=123 elapsed_us=1103560
2026-03-25T16:00:12.559824Z  INFO ThreadId(23) Task dispatched task="ThermalControl" drift_us=748
2026-03-25T16:00:12.559828Z  INFO ThreadId(09) sensor_read sensor="thermal" seq=11 value=75.77170882750542 drift_us=788 jitter_us=91 latency_us=0 elapsed_us=1203082
2026-03-25T16:00:12.559860Z ERROR ThreadId(20) JITTER LIMIT VIOLATED (>1ms) sensor="power" jitter_us=1106
2026-03-25T16:00:12.559867Z  INFO ThreadId(20) sensor_read sensor="power" seq=5 value=1.7917994002570643 drift_us=807 jitter_us=1106 latency_us=0 elapsed_us=1203113
2026-03-25T16:00:12.559936Z  INFO ThreadId(03) downlink_tx: sent tx_log_seq=18 sensor=Thermal sensor_seq=11 queue_latency_us=110 elapsed_us=1203095
2026-03-25T16:00:12.559954Z  INFO ThreadId(03) downlink_tx: sent tx_log_seq=19 sensor=Power sensor_seq=5 queue_latency_us=102 elapsed_us=1203095
2026-03-25T16:00:12.660298Z  INFO ThreadId(23) Task dispatched task="ThermalControl" drift_us=1224
2026-03-25T16:00:12.660308Z  INFO ThreadId(20) sensor_read sensor="thermal" seq=12 value=54.00933728630016 drift_us=1268 jitter_us=942 latency_us=0 elapsed_us=1303562
2026-03-25T16:00:12.660421Z  INFO ThreadId(25) downlink_tx: sent tx_log_seq=20 sensor=Thermal sensor_seq=12 queue_latency_us=114 elapsed_us=1303579
2026-03-25T16:00:12.760274Z  INFO ThreadId(09) Task dispatched task="ThermalControl" drift_us=1197
2026-03-25T16:00:12.760300Z ERROR ThreadId(09) JITTER LIMIT VIOLATED (>1ms) sensor="power" jitter_us=1277
2026-03-25T16:00:12.760303Z  INFO ThreadId(09) sensor_read sensor="power" seq=6 value=2.277412262984642 drift_us=1253 jitter_us=1277 latency_us=0 elapsed_us=1403559
2026-03-25T16:00:12.760361Z  INFO ThreadId(23) sensor_read sensor="thermal" seq=13 value=29.743167478614577 drift_us=1300 jitter_us=448 latency_us=0 elapsed_us=1403594
2026-03-25T16:00:12.760417Z  INFO ThreadId(09) downlink_tx: sent tx_log_seq=21 sensor=Power sensor_seq=6 queue_latency_us=117 elapsed_us=1403575
2026-03-25T16:00:12.760429Z  INFO ThreadId(09) downlink_tx: sent tx_log_seq=22 sensor=Thermal sensor_seq=13 queue_latency_us=94 elapsed_us=1403575
2026-03-25T16:00:12.861553Z  WARN ThreadId(20) JITTER EXCEEDED 1ms limit sensor="thermal" jitter_us=1179 consecutive_miss=1 limit_us=1000 elapsed_us=1504805
2026-03-25T16:00:12.861575Z  INFO ThreadId(20) sensor_read sensor="thermal" seq=14 value=27.227502999581038 drift_us=2511 jitter_us=1179 latency_us=0 elapsed_us=1504805
2026-03-25T16:00:12.861574Z ERROR ThreadId(09) JITTER LIMIT VIOLATED (>1ms) sensor="imu" jitter_us=1045
2026-03-25T16:00:12.861580Z  INFO ThreadId(09) sensor_read sensor="imu" seq=2 value=0.030712899352099532 drift_us=2520 jitter_us=1045 latency_us=0 elapsed_us=1504831
2026-03-25T16:00:12.861585Z  INFO ThreadId(20) Task dispatched task="ThermalControl" drift_us=2527
2026-03-25T16:00:12.868039Z  INFO ThreadId(09) Task dispatched task="DataCompress" drift_us=8971
2026-03-25T16:00:12.911754Z  INFO ThreadId(09) downlink_tx: sent tx_log_seq=23 sensor=Imu sensor_seq=2 queue_latency_us=50173 elapsed_us=1554904
2026-03-25T16:00:12.911780Z  INFO ThreadId(09) downlink_tx: sent tx_log_seq=24 sensor=Thermal sensor_seq=14 queue_latency_us=50206 elapsed_us=1554904
2026-03-25T16:00:12.960507Z  INFO ThreadId(23) Task dispatched task="ThermalControl" drift_us=1431
2026-03-25T16:00:12.960538Z  WARN ThreadId(09) JITTER EXCEEDED 1ms limit sensor="thermal" jitter_us=2245 consecutive_miss=2 limit_us=1000 elapsed_us=1603771
2026-03-25T16:00:12.960545Z  INFO ThreadId(23) sensor_read sensor="power" seq=7 value=0.7892227822186028 drift_us=1498 jitter_us=201 latency_us=0 elapsed_us=1603804
2026-03-25T16:00:12.960550Z  INFO ThreadId(09) sensor_read sensor="thermal" seq=15 value=49.682550751646936 drift_us=1477 jitter_us=2245 latency_us=0 elapsed_us=1603771
2026-03-25T16:00:13.010522Z  INFO ThreadId(20) downlink_tx: sent tx_log_seq=25 sensor=Power sensor_seq=7 queue_latency_us=49967 elapsed_us=1653669
2026-03-25T16:00:13.010549Z  INFO ThreadId(20) downlink_tx: sent tx_log_seq=26 sensor=Thermal sensor_seq=15 queue_latency_us=50000 elapsed_us=1653669
2026-03-25T16:00:13.060298Z  INFO ThreadId(23) Task dispatched task="ThermalControl" drift_us=1221
2026-03-25T16:00:13.060306Z  INFO ThreadId(20) sensor_read sensor="thermal" seq=16 value=28.36871218001918 drift_us=1266 jitter_us=823 latency_us=0 elapsed_us=1703560
2026-03-25T16:00:13.060419Z  INFO ThreadId(09) downlink_tx: sent tx_log_seq=27 sensor=Thermal sensor_seq=16 queue_latency_us=115 elapsed_us=1703575
2026-03-25T16:00:13.160294Z  INFO ThreadId(20) Task dispatched task="ThermalControl" drift_us=1214
2026-03-25T16:00:13.160302Z  INFO ThreadId(25) sensor_read sensor="thermal" seq=17 value=64.51450233681845 drift_us=1261 jitter_us=206 latency_us=0 elapsed_us=1803555
2026-03-25T16:00:13.160329Z  INFO ThreadId(20) sensor_read sensor="power" seq=8 value=2.9985968834113716 drift_us=1282 jitter_us=461 latency_us=0 elapsed_us=1803588
2026-03-25T16:00:13.160436Z  INFO ThreadId(23) downlink_tx: sent tx_log_seq=28 sensor=Thermal sensor_seq=17 queue_latency_us=136 elapsed_us=1803579
2026-03-25T16:00:13.160453Z  INFO ThreadId(23) downlink_tx: sent tx_log_seq=29 sensor=Power sensor_seq=8 queue_latency_us=126 elapsed_us=1803579
2026-03-25T16:00:13.260551Z  INFO ThreadId(20) Task dispatched task="ThermalControl" drift_us=1475
2026-03-25T16:00:13.260564Z  INFO ThreadId(25) sensor_read sensor="thermal" seq=18 value=53.87921553749554 drift_us=1524 jitter_us=268 latency_us=0 elapsed_us=1903818
2026-03-25T16:00:13.260672Z  INFO ThreadId(20) downlink_tx: sent tx_log_seq=30 sensor=Thermal sensor_seq=18 queue_latency_us=113 elapsed_us=1903834
2026-03-25T16:00:13.360585Z  INFO ThreadId(09) Task dispatched task="ThermalControl" drift_us=1507
2026-03-25T16:00:13.360595Z  INFO ThreadId(25) sensor_read sensor="power" seq=9 value=2.568976212847444 drift_us=1543 jitter_us=477 latency_us=0 elapsed_us=2003849
2026-03-25T16:00:13.360606Z  INFO ThreadId(20) sensor_read sensor="thermal" seq=19 value=69.6463286320263 drift_us=1569 jitter_us=218 latency_us=0 elapsed_us=2003863
2026-03-25T16:00:13.360612Z ERROR ThreadId(25) JITTER LIMIT VIOLATED (>1ms) sensor="imu" jitter_us=1860
2026-03-25T16:00:13.360615Z  INFO ThreadId(25) sensor_read sensor="imu" seq=3 value=-0.06373736987225138 drift_us=1562 jitter_us=1860 latency_us=0 elapsed_us=2003873
2026-03-25T16:00:13.360717Z  INFO ThreadId(09) downlink_tx: sent tx_log_seq=31 sensor=Power sensor_seq=9 queue_latency_us=127 elapsed_us=2003870
2026-03-25T16:00:13.360733Z  INFO ThreadId(09) downlink_tx: sent tx_log_seq=32 sensor=Imu sensor_seq=3 queue_latency_us=121 elapsed_us=2003870
2026-03-25T16:00:13.360742Z  INFO ThreadId(09) downlink_tx: sent tx_log_seq=33 sensor=Thermal sensor_seq=19 queue_latency_us=139 elapsed_us=2003870
2026-03-25T16:00:13.367085Z  INFO ThreadId(03) Task dispatched task="DataCompress" drift_us=8014
2026-03-25T16:00:13.388520Z  INFO ThreadId(03) Task dispatched task="HealthMonitor" drift_us=29445
2026-03-25T16:00:13.460603Z  INFO ThreadId(03) Task dispatched task="ThermalControl" drift_us=1525
2026-03-25T16:00:13.460611Z  INFO ThreadId(09) sensor_read sensor="thermal" seq=20 value=59.74651518030325 drift_us=1571 jitter_us=43 latency_us=0 elapsed_us=2103865
2026-03-25T16:00:13.460737Z  INFO ThreadId(20) downlink_tx: sent tx_log_seq=34 sensor=Thermal sensor_seq=20 queue_latency_us=129 elapsed_us=2103882
2026-03-25T16:00:13.560409Z  INFO ThreadId(20) Task dispatched task="ThermalControl" drift_us=1332
2026-03-25T16:00:13.560418Z  INFO ThreadId(23) sensor_read sensor="thermal" seq=21 value=60.99827884256401 drift_us=1378 jitter_us=195 latency_us=0 elapsed_us=2203672
2026-03-25T16:00:13.560432Z  INFO ThreadId(03) sensor_read sensor="power" seq=10 value=2.5674929104473367 drift_us=1383 jitter_us=421 latency_us=0 elapsed_us=2203689
2026-03-25T16:00:13.560529Z  INFO ThreadId(20) downlink_tx: sent tx_log_seq=35 sensor=Power sensor_seq=10 queue_latency_us=100 elapsed_us=2203692
2026-03-25T16:00:13.560542Z  INFO ThreadId(20) downlink_tx: sent tx_log_seq=36 sensor=Thermal sensor_seq=21 queue_latency_us=130 elapsed_us=2203692
2026-03-25T16:00:13.660755Z  INFO ThreadId(23) Task dispatched task="ThermalControl" drift_us=1685
2026-03-25T16:00:13.660755Z  INFO ThreadId(03) sensor_read sensor="thermal" seq=22 value=48.410087574244486 drift_us=1715 jitter_us=530 latency_us=0 elapsed_us=2304009
2026-03-25T16:00:13.710257Z  INFO ThreadId(20) downlink_tx: sent tx_log_seq=37 sensor=Thermal sensor_seq=22 queue_latency_us=49496 elapsed_us=2353400
2026-03-25T16:00:13.760275Z  INFO ThreadId(03) Task dispatched task="ThermalControl" drift_us=1199
2026-03-25T16:00:13.760320Z  INFO ThreadId(20) sensor_read sensor="thermal" seq=23 value=64.31006469767432 drift_us=1262 jitter_us=790 latency_us=0 elapsed_us=2403556
2026-03-25T16:00:13.760346Z  INFO ThreadId(23) sensor_read sensor="power" seq=11 value=2.1396519000339924 drift_us=1284 jitter_us=61 latency_us=0 elapsed_us=2403590
2026-03-25T16:00:13.760404Z  INFO ThreadId(03) downlink_tx: sent tx_log_seq=38 sensor=Thermal sensor_seq=23 queue_latency_us=106 elapsed_us=2403559
2026-03-25T16:00:13.760421Z  INFO ThreadId(03) downlink_tx: sent tx_log_seq=39 sensor=Power sensor_seq=11 queue_latency_us=92 elapsed_us=2403559
2026-03-25T16:00:13.860934Z  WARN ThreadId(20) JITTER EXCEEDED 1ms limit sensor="thermal" jitter_us=1084 consecutive_miss=1 limit_us=1000 elapsed_us=2504187
2026-03-25T16:00:13.860947Z ERROR ThreadId(23) JITTER LIMIT VIOLATED (>1ms) sensor="imu" jitter_us=1289
2026-03-25T16:00:13.860956Z  INFO ThreadId(23) sensor_read sensor="imu" seq=4 value=0.038684604571106895 drift_us=1893 jitter_us=1289 latency_us=0 elapsed_us=2504204
2026-03-25T16:00:13.860958Z  INFO ThreadId(20) sensor_read sensor="thermal" seq=24 value=60.09660614536002 drift_us=1893 jitter_us=1084 latency_us=0 elapsed_us=2504187
2026-03-25T16:00:13.860968Z  INFO ThreadId(23) Task dispatched task="ThermalControl" drift_us=1910
2026-03-25T16:00:13.861073Z  INFO ThreadId(20) downlink_tx: sent tx_log_seq=40 sensor=Imu sensor_seq=4 queue_latency_us=129 elapsed_us=2504229
2026-03-25T16:00:13.861089Z  INFO ThreadId(20) downlink_tx: sent tx_log_seq=41 sensor=Thermal sensor_seq=24 queue_latency_us=134 elapsed_us=2504229
2026-03-25T16:00:13.866918Z  INFO ThreadId(23) Task dispatched task="DataCompress" drift_us=7850
2026-03-25T16:00:13.960634Z  INFO ThreadId(23) Task dispatched task="ThermalControl" drift_us=1554
2026-03-25T16:00:13.960675Z  INFO ThreadId(03) sensor_read sensor="power" seq=12 value=2.994038718478392 drift_us=1622 jitter_us=437 latency_us=0 elapsed_us=2603928
2026-03-25T16:00:13.960671Z  INFO ThreadId(20) sensor_read sensor="thermal" seq=25 value=28.10320585168087 drift_us=1616 jitter_us=908 latency_us=0 elapsed_us=2603910
2026-03-25T16:00:13.960793Z  INFO ThreadId(23) downlink_tx: sent tx_log_seq=42 sensor=Power sensor_seq=12 queue_latency_us=123 elapsed_us=2603928
2026-03-25T16:00:13.960814Z  INFO ThreadId(23) downlink_tx: sent tx_log_seq=43 sensor=Thermal sensor_seq=25 queue_latency_us=164 elapsed_us=2603928
2026-03-25T16:00:14.060460Z  INFO ThreadId(23) Task dispatched task="ThermalControl" drift_us=1374
2026-03-25T16:00:14.060482Z  INFO ThreadId(03) sensor_read sensor="thermal" seq=26 value=44.27528916872945 drift_us=1429 jitter_us=90 latency_us=0 elapsed_us=2703723
2026-03-25T16:00:14.060676Z  INFO ThreadId(20) downlink_tx: sent tx_log_seq=44 sensor=Thermal sensor_seq=26 queue_latency_us=195 elapsed_us=2703750
2026-03-25T16:00:14.159903Z  INFO ThreadId(23) Task dispatched task="ThermalControl" drift_us=829
2026-03-25T16:00:14.159911Z  INFO ThreadId(03) sensor_read sensor="thermal" seq=27 value=53.92253035349229 drift_us=870 jitter_us=372 latency_us=0 elapsed_us=2803164
2026-03-25T16:00:14.159925Z ERROR ThreadId(09) JITTER LIMIT VIOLATED (>1ms) sensor="power" jitter_us=1087
2026-03-25T16:00:14.159932Z  INFO ThreadId(09) sensor_read sensor="power" seq=13 value=3.2283149139150717 drift_us=873 jitter_us=1087 latency_us=0 elapsed_us=2803179
2026-03-25T16:00:14.160049Z  INFO ThreadId(20) downlink_tx: sent tx_log_seq=45 sensor=Power sensor_seq=13 queue_latency_us=123 elapsed_us=2803195
2026-03-25T16:00:14.160094Z  INFO ThreadId(20) downlink_tx: sent tx_log_seq=46 sensor=Thermal sensor_seq=27 queue_latency_us=189 elapsed_us=2803195
2026-03-25T16:00:14.260674Z  WARN ThreadId(25) JITTER EXCEEDED 1ms limit sensor="thermal" jitter_us=1319 consecutive_miss=1 limit_us=1000 elapsed_us=2903924
2026-03-25T16:00:14.260698Z  INFO ThreadId(25) sensor_read sensor="thermal" seq=28 value=24.270229376557158 drift_us=1630 jitter_us=1319 latency_us=0 elapsed_us=2903924
2026-03-25T16:00:14.260710Z  INFO ThreadId(09) Task dispatched task="ThermalControl" drift_us=1631
2026-03-25T16:00:14.310364Z  INFO ThreadId(25) downlink_tx: sent tx_log_seq=47 sensor=Thermal sensor_seq=28 queue_latency_us=49654 elapsed_us=2953497
2026-03-25T16:00:14.360499Z  INFO ThreadId(09) Task dispatched task="ThermalControl" drift_us=1425
2026-03-25T16:00:14.360509Z ERROR ThreadId(25) JITTER LIMIT VIOLATED (>1ms) sensor="power" jitter_us=1333
2026-03-25T16:00:14.360518Z  INFO ThreadId(25) sensor_read sensor="power" seq=14 value=4.80795951280209 drift_us=1457 jitter_us=1333 latency_us=0 elapsed_us=3003763
2026-03-25T16:00:14.360532Z  INFO ThreadId(25) sensor_read sensor="imu" seq=5 value=-0.05707107452097185 drift_us=1482 jitter_us=742 latency_us=0 elapsed_us=3003793
2026-03-25T16:00:14.360550Z  INFO ThreadId(03) sensor_read sensor="thermal" seq=29 value=43.889077931577916 drift_us=1504 jitter_us=886 latency_us=0 elapsed_us=3003798
2026-03-25T16:00:14.360613Z  INFO ThreadId(09) downlink_tx: sent tx_log_seq=48 sensor=Power sensor_seq=14 queue_latency_us=110 elapsed_us=3003781
2026-03-25T16:00:14.360624Z  INFO ThreadId(09) downlink_tx: sent tx_log_seq=49 sensor=Imu sensor_seq=5 queue_latency_us=92 elapsed_us=3003781
2026-03-25T16:00:14.360633Z  INFO ThreadId(09) downlink_tx: sent tx_log_seq=50 sensor=Thermal sensor_seq=29 queue_latency_us=96 elapsed_us=3003781
2026-03-25T16:00:14.367284Z  INFO ThreadId(25) Task dispatched task="DataCompress" drift_us=8217
2026-03-25T16:00:14.388903Z  INFO ThreadId(25) Task dispatched task="HealthMonitor" drift_us=29829
2026-03-25T16:00:14.460669Z  INFO ThreadId(23) Task dispatched task="ThermalControl" drift_us=1607
2026-03-25T16:00:14.460669Z  INFO ThreadId(03) sensor_read sensor="thermal" seq=30 value=47.07774639006835 drift_us=1625 jitter_us=247 latency_us=0 elapsed_us=3103919
2026-03-25T16:00:14.510683Z  INFO ThreadId(09) downlink_tx: sent tx_log_seq=51 sensor=Thermal sensor_seq=30 queue_latency_us=50011 elapsed_us=3153828
2026-03-25T16:00:14.560202Z  INFO ThreadId(23) Task dispatched task="ThermalControl" drift_us=1127
2026-03-25T16:00:14.560238Z  INFO ThreadId(09) sensor_read sensor="thermal" seq=31 value=47.99472929142735 drift_us=1189 jitter_us=557 latency_us=0 elapsed_us=3203483
2026-03-25T16:00:14.560272Z  INFO ThreadId(09) sensor_read sensor="power" seq=15 value=4.81751612379048 drift_us=1183 jitter_us=858 latency_us=0 elapsed_us=3203489
2026-03-25T16:00:14.560435Z  INFO ThreadId(09) downlink_tx: sent tx_log_seq=52 sensor=Power sensor_seq=15 queue_latency_us=203 elapsed_us=3203486
2026-03-25T16:00:14.560470Z  INFO ThreadId(09) downlink_tx: sent tx_log_seq=53 sensor=Thermal sensor_seq=31 queue_latency_us=245 elapsed_us=3203486
2026-03-25T16:00:14.660818Z  WARN ThreadId(23) JITTER EXCEEDED 1ms limit sensor="thermal" jitter_us=1012 consecutive_miss=1 limit_us=1000 elapsed_us=3304059
2026-03-25T16:00:14.660822Z  INFO ThreadId(09) Task dispatched task="ThermalControl" drift_us=1751
2026-03-25T16:00:14.660851Z  INFO ThreadId(23) sensor_read sensor="thermal" seq=32 value=21.858976841648673 drift_us=1765 jitter_us=1012 latency_us=0 elapsed_us=3304059
2026-03-25T16:00:14.710438Z  INFO ThreadId(25) downlink_tx: sent tx_log_seq=54 sensor=Thermal sensor_seq=32 queue_latency_us=49578 elapsed_us=3353586
2026-03-25T16:00:14.760702Z  INFO ThreadId(25) sensor_read sensor="thermal" seq=33 value=79.9533633500384 drift_us=1656 jitter_us=685 latency_us=0 elapsed_us=3403950
2026-03-25T16:00:14.760725Z  INFO ThreadId(03) Task dispatched task="ThermalControl" drift_us=1660
2026-03-25T16:00:14.760736Z  INFO ThreadId(25) sensor_read sensor="power" seq=16 value=3.538070993075081 drift_us=1690 jitter_us=781 latency_us=0 elapsed_us=3403996
2026-03-25T16:00:14.760814Z  INFO ThreadId(09) downlink_tx: sent tx_log_seq=55 sensor=Thermal sensor_seq=33 queue_latency_us=120 elapsed_us=3403967
2026-03-25T16:00:14.760829Z  INFO ThreadId(09) downlink_tx: sent tx_log_seq=56 sensor=Power sensor_seq=16 queue_latency_us=94 elapsed_us=3403967
2026-03-25T16:00:14.860397Z  INFO ThreadId(09) Task dispatched task="ThermalControl" drift_us=1321
2026-03-25T16:00:14.860408Z  INFO ThreadId(03) sensor_read sensor="thermal" seq=34 value=72.76992482986402 drift_us=1367 jitter_us=180 latency_us=0 elapsed_us=3503661
2026-03-25T16:00:14.860426Z  INFO ThreadId(03) sensor_read sensor="imu" seq=6 value=0.03864512440254528 drift_us=1376 jitter_us=305 latency_us=0 elapsed_us=3503687
2026-03-25T16:00:14.860520Z  INFO ThreadId(09) downlink_tx: sent tx_log_seq=57 sensor=Thermal sensor_seq=34 queue_latency_us=118 elapsed_us=3503680
2026-03-25T16:00:14.860534Z  INFO ThreadId(09) downlink_tx: sent tx_log_seq=58 sensor=Imu sensor_seq=6 queue_latency_us=109 elapsed_us=3503680
2026-03-25T16:00:14.866935Z  INFO ThreadId(03) Task dispatched task="DataCompress" drift_us=7863
2026-03-25T16:00:14.960872Z  INFO ThreadId(03) sensor_read sensor="thermal" seq=35 value=22.098384103298603 drift_us=1816 jitter_us=738 latency_us=0 elapsed_us=3604110
2026-03-25T16:00:14.960900Z  INFO ThreadId(25) Task dispatched task="ThermalControl" drift_us=1828
2026-03-25T16:00:14.960941Z  INFO ThreadId(23) sensor_read sensor="power" seq=17 value=4.304970757208251 drift_us=1877 jitter_us=320 latency_us=0 elapsed_us=3604183
2026-03-25T16:00:14.961067Z  INFO ThreadId(09) downlink_tx: sent tx_log_seq=59 sensor=Thermal sensor_seq=35 queue_latency_us=200 elapsed_us=3604129
2026-03-25T16:00:14.961201Z  INFO ThreadId(09) downlink_tx: sent tx_log_seq=60 sensor=Power sensor_seq=17 queue_latency_us=273 elapsed_us=3604129
2026-03-25T16:00:15.060343Z  INFO ThreadId(09) Task dispatched task="ThermalControl" drift_us=1268
2026-03-25T16:00:15.060349Z  INFO ThreadId(03) sensor_read sensor="thermal" seq=36 value=60.01113536876847 drift_us=1309 jitter_us=956 latency_us=0 elapsed_us=3703603
2026-03-25T16:00:15.060464Z  INFO ThreadId(23) downlink_tx: sent tx_log_seq=61 sensor=Thermal sensor_seq=36 queue_latency_us=117 elapsed_us=3703617
2026-03-25T16:00:15.160758Z  INFO ThreadId(21) sensor_read sensor="thermal" seq=37 value=71.89719648095083 drift_us=1705 jitter_us=903 latency_us=0 elapsed_us=3803999
2026-03-25T16:00:15.160774Z  INFO ThreadId(23) sensor_read sensor="power" seq=18 value=3.656097089178416 drift_us=1723 jitter_us=341 latency_us=0 elapsed_us=3804029
2026-03-25T16:00:15.160825Z  INFO ThreadId(25) Task dispatched task="ThermalControl" drift_us=1748
2026-03-25T16:00:15.160853Z  INFO ThreadId(09) downlink_tx: sent tx_log_seq=62 sensor=Thermal sensor_seq=37 queue_latency_us=100 elapsed_us=3804012
2026-03-25T16:00:15.160869Z  INFO ThreadId(09) downlink_tx: sent tx_log_seq=63 sensor=Power sensor_seq=18 queue_latency_us=100 elapsed_us=3804012
2026-03-25T16:00:15.260685Z  INFO ThreadId(23) Task dispatched task="ThermalControl" drift_us=1618
2026-03-25T16:00:15.260690Z  INFO ThreadId(25) sensor_read sensor="thermal" seq=38 value=62.64442689600373 drift_us=1649 jitter_us=452 latency_us=1 elapsed_us=3903943
2026-03-25T16:00:15.309949Z  INFO ThreadId(20) downlink_tx: sent tx_log_seq=64 sensor=Thermal sensor_seq=38 queue_latency_us=49249 elapsed_us=3953085
2026-03-25T16:00:15.360266Z  INFO ThreadId(23) Task dispatched task="ThermalControl" drift_us=1191
2026-03-25T16:00:15.360273Z  INFO ThreadId(20) sensor_read sensor="power" seq=19 value=1.1702157875935846 drift_us=1221 jitter_us=348 latency_us=0 elapsed_us=4003527
2026-03-25T16:00:15.360290Z  INFO ThreadId(20) sensor_read sensor="imu" seq=7 value=-0.08654127703773198 drift_us=1240 jitter_us=30 latency_us=0 elapsed_us=4003551
2026-03-25T16:00:15.360292Z  INFO ThreadId(25) sensor_read sensor="thermal" seq=39 value=45.44524328949453 drift_us=1253 jitter_us=340 latency_us=0 elapsed_us=4003547
2026-03-25T16:00:15.360385Z  INFO ThreadId(23) downlink_tx: sent tx_log_seq=65 sensor=Power sensor_seq=19 queue_latency_us=117 elapsed_us=4003548
2026-03-25T16:00:15.360399Z  INFO ThreadId(23) downlink_tx: sent tx_log_seq=66 sensor=Imu sensor_seq=7 queue_latency_us=109 elapsed_us=4003548
2026-03-25T16:00:15.360408Z  INFO ThreadId(23) downlink_tx: sent tx_log_seq=67 sensor=Thermal sensor_seq=39 queue_latency_us=121 elapsed_us=4003548
2026-03-25T16:00:15.365693Z  INFO ThreadId(09) Task dispatched task="DataCompress" drift_us=6628
2026-03-25T16:00:15.386739Z  INFO ThreadId(09) Task dispatched task="HealthMonitor" drift_us=27664
2026-03-25T16:00:15.460459Z  INFO ThreadId(09) Task dispatched task="ThermalControl" drift_us=1384
2026-03-25T16:00:15.460467Z  INFO ThreadId(20) sensor_read sensor="thermal" seq=40 value=52.30919210367971 drift_us=1427 jitter_us=570 latency_us=0 elapsed_us=4103721
2026-03-25T16:00:15.460574Z  INFO ThreadId(25) downlink_tx: sent tx_log_seq=68 sensor=Thermal sensor_seq=40 queue_latency_us=109 elapsed_us=4103735
2026-03-25T16:00:15.560574Z  INFO ThreadId(20) Task dispatched task="ThermalControl" drift_us=1499
2026-03-25T16:00:15.560597Z  INFO ThreadId(09) sensor_read sensor="thermal" seq=41 value=26.688252677006222 drift_us=1557 jitter_us=44 latency_us=0 elapsed_us=4203851
2026-03-25T16:00:15.560609Z  INFO ThreadId(23) sensor_read sensor="power" seq=20 value=2.8904993295978865 drift_us=1559 jitter_us=840 latency_us=0 elapsed_us=4203865
2026-03-25T16:00:15.560663Z  INFO ThreadId(20) downlink_tx: sent tx_log_seq=69 sensor=Thermal sensor_seq=41 queue_latency_us=71 elapsed_us=4203857
2026-03-25T16:00:15.560677Z  INFO ThreadId(20) downlink_tx: sent tx_log_seq=70 sensor=Power sensor_seq=20 queue_latency_us=73 elapsed_us=4203857
2026-03-25T16:00:15.660295Z  INFO ThreadId(09) Task dispatched task="ThermalControl" drift_us=1214
2026-03-25T16:00:15.660317Z  INFO ThreadId(23) sensor_read sensor="thermal" seq=42 value=30.604851596453145 drift_us=1270 jitter_us=417 latency_us=0 elapsed_us=4303564
2026-03-25T16:00:15.660483Z  INFO ThreadId(25) downlink_tx: sent tx_log_seq=71 sensor=Thermal sensor_seq=42 queue_latency_us=155 elapsed_us=4303591
2026-03-25T16:00:15.760256Z  INFO ThreadId(09) Task dispatched task="ThermalControl" drift_us=1181
2026-03-25T16:00:15.760268Z  INFO ThreadId(20) sensor_read sensor="thermal" seq=43 value=77.54213563513522 drift_us=1228 jitter_us=245 latency_us=0 elapsed_us=4403522
2026-03-25T16:00:15.760286Z  INFO ThreadId(20) sensor_read sensor="power" seq=21 value=4.186029652380776 drift_us=1240 jitter_us=657 latency_us=0 elapsed_us=4403546
2026-03-25T16:00:15.760372Z  INFO ThreadId(09) downlink_tx: sent tx_log_seq=72 sensor=Thermal sensor_seq=43 queue_latency_us=110 elapsed_us=4403540
2026-03-25T16:00:15.760384Z  INFO ThreadId(09) downlink_tx: sent tx_log_seq=73 sensor=Power sensor_seq=21 queue_latency_us=99 elapsed_us=4403540
2026-03-25T16:00:15.860685Z  INFO ThreadId(20) sensor_read sensor="thermal" seq=44 value=65.8300501792187 drift_us=1641 jitter_us=455 latency_us=0 elapsed_us=4503935
2026-03-25T16:00:15.860716Z  INFO ThreadId(20) sensor_read sensor="imu" seq=8 value=0.017662471996573587 drift_us=1666 jitter_us=562 latency_us=0 elapsed_us=4503977
2026-03-25T16:00:15.860723Z  INFO ThreadId(20) Task dispatched task="ThermalControl" drift_us=1664
2026-03-25T16:00:15.860875Z  INFO ThreadId(09) downlink_tx: sent tx_log_seq=74 sensor=Imu sensor_seq=8 queue_latency_us=150 elapsed_us=4503984
2026-03-25T16:00:15.860918Z  INFO ThreadId(09) downlink_tx: sent tx_log_seq=75 sensor=Thermal sensor_seq=44 queue_latency_us=242 elapsed_us=4503984
2026-03-25T16:00:15.867235Z  INFO ThreadId(20) Task dispatched task="DataCompress" drift_us=8169
2026-03-25T16:00:15.960583Z  INFO ThreadId(09) Task dispatched task="ThermalControl" drift_us=1508
2026-03-25T16:00:15.960589Z  INFO ThreadId(20) sensor_read sensor="thermal" seq=45 value=40.30732252619528 drift_us=1549 jitter_us=505 latency_us=0 elapsed_us=4603843
2026-03-25T16:00:15.960605Z  INFO ThreadId(09) sensor_read sensor="power" seq=22 value=3.8443734100622318 drift_us=1560 jitter_us=639 latency_us=0 elapsed_us=4603866
2026-03-25T16:00:15.960701Z  INFO ThreadId(25) downlink_tx: sent tx_log_seq=76 sensor=Thermal sensor_seq=45 queue_latency_us=114 elapsed_us=4603863
2026-03-25T16:00:15.960716Z  INFO ThreadId(25) downlink_tx: sent tx_log_seq=77 sensor=Power sensor_seq=22 queue_latency_us=111 elapsed_us=4603863
2026-03-25T16:00:16.060701Z  INFO ThreadId(20) sensor_read sensor="thermal" seq=46 value=26.997598291697592 drift_us=1658 jitter_us=201 latency_us=0 elapsed_us=4703952
2026-03-25T16:00:16.060741Z  INFO ThreadId(09) Task dispatched task="ThermalControl" drift_us=1672
2026-03-25T16:00:16.110867Z  INFO ThreadId(20) downlink_tx: sent tx_log_seq=78 sensor=Thermal sensor_seq=46 queue_latency_us=50158 elapsed_us=4753964
2026-03-25T16:00:16.160075Z  INFO ThreadId(09) Task dispatched task="ThermalControl" drift_us=1000
2026-03-25T16:00:16.160082Z  INFO ThreadId(20) sensor_read sensor="thermal" seq=47 value=73.82540047214889 drift_us=1042 jitter_us=725 latency_us=0 elapsed_us=4803336
2026-03-25T16:00:16.160103Z  INFO ThreadId(20) sensor_read sensor="power" seq=23 value=0.8566180522312189 drift_us=1057 jitter_us=823 latency_us=0 elapsed_us=4803363
2026-03-25T16:00:16.160199Z  INFO ThreadId(09) downlink_tx: sent tx_log_seq=79 sensor=Thermal sensor_seq=47 queue_latency_us=122 elapsed_us=4803357
2026-03-25T16:00:16.160211Z  INFO ThreadId(09) downlink_tx: sent tx_log_seq=80 sensor=Power sensor_seq=23 queue_latency_us=109 elapsed_us=4803357
2026-03-25T16:00:16.260343Z  INFO ThreadId(20) Task dispatched task="ThermalControl" drift_us=1265
2026-03-25T16:00:16.260361Z  INFO ThreadId(25) sensor_read sensor="thermal" seq=48 value=64.15848613570967 drift_us=1321 jitter_us=895 latency_us=0 elapsed_us=4903615
2026-03-25T16:00:16.260468Z  INFO ThreadId(20) downlink_tx: sent tx_log_seq=81 sensor=Thermal sensor_seq=48 queue_latency_us=112 elapsed_us=4903626
2026-03-25T16:00:16.360482Z  INFO ThreadId(25) Task dispatched task="ThermalControl" drift_us=1403
2026-03-25T16:00:16.360493Z  INFO ThreadId(09) sensor_read sensor="power" seq=24 value=0.5507256299463077 drift_us=1439 jitter_us=885 latency_us=0 elapsed_us=5003745
2026-03-25T16:00:16.360510Z  INFO ThreadId(25) sensor_read sensor="thermal" seq=49 value=50.52790239496104 drift_us=1475 jitter_us=125 latency_us=1 elapsed_us=5003769
2026-03-25T16:00:16.360512Z  INFO ThreadId(09) sensor_read sensor="imu" seq=9 value=-0.0793029412139553 drift_us=1462 jitter_us=630 latency_us=0 elapsed_us=5003773
2026-03-25T16:00:16.360702Z  INFO ThreadId(20) downlink_tx: sent tx_log_seq=82 sensor=Imu sensor_seq=9 queue_latency_us=176 elapsed_us=5003793
2026-03-25T16:00:16.360744Z  INFO ThreadId(20) downlink_tx: sent tx_log_seq=83 sensor=Power sensor_seq=24 queue_latency_us=258 elapsed_us=5003793
2026-03-25T16:00:16.360762Z  INFO ThreadId(20) downlink_tx: sent tx_log_seq=84 sensor=Thermal sensor_seq=49 queue_latency_us=252 elapsed_us=5003793
2026-03-25T16:00:16.365914Z  INFO ThreadId(09) Task dispatched task="DataCompress" drift_us=6837
2026-03-25T16:00:16.368602Z  INFO ThreadId(09) uplink_rx: received cmd=Heartbeat seq=1 dispatch_latency_us=0 elapsed_us=5011846
2026-03-25T16:00:16.368628Z  INFO ThreadId(09) command executed cmd=Heartbeat
2026-03-25T16:00:16.386977Z  INFO ThreadId(09) Task dispatched task="HealthMonitor" drift_us=27898
2026-03-25T16:00:16.460549Z  INFO ThreadId(09) Task dispatched task="ThermalControl" drift_us=1470
2026-03-25T16:00:16.460586Z  INFO ThreadId(20) sensor_read sensor="thermal" seq=50 value=71.94366271833354 drift_us=1540 jitter_us=89 latency_us=1 elapsed_us=5103834
2026-03-25T16:00:16.460715Z  INFO ThreadId(09) downlink_tx: sent tx_log_seq=85 sensor=Thermal sensor_seq=50 queue_latency_us=138 elapsed_us=5103841
2026-03-25T16:00:16.560200Z  INFO ThreadId(25) Task dispatched task="ThermalControl" drift_us=1123
2026-03-25T16:00:16.560211Z  INFO ThreadId(20) sensor_read sensor="thermal" seq=51 value=69.79355848673707 drift_us=1171 jitter_us=434 latency_us=0 elapsed_us=5203465
2026-03-25T16:00:16.560229Z  INFO ThreadId(20) sensor_read sensor="power" seq=25 value=3.755880576236193 drift_us=1183 jitter_us=638 latency_us=0 elapsed_us=5203489
2026-03-25T16:00:16.560320Z  INFO ThreadId(25) downlink_tx: sent tx_log_seq=86 sensor=Thermal sensor_seq=51 queue_latency_us=114 elapsed_us=5203483
2026-03-25T16:00:16.560335Z  INFO ThreadId(25) downlink_tx: sent tx_log_seq=87 sensor=Power sensor_seq=25 queue_latency_us=107 elapsed_us=5203483
2026-03-25T16:00:16.660399Z  INFO ThreadId(09) Task dispatched task="ThermalControl" drift_us=1323
2026-03-25T16:00:16.660475Z  INFO ThreadId(20) sensor_read sensor="thermal" seq=52 value=79.49371818423256 drift_us=1417 jitter_us=615 latency_us=0 elapsed_us=5303711
2026-03-25T16:00:16.710515Z  INFO ThreadId(09) downlink_tx: sent tx_log_seq=88 sensor=Thermal sensor_seq=52 queue_latency_us=50050 elapsed_us=5353645
2026-03-25T16:00:16.761372Z  INFO ThreadId(09) sensor_read sensor="thermal" seq=53 value=65.37664741100284 drift_us=2320 jitter_us=657 latency_us=1 elapsed_us=5404614
2026-03-25T16:00:16.761423Z ERROR ThreadId(20) JITTER LIMIT VIOLATED (>1ms) sensor="power" jitter_us=1432
2026-03-25T16:00:16.761441Z  INFO ThreadId(20) sensor_read sensor="power" seq=26 value=1.8094642190594712 drift_us=2359 jitter_us=1432 latency_us=0 elapsed_us=5404665
2026-03-25T16:00:16.761474Z  INFO ThreadId(23) Task dispatched task="ThermalControl" drift_us=2400
2026-03-25T16:00:16.761605Z  INFO ThreadId(09) downlink_tx: sent tx_log_seq=89 sensor=Power sensor_seq=26 queue_latency_us=194 elapsed_us=5404687
2026-03-25T16:00:16.761648Z  INFO ThreadId(09) downlink_tx: sent tx_log_seq=90 sensor=Thermal sensor_seq=53 queue_latency_us=292 elapsed_us=5404687
2026-03-25T16:00:16.861449Z ERROR ThreadId(23) JITTER LIMIT VIOLATED (>1ms) sensor="imu" jitter_us=1131
2026-03-25T16:00:16.861471Z  INFO ThreadId(23) sensor_read sensor="imu" seq=10 value=0.0901676548106054 drift_us=2389 jitter_us=1131 latency_us=0 elapsed_us=5504700
2026-03-25T16:00:16.861455Z  INFO ThreadId(20) sensor_read sensor="thermal" seq=54 value=25.303452167957698 drift_us=2395 jitter_us=828 latency_us=0 elapsed_us=5504689
2026-03-25T16:00:16.861484Z  INFO ThreadId(25) Task dispatched task="ThermalControl" drift_us=2419
2026-03-25T16:00:16.861566Z  INFO ThreadId(21) downlink_tx: sent tx_log_seq=91 sensor=Imu sensor_seq=10 queue_latency_us=123 elapsed_us=5504718
2026-03-25T16:00:16.861582Z  INFO ThreadId(21) downlink_tx: sent tx_log_seq=92 sensor=Thermal sensor_seq=54 queue_latency_us=152 elapsed_us=5504718
2026-03-25T16:00:16.867863Z  INFO ThreadId(23) Task dispatched task="DataCompress" drift_us=8797
2026-03-25T16:00:16.960499Z  INFO ThreadId(21) Task dispatched task="ThermalControl" drift_us=1423
2026-03-25T16:00:16.960506Z  WARN ThreadId(23) JITTER EXCEEDED 1ms limit sensor="thermal" jitter_us=1003 consecutive_miss=1 limit_us=1000 elapsed_us=5603761
2026-03-25T16:00:16.960520Z  INFO ThreadId(23) sensor_read sensor="thermal" seq=55 value=29.70712367784786 drift_us=1467 jitter_us=1003 latency_us=0 elapsed_us=5603761
2026-03-25T16:00:16.960550Z ERROR ThreadId(25) JITTER LIMIT VIOLATED (>1ms) sensor="power" jitter_us=2058
2026-03-25T16:00:16.960557Z  INFO ThreadId(25) sensor_read sensor="power" seq=27 value=1.0231119688233012 drift_us=1477 jitter_us=2058 latency_us=0 elapsed_us=5603783
2026-03-25T16:00:16.960635Z  INFO ThreadId(23) downlink_tx: sent tx_log_seq=93 sensor=Thermal sensor_seq=55 queue_latency_us=116 elapsed_us=5603778
2026-03-25T16:00:16.960646Z  INFO ThreadId(23) downlink_tx: sent tx_log_seq=94 sensor=Power sensor_seq=27 queue_latency_us=102 elapsed_us=5603778
2026-03-25T16:00:17.060601Z  INFO ThreadId(21) Task dispatched task="ThermalControl" drift_us=1524
2026-03-25T16:00:17.060617Z  WARN ThreadId(25) JITTER EXCEEDED 1ms limit sensor="thermal" jitter_us=1038 consecutive_miss=2 limit_us=1000 elapsed_us=5703871
2026-03-25T16:00:17.060627Z  INFO ThreadId(25) sensor_read sensor="thermal" seq=56 value=49.60388557208738 drift_us=1577 jitter_us=1038 latency_us=0 elapsed_us=5703871
2026-03-25T16:00:17.060737Z  INFO ThreadId(03) downlink_tx: sent tx_log_seq=95 sensor=Thermal sensor_seq=56 queue_latency_us=109 elapsed_us=5703891
2026-03-25T16:00:17.160601Z  INFO ThreadId(03) Task dispatched task="ThermalControl" drift_us=1524
2026-03-25T16:00:17.160626Z  INFO ThreadId(03) sensor_read sensor="power" seq=28 value=3.734564954559107 drift_us=1579 jitter_us=984 latency_us=0 elapsed_us=5803885
2026-03-25T16:00:17.160685Z  INFO ThreadId(25) sensor_read sensor="thermal" seq=57 value=61.02111838825698 drift_us=1629 jitter_us=58 latency_us=0 elapsed_us=5803923
2026-03-25T16:00:17.160739Z  INFO ThreadId(03) downlink_tx: sent tx_log_seq=96 sensor=Power sensor_seq=28 queue_latency_us=114 elapsed_us=5803902
2026-03-25T16:00:17.160753Z  INFO ThreadId(03) downlink_tx: sent tx_log_seq=97 sensor=Thermal sensor_seq=57 queue_latency_us=89 elapsed_us=5803902
2026-03-25T16:00:17.260541Z  INFO ThreadId(25) Task dispatched task="ThermalControl" drift_us=1466
2026-03-25T16:00:17.260547Z  INFO ThreadId(03) sensor_read sensor="thermal" seq=58 value=24.092719447905495 drift_us=1507 jitter_us=174 latency_us=0 elapsed_us=5903801
2026-03-25T16:00:17.260659Z  INFO ThreadId(23) downlink_tx: sent tx_log_seq=98 sensor=Thermal sensor_seq=58 queue_latency_us=113 elapsed_us=5903816
2026-03-25T16:00:17.360568Z  INFO ThreadId(25) Task dispatched task="ThermalControl" drift_us=1493
2026-03-25T16:00:17.360575Z  INFO ThreadId(03) sensor_read sensor="power" seq=29 value=4.583017532170478 drift_us=1522 jitter_us=159 latency_us=1 elapsed_us=6003828
2026-03-25T16:00:17.360589Z  INFO ThreadId(25) sensor_read sensor="thermal" seq=59 value=34.85467256605327 drift_us=1556 jitter_us=171 latency_us=0 elapsed_us=6003850
2026-03-25T16:00:17.360590Z ERROR ThreadId(21) JITTER LIMIT VIOLATED (>1ms) sensor="imu" jitter_us=1779
2026-03-25T16:00:17.360595Z  INFO ThreadId(21) sensor_read sensor="imu" seq=11 value=0.03440919731826386 drift_us=1537 jitter_us=1779 latency_us=0 elapsed_us=6003848
2026-03-25T16:00:17.360702Z  INFO ThreadId(23) downlink_tx: sent tx_log_seq=99 sensor=Imu sensor_seq=11 queue_latency_us=111 elapsed_us=6003858
2026-03-25T16:00:17.360720Z  INFO ThreadId(23) downlink_tx: sent tx_log_seq=100 sensor=Power sensor_seq=29 queue_latency_us=151 elapsed_us=6003858
2026-03-25T16:00:17.360731Z  INFO ThreadId(23) downlink_tx: sent tx_log_seq=101 sensor=Thermal sensor_seq=59 queue_latency_us=142 elapsed_us=6003858
2026-03-25T16:00:17.366956Z  INFO ThreadId(03) Task dispatched task="DataCompress" drift_us=7876
2026-03-25T16:00:17.388386Z  INFO ThreadId(03) Task dispatched task="HealthMonitor" drift_us=29306
2026-03-25T16:00:17.460696Z  INFO ThreadId(20) sensor_read sensor="thermal" seq=60 value=54.476364903052946 drift_us=1652 jitter_us=47 latency_us=0 elapsed_us=6103946
2026-03-25T16:00:17.460726Z  INFO ThreadId(21) Task dispatched task="ThermalControl" drift_us=1653
2026-03-25T16:00:17.510890Z  INFO ThreadId(25) downlink_tx: sent tx_log_seq=102 sensor=Thermal sensor_seq=60 queue_latency_us=50191 elapsed_us=6154018
2026-03-25T16:00:17.560720Z  INFO ThreadId(25) sensor_read sensor="thermal" seq=61 value=46.783872820982545 drift_us=1675 jitter_us=73 latency_us=1 elapsed_us=6203969
2026-03-25T16:00:17.560744Z  INFO ThreadId(03) Task dispatched task="ThermalControl" drift_us=1680
2026-03-25T16:00:17.560750Z  INFO ThreadId(25) sensor_read sensor="power" seq=30 value=0.6906856746709703 drift_us=1703 jitter_us=238 latency_us=0 elapsed_us=6204009
2026-03-25T16:00:17.560823Z  INFO ThreadId(20) downlink_tx: sent tx_log_seq=103 sensor=Thermal sensor_seq=61 queue_latency_us=109 elapsed_us=6203983
2026-03-25T16:00:17.560837Z  INFO ThreadId(20) downlink_tx: sent tx_log_seq=104 sensor=Power sensor_seq=30 queue_latency_us=88 elapsed_us=6203983
2026-03-25T16:00:17.660198Z  INFO ThreadId(20) Task dispatched task="ThermalControl" drift_us=1122
2026-03-25T16:00:17.660201Z  INFO ThreadId(03) sensor_read sensor="thermal" seq=62 value=21.231925921426402 drift_us=1161 jitter_us=537 latency_us=0 elapsed_us=6303455
2026-03-25T16:00:17.660314Z  INFO ThreadId(23) downlink_tx: sent tx_log_seq=105 sensor=Thermal sensor_seq=62 queue_latency_us=115 elapsed_us=6303471
2026-03-25T16:00:17.759917Z  INFO ThreadId(25) Task dispatched task="ThermalControl" drift_us=839
2026-03-25T16:00:17.759924Z  INFO ThreadId(20) sensor_read sensor="thermal" seq=63 value=68.82992423257224 drift_us=883 jitter_us=236 latency_us=1 elapsed_us=6403177
2026-03-25T16:00:17.759949Z  INFO ThreadId(20) sensor_read sensor="power" seq=31 value=2.427436585374493 drift_us=904 jitter_us=980 latency_us=0 elapsed_us=6403210
2026-03-25T16:00:17.760052Z  INFO ThreadId(25) downlink_tx: sent tx_log_seq=106 sensor=Thermal sensor_seq=63 queue_latency_us=134 elapsed_us=6403203
2026-03-25T16:00:17.760068Z  INFO ThreadId(25) downlink_tx: sent tx_log_seq=107 sensor=Power sensor_seq=31 queue_latency_us=119 elapsed_us=6403203
2026-03-25T16:00:17.860627Z  INFO ThreadId(03) Task dispatched task="ThermalControl" drift_us=1551
2026-03-25T16:00:17.860635Z  INFO ThreadId(25) sensor_read sensor="thermal" seq=64 value=35.93569807899321 drift_us=1595 jitter_us=990 latency_us=0 elapsed_us=6503889
2026-03-25T16:00:17.860657Z  INFO ThreadId(25) sensor_read sensor="imu" seq=12 value=0.056397750856668566 drift_us=1606 jitter_us=921 latency_us=0 elapsed_us=6503917
2026-03-25T16:00:17.860748Z  INFO ThreadId(03) downlink_tx: sent tx_log_seq=108 sensor=Thermal sensor_seq=64 queue_latency_us=119 elapsed_us=6503910
2026-03-25T16:00:17.860763Z  INFO ThreadId(03) downlink_tx: sent tx_log_seq=109 sensor=Imu sensor_seq=12 queue_latency_us=106 elapsed_us=6503910
2026-03-25T16:00:17.867109Z  INFO ThreadId(03) Task dispatched task="DataCompress" drift_us=8046
2026-03-25T16:00:17.960378Z  INFO ThreadId(20) Task dispatched task="ThermalControl" drift_us=1294
2026-03-25T16:00:17.960407Z  INFO ThreadId(03) sensor_read sensor="thermal" seq=65 value=47.705689650541295 drift_us=1351 jitter_us=956 latency_us=0 elapsed_us=6603645
2026-03-25T16:00:17.960421Z ERROR ThreadId(20) JITTER LIMIT VIOLATED (>1ms) sensor="power" jitter_us=1267
2026-03-25T16:00:17.960430Z  INFO ThreadId(20) sensor_read sensor="power" seq=32 value=1.8749468108109 drift_us=1372 jitter_us=1267 latency_us=0 elapsed_us=6603678
2026-03-25T16:00:17.960533Z  INFO ThreadId(25) downlink_tx: sent tx_log_seq=110 sensor=Thermal sensor_seq=65 queue_latency_us=142 elapsed_us=6603663
2026-03-25T16:00:17.960558Z  INFO ThreadId(25) downlink_tx: sent tx_log_seq=111 sensor=Power sensor_seq=32 queue_latency_us=140 elapsed_us=6603663
2026-03-25T16:00:18.060777Z  INFO ThreadId(20) Task dispatched task="ThermalControl" drift_us=1702
2026-03-25T16:00:18.060779Z  INFO ThreadId(03) sensor_read sensor="thermal" seq=66 value=56.954821149693316 drift_us=1728 jitter_us=621 latency_us=0 elapsed_us=6704022
2026-03-25T16:00:18.111448Z  INFO ThreadId(25) downlink_tx: sent tx_log_seq=112 sensor=Thermal sensor_seq=66 queue_latency_us=50673 elapsed_us=6754525
2026-03-25T16:00:18.160488Z  INFO ThreadId(20) Task dispatched task="ThermalControl" drift_us=1404
2026-03-25T16:00:18.160515Z  INFO ThreadId(25) sensor_read sensor="thermal" seq=67 value=22.988610653801608 drift_us=1463 jitter_us=642 latency_us=0 elapsed_us=6803757
2026-03-25T16:00:18.160534Z  INFO ThreadId(23) sensor_read sensor="power" seq=33 value=1.8681626490189216 drift_us=1482 jitter_us=358 latency_us=0 elapsed_us=6803788
2026-03-25T16:00:18.160629Z  INFO ThreadId(03) downlink_tx: sent tx_log_seq=113 sensor=Thermal sensor_seq=67 queue_latency_us=128 elapsed_us=6803774
2026-03-25T16:00:18.160644Z  INFO ThreadId(03) downlink_tx: sent tx_log_seq=114 sensor=Power sensor_seq=33 queue_latency_us=117 elapsed_us=6803774
2026-03-25T16:00:18.260591Z  INFO ThreadId(23) Task dispatched task="ThermalControl" drift_us=1507
2026-03-25T16:00:18.260604Z  INFO ThreadId(20) sensor_read sensor="thermal" seq=68 value=60.45928806465777 drift_us=1551 jitter_us=353 latency_us=0 elapsed_us=6903845
2026-03-25T16:00:18.260846Z  INFO ThreadId(21) downlink_tx: sent tx_log_seq=115 sensor=Thermal sensor_seq=68 queue_latency_us=247 elapsed_us=6903911
2026-03-25T16:00:18.360618Z  INFO ThreadId(21) Task dispatched task="ThermalControl" drift_us=1543
2026-03-25T16:00:18.360626Z  INFO ThreadId(25) sensor_read sensor="power" seq=34 value=1.4954335415849098 drift_us=1574 jitter_us=18 latency_us=0 elapsed_us=7003880
2026-03-25T16:00:18.360646Z  INFO ThreadId(25) sensor_read sensor="imu" seq=13 value=-0.03598626939050545 drift_us=1596 jitter_us=79 latency_us=0 elapsed_us=7003907
2026-03-25T16:00:18.360666Z  INFO ThreadId(23) sensor_read sensor="thermal" seq=69 value=64.86216270834866 drift_us=1617 jitter_us=22 latency_us=0 elapsed_us=7003911
2026-03-25T16:00:18.360741Z  INFO ThreadId(21) downlink_tx: sent tx_log_seq=116 sensor=Power sensor_seq=34 queue_latency_us=120 elapsed_us=7003901
2026-03-25T16:00:18.360754Z  INFO ThreadId(21) downlink_tx: sent tx_log_seq=117 sensor=Imu sensor_seq=13 queue_latency_us=108 elapsed_us=7003901
2026-03-25T16:00:18.360763Z  INFO ThreadId(21) downlink_tx: sent tx_log_seq=118 sensor=Thermal sensor_seq=69 queue_latency_us=113 elapsed_us=7003901
2026-03-25T16:00:18.366877Z  INFO ThreadId(20) Task dispatched task="DataCompress" drift_us=7811
2026-03-25T16:00:18.388852Z  INFO ThreadId(20) Task dispatched task="HealthMonitor" drift_us=29778
2026-03-25T16:00:18.461667Z  INFO ThreadId(23) Task dispatched task="ThermalControl" drift_us=2594
2026-03-25T16:00:18.461681Z  INFO ThreadId(21) sensor_read sensor="thermal" seq=70 value=31.053832929039103 drift_us=2627 jitter_us=944 latency_us=0 elapsed_us=7104921
2026-03-25T16:00:18.510884Z  INFO ThreadId(25) downlink_tx: sent tx_log_seq=119 sensor=Thermal sensor_seq=70 queue_latency_us=49208 elapsed_us=7154023
2026-03-25T16:00:18.561019Z  WARN ThreadId(25) JITTER EXCEEDED 1ms limit sensor="thermal" jitter_us=1664 consecutive_miss=1 limit_us=1000 elapsed_us=7204267
2026-03-25T16:00:18.561038Z  INFO ThreadId(23) Task dispatched task="ThermalControl" drift_us=1973
2026-03-25T16:00:18.561044Z  INFO ThreadId(25) sensor_read sensor="thermal" seq=71 value=36.6162589357725 drift_us=1973 jitter_us=1664 latency_us=0 elapsed_us=7204267
2026-03-25T16:00:18.561066Z  INFO ThreadId(20) sensor_read sensor="power" seq=35 value=1.8473053805230495 drift_us=2004 jitter_us=338 latency_us=0 elapsed_us=7204310
2026-03-25T16:00:18.610796Z  INFO ThreadId(23) downlink_tx: sent tx_log_seq=120 sensor=Power sensor_seq=35 queue_latency_us=49727 elapsed_us=7253879
2026-03-25T16:00:18.610850Z  INFO ThreadId(23) downlink_tx: sent tx_log_seq=121 sensor=Thermal sensor_seq=71 queue_latency_us=49804 elapsed_us=7253879
2026-03-25T16:00:18.660774Z  INFO ThreadId(03) Task dispatched task="ThermalControl" drift_us=1697
2026-03-25T16:00:18.660783Z  INFO ThreadId(23) sensor_read sensor="thermal" seq=72 value=27.803723492612153 drift_us=1718 jitter_us=399 latency_us=1 elapsed_us=7304012
2026-03-25T16:00:18.710590Z  INFO ThreadId(25) downlink_tx: sent tx_log_seq=122 sensor=Thermal sensor_seq=72 queue_latency_us=49823 elapsed_us=7353735
2026-03-25T16:00:18.761548Z  WARN ThreadId(25) JITTER EXCEEDED 1ms limit sensor="thermal" jitter_us=1040 consecutive_miss=1 limit_us=1000 elapsed_us=7404797
2026-03-25T16:00:18.761574Z  INFO ThreadId(25) sensor_read sensor="thermal" seq=73 value=65.46062363249453 drift_us=2503 jitter_us=1040 latency_us=0 elapsed_us=7404797
2026-03-25T16:00:18.761591Z  INFO ThreadId(25) sensor_read sensor="power" seq=36 value=4.694033828173919 drift_us=2545 jitter_us=111 latency_us=0 elapsed_us=7404851
2026-03-25T16:00:18.761600Z  INFO ThreadId(25) Task dispatched task="ThermalControl" drift_us=2541
2026-03-25T16:00:18.761780Z  INFO ThreadId(03) downlink_tx: sent tx_log_seq=123 sensor=Power sensor_seq=36 queue_latency_us=175 elapsed_us=7404866
2026-03-25T16:00:18.761837Z  INFO ThreadId(03) downlink_tx: sent tx_log_seq=124 sensor=Thermal sensor_seq=73 queue_latency_us=263 elapsed_us=7404866
2026-03-25T16:00:18.860553Z  INFO ThreadId(03) Task dispatched task="ThermalControl" drift_us=1477
2026-03-25T16:00:18.860560Z  WARN ThreadId(25) JITTER EXCEEDED 1ms limit sensor="thermal" jitter_us=1768 consecutive_miss=2 limit_us=1000 elapsed_us=7503814
2026-03-25T16:00:18.860572Z  INFO ThreadId(25) sensor_read sensor="thermal" seq=74 value=63.88497480871743 drift_us=1520 jitter_us=1768 latency_us=0 elapsed_us=7503814
2026-03-25T16:00:18.860576Z  INFO ThreadId(03) sensor_read sensor="imu" seq=14 value=0.0835209964768886 drift_us=1525 jitter_us=61 latency_us=1 elapsed_us=7503836
2026-03-25T16:00:18.860750Z  INFO ThreadId(20) downlink_tx: sent tx_log_seq=125 sensor=Imu sensor_seq=14 queue_latency_us=164 elapsed_us=7503852
2026-03-25T16:00:18.860794Z  INFO ThreadId(20) downlink_tx: sent tx_log_seq=126 sensor=Thermal sensor_seq=74 queue_latency_us=221 elapsed_us=7503852
2026-03-25T16:00:18.866116Z  INFO ThreadId(25) Task dispatched task="DataCompress" drift_us=7004
2026-03-25T16:00:18.960032Z  INFO ThreadId(23) Task dispatched task="ThermalControl" drift_us=954
2026-03-25T16:00:18.960076Z ERROR ThreadId(23) JITTER LIMIT VIOLATED (>1ms) sensor="power" jitter_us=2057
2026-03-25T16:00:18.960081Z  INFO ThreadId(23) sensor_read sensor="power" seq=37 value=1.2118423109784286 drift_us=1029 jitter_us=2057 latency_us=0 elapsed_us=7603335
2026-03-25T16:00:18.960122Z  INFO ThreadId(25) sensor_read sensor="thermal" seq=75 value=66.8107481299487 drift_us=1058 jitter_us=521 latency_us=0 elapsed_us=7603352
2026-03-25T16:00:19.010540Z  INFO ThreadId(03) downlink_tx: sent tx_log_seq=127 sensor=Power sensor_seq=37 queue_latency_us=50451 elapsed_us=7653680
2026-03-25T16:00:19.010567Z  INFO ThreadId(03) downlink_tx: sent tx_log_seq=128 sensor=Thermal sensor_seq=75 queue_latency_us=50472 elapsed_us=7653680
2026-03-25T16:00:19.060276Z  INFO ThreadId(23) Task dispatched task="ThermalControl" drift_us=1196
2026-03-25T16:00:19.060283Z  INFO ThreadId(03) sensor_read sensor="thermal" seq=76 value=78.23389357771023 drift_us=1242 jitter_us=646 latency_us=0 elapsed_us=7703536
2026-03-25T16:00:19.060406Z  INFO ThreadId(25) downlink_tx: sent tx_log_seq=129 sensor=Thermal sensor_seq=76 queue_latency_us=126 elapsed_us=7703555
2026-03-25T16:00:19.160693Z  INFO ThreadId(23) sensor_read sensor="thermal" seq=77 value=42.58452827926836 drift_us=1648 jitter_us=222 latency_us=0 elapsed_us=7803942
2026-03-25T16:00:19.160728Z ERROR ThreadId(23) JITTER LIMIT VIOLATED (>1ms) sensor="power" jitter_us=2169
2026-03-25T16:00:19.160731Z  INFO ThreadId(23) sensor_read sensor="power" seq=38 value=2.111897966010959 drift_us=1682 jitter_us=2169 latency_us=0 elapsed_us=7803988
2026-03-25T16:00:19.160738Z  INFO ThreadId(23) Task dispatched task="ThermalControl" drift_us=1679
2026-03-25T16:00:19.160901Z  INFO ThreadId(20) downlink_tx: sent tx_log_seq=130 sensor=Power sensor_seq=38 queue_latency_us=165 elapsed_us=7803991
2026-03-25T16:00:19.160947Z  INFO ThreadId(20) downlink_tx: sent tx_log_seq=131 sensor=Thermal sensor_seq=77 queue_latency_us=263 elapsed_us=7803991
2026-03-25T16:00:19.260474Z  INFO ThreadId(20) Task dispatched task="ThermalControl" drift_us=1392
2026-03-25T16:00:19.260507Z  INFO ThreadId(25) sensor_read sensor="thermal" seq=78 value=73.19835816794378 drift_us=1460 jitter_us=594 latency_us=0 elapsed_us=7903754
2026-03-25T16:00:19.260669Z  INFO ThreadId(20) downlink_tx: sent tx_log_seq=132 sensor=Thermal sensor_seq=78 queue_latency_us=172 elapsed_us=7903774
2026-03-25T16:00:19.360539Z  INFO ThreadId(25) Task dispatched task="ThermalControl" drift_us=1463
2026-03-25T16:00:19.360547Z  INFO ThreadId(23) sensor_read sensor="power" seq=39 value=2.8943359961352875 drift_us=1494 jitter_us=841 latency_us=0 elapsed_us=8003800
2026-03-25T16:00:19.360562Z  INFO ThreadId(25) sensor_read sensor="thermal" seq=79 value=26.637550129525142 drift_us=1528 jitter_us=256 latency_us=0 elapsed_us=8003822
2026-03-25T16:00:19.360565Z  INFO ThreadId(23) sensor_read sensor="imu" seq=15 value=0.043376943575971494 drift_us=1515 jitter_us=61 latency_us=0 elapsed_us=8003826
2026-03-25T16:00:19.360671Z  INFO ThreadId(23) downlink_tx: sent tx_log_seq=133 sensor=Imu sensor_seq=15 queue_latency_us=105 elapsed_us=8003833
2026-03-25T16:00:19.360686Z  INFO ThreadId(23) downlink_tx: sent tx_log_seq=134 sensor=Power sensor_seq=39 queue_latency_us=147 elapsed_us=8003833
2026-03-25T16:00:19.360695Z  INFO ThreadId(23) downlink_tx: sent tx_log_seq=135 sensor=Thermal sensor_seq=79 queue_latency_us=135 elapsed_us=8003833
2026-03-25T16:00:19.366834Z  INFO ThreadId(25) Task dispatched task="DataCompress" drift_us=7767
2026-03-25T16:00:19.388244Z  INFO ThreadId(25) Task dispatched task="HealthMonitor" drift_us=29168
2026-03-25T16:00:19.461354Z  INFO ThreadId(20) Task dispatched task="ThermalControl" drift_us=2293
2026-03-25T16:00:19.461353Z  INFO ThreadId(03) sensor_read sensor="thermal" seq=80 value=69.57937987586618 drift_us=2309 jitter_us=713 latency_us=0 elapsed_us=8104603
2026-03-25T16:00:19.510470Z  INFO ThreadId(23) downlink_tx: sent tx_log_seq=136 sensor=Thermal sensor_seq=80 queue_latency_us=49115 elapsed_us=8153615
2026-03-25T16:00:19.560317Z  INFO ThreadId(03) Task dispatched task="ThermalControl" drift_us=1239
2026-03-25T16:00:19.560326Z  WARN ThreadId(23) JITTER EXCEEDED 1ms limit sensor="thermal" jitter_us=1803 consecutive_miss=1 limit_us=1000 elapsed_us=8203581
2026-03-25T16:00:19.560339Z  INFO ThreadId(23) sensor_read sensor="thermal" seq=81 value=24.649644182662534 drift_us=1287 jitter_us=1803 latency_us=0 elapsed_us=8203581
2026-03-25T16:00:19.560380Z  INFO ThreadId(20) sensor_read sensor="power" seq=40 value=2.813198722738406 drift_us=1314 jitter_us=8 latency_us=0 elapsed_us=8203620
2026-03-25T16:00:19.560441Z  INFO ThreadId(03) downlink_tx: sent tx_log_seq=137 sensor=Thermal sensor_seq=81 queue_latency_us=103 elapsed_us=8203602
2026-03-25T16:00:19.560457Z  INFO ThreadId(03) downlink_tx: sent tx_log_seq=138 sensor=Power sensor_seq=40 queue_latency_us=96 elapsed_us=8203602
2026-03-25T16:00:19.660485Z  INFO ThreadId(23) Task dispatched task="ThermalControl" drift_us=1408
2026-03-25T16:00:19.660525Z  WARN ThreadId(20) JITTER EXCEEDED 1ms limit sensor="thermal" jitter_us=1208 consecutive_miss=2 limit_us=1000 elapsed_us=8303767
2026-03-25T16:00:19.660545Z  INFO ThreadId(20) sensor_read sensor="thermal" seq=82 value=74.5820654845471 drift_us=1473 jitter_us=1208 latency_us=1 elapsed_us=8303767
2026-03-25T16:00:19.710480Z  INFO ThreadId(23) downlink_tx: sent tx_log_seq=139 sensor=Thermal sensor_seq=82 queue_latency_us=49921 elapsed_us=8353598
2026-03-25T16:00:19.760444Z  INFO ThreadId(03) Task dispatched task="ThermalControl" drift_us=1363
2026-03-25T16:00:19.760454Z  INFO ThreadId(23) sensor_read sensor="thermal" seq=83 value=42.65577065620765 drift_us=1410 jitter_us=249 latency_us=0 elapsed_us=8403704
2026-03-25T16:00:19.760477Z  INFO ThreadId(03) sensor_read sensor="power" seq=41 value=3.509164088339766 drift_us=1431 jitter_us=297 latency_us=0 elapsed_us=8403737
2026-03-25T16:00:19.760603Z  INFO ThreadId(25) downlink_tx: sent tx_log_seq=140 sensor=Thermal sensor_seq=83 queue_latency_us=152 elapsed_us=8403726
2026-03-25T16:00:19.760629Z  INFO ThreadId(25) downlink_tx: sent tx_log_seq=141 sensor=Power sensor_seq=41 queue_latency_us=151 elapsed_us=8403726
2026-03-25T16:00:19.860453Z  INFO ThreadId(03) Task dispatched task="ThermalControl" drift_us=1375
2026-03-25T16:00:19.860458Z  INFO ThreadId(20) sensor_read sensor="thermal" seq=84 value=36.997921656836894 drift_us=1418 jitter_us=71 latency_us=0 elapsed_us=8503712
2026-03-25T16:00:19.860508Z  INFO ThreadId(23) sensor_read sensor="imu" seq=16 value=-0.04879301291369882 drift_us=1436 jitter_us=69 latency_us=0 elapsed_us=8503747
2026-03-25T16:00:19.860578Z  INFO ThreadId(03) downlink_tx: sent tx_log_seq=142 sensor=Thermal sensor_seq=84 queue_latency_us=123 elapsed_us=8503737
2026-03-25T16:00:19.860594Z  INFO ThreadId(03) downlink_tx: sent tx_log_seq=143 sensor=Imu sensor_seq=16 queue_latency_us=106 elapsed_us=8503737
2026-03-25T16:00:19.867328Z  INFO ThreadId(20) Task dispatched task="DataCompress" drift_us=8249
2026-03-25T16:00:19.961633Z  WARN ThreadId(20) JITTER EXCEEDED 1ms limit sensor="thermal" jitter_us=1162 consecutive_miss=1 limit_us=1000 elapsed_us=8604882
2026-03-25T16:00:19.961662Z  INFO ThreadId(20) sensor_read sensor="thermal" seq=85 value=41.876827978153685 drift_us=2588 jitter_us=1162 latency_us=0 elapsed_us=8604882
2026-03-25T16:00:19.961685Z  INFO ThreadId(20) Task dispatched task="ThermalControl" drift_us=2624
2026-03-25T16:00:19.961686Z ERROR ThreadId(25) JITTER LIMIT VIOLATED (>1ms) sensor="power" jitter_us=1066
2026-03-25T16:00:19.961706Z  INFO ThreadId(25) sensor_read sensor="power" seq=42 value=2.1115807018638093 drift_us=2614 jitter_us=1066 latency_us=0 elapsed_us=8604920
2026-03-25T16:00:19.961836Z  INFO ThreadId(03) downlink_tx: sent tx_log_seq=144 sensor=Power sensor_seq=42 queue_latency_us=173 elapsed_us=8604948
2026-03-25T16:00:19.961924Z  INFO ThreadId(03) downlink_tx: sent tx_log_seq=145 sensor=Thermal sensor_seq=85 queue_latency_us=266 elapsed_us=8604948
2026-03-25T16:00:20.060343Z  WARN ThreadId(20) JITTER EXCEEDED 1ms limit sensor="thermal" jitter_us=2454 consecutive_miss=2 limit_us=1000 elapsed_us=8703598
2026-03-25T16:00:20.060337Z  INFO ThreadId(03) Task dispatched task="ThermalControl" drift_us=1261
2026-03-25T16:00:20.060360Z  INFO ThreadId(20) sensor_read sensor="thermal" seq=86 value=52.688050762966505 drift_us=1304 jitter_us=2454 latency_us=0 elapsed_us=8703598
2026-03-25T16:00:20.060466Z  INFO ThreadId(03) downlink_tx: sent tx_log_seq=146 sensor=Thermal sensor_seq=86 queue_latency_us=108 elapsed_us=8703626
2026-03-25T16:00:20.160448Z  INFO ThreadId(20) Task dispatched task="ThermalControl" drift_us=1365
2026-03-25T16:00:20.160470Z  WARN ThreadId(21) JITTER EXCEEDED 1ms limit sensor="thermal" jitter_us=1397 consecutive_miss=3 limit_us=1000 elapsed_us=8803711
2026-03-25T16:00:20.160486Z  INFO ThreadId(21) sensor_read sensor="thermal" seq=87 value=76.98830968433418 drift_us=1417 jitter_us=1397 latency_us=0 elapsed_us=8803711
2026-03-25T16:00:20.160485Z ERROR ThreadId(25) JITTER LIMIT VIOLATED (>1ms) sensor="power" jitter_us=2364
2026-03-25T16:00:20.160492Z  INFO ThreadId(25) sensor_read sensor="power" seq=43 value=0.8132732496601379 drift_us=1433 jitter_us=2364 latency_us=0 elapsed_us=8803739
2026-03-25T16:00:20.210662Z  INFO ThreadId(03) downlink_tx: sent tx_log_seq=147 sensor=Power sensor_seq=43 queue_latency_us=50170 elapsed_us=8853806
2026-03-25T16:00:20.210688Z  INFO ThreadId(03) downlink_tx: sent tx_log_seq=148 sensor=Thermal sensor_seq=87 queue_latency_us=50203 elapsed_us=8853806
2026-03-25T16:00:20.261586Z  WARN ThreadId(03) JITTER EXCEEDED 1ms limit sensor="thermal" jitter_us=1014 consecutive_miss=4 limit_us=1000 elapsed_us=8904838
2026-03-25T16:00:20.261593Z  INFO ThreadId(21) Task dispatched task="ThermalControl" drift_us=2527
2026-03-25T16:00:20.261608Z  INFO ThreadId(03) sensor_read sensor="thermal" seq=88 value=67.57893414320097 drift_us=2544 jitter_us=1014 latency_us=0 elapsed_us=8904838
2026-03-25T16:00:20.310526Z  INFO ThreadId(20) downlink_tx: sent tx_log_seq=149 sensor=Thermal sensor_seq=88 queue_latency_us=48907 elapsed_us=8953670
2026-03-25T16:00:20.360703Z ERROR ThreadId(20) JITTER LIMIT VIOLATED (>1ms) sensor="power" jitter_us=1392
2026-03-25T16:00:20.360729Z  INFO ThreadId(20) sensor_read sensor="power" seq=44 value=2.7328359705628036 drift_us=1644 jitter_us=1392 latency_us=0 elapsed_us=9003950
2026-03-25T16:00:20.360745Z  INFO ThreadId(20) Task dispatched task="ThermalControl" drift_us=1686
2026-03-25T16:00:20.360785Z  INFO ThreadId(25) sensor_read sensor="imu" seq=17 value=0.03894010725106681 drift_us=1694 jitter_us=337 latency_us=0 elapsed_us=9004005
2026-03-25T16:00:20.360788Z  WARN ThreadId(23) JITTER EXCEEDED 1ms limit sensor="thermal" jitter_us=1930 consecutive_miss=5 limit_us=1000 elapsed_us=9004035
2026-03-25T16:00:20.360820Z  INFO ThreadId(23) sensor_read sensor="thermal" seq=89 value=55.44139003355232 drift_us=1741 jitter_us=1930 latency_us=0 elapsed_us=9004035
2026-03-25T16:00:20.360931Z  INFO ThreadId(21) downlink_tx: sent tx_log_seq=150 sensor=Power sensor_seq=44 queue_latency_us=224 elapsed_us=9003999
2026-03-25T16:00:20.360979Z  INFO ThreadId(21) downlink_tx: sent tx_log_seq=151 sensor=Imu sensor_seq=17 queue_latency_us=231 elapsed_us=9003999
2026-03-25T16:00:20.361005Z  INFO ThreadId(21) downlink_tx: sent tx_log_seq=152 sensor=Thermal sensor_seq=89 queue_latency_us=187 elapsed_us=9003999
2026-03-25T16:00:20.367265Z  INFO ThreadId(20) Task dispatched task="DataCompress" drift_us=8199
2026-03-25T16:00:20.388141Z  INFO ThreadId(20) Task dispatched task="HealthMonitor" drift_us=29066
2026-03-25T16:00:20.460623Z  INFO ThreadId(20) Task dispatched task="ThermalControl" drift_us=1547
2026-03-25T16:00:20.460628Z  INFO ThreadId(21) sensor_read sensor="thermal" seq=90 value=67.63227848625326 drift_us=1588 jitter_us=650 latency_us=0 elapsed_us=9103882
2026-03-25T16:00:20.460746Z  INFO ThreadId(23) downlink_tx: sent tx_log_seq=153 sensor=Thermal sensor_seq=90 queue_latency_us=121 elapsed_us=9103901
2026-03-25T16:00:20.560397Z  INFO ThreadId(25) Task dispatched task="ThermalControl" drift_us=1322
2026-03-25T16:00:20.560408Z  INFO ThreadId(23) sensor_read sensor="thermal" seq=91 value=68.9478982441037 drift_us=1367 jitter_us=68 latency_us=1 elapsed_us=9203661
2026-03-25T16:00:20.560419Z  INFO ThreadId(20) sensor_read sensor="power" seq=45 value=1.3697021544361547 drift_us=1371 jitter_us=484 latency_us=0 elapsed_us=9203677
2026-03-25T16:00:20.560541Z  INFO ThreadId(25) downlink_tx: sent tx_log_seq=154 sensor=Power sensor_seq=45 queue_latency_us=121 elapsed_us=9203681
2026-03-25T16:00:20.560570Z  INFO ThreadId(25) downlink_tx: sent tx_log_seq=155 sensor=Thermal sensor_seq=91 queue_latency_us=168 elapsed_us=9203681
2026-03-25T16:00:20.660640Z  INFO ThreadId(21) Task dispatched task="ThermalControl" drift_us=1555
2026-03-25T16:00:20.660646Z  INFO ThreadId(23) sensor_read sensor="thermal" seq=92 value=21.872621524466606 drift_us=1593 jitter_us=447 latency_us=0 elapsed_us=9303887
2026-03-25T16:00:20.660747Z  INFO ThreadId(20) downlink_tx: sent tx_log_seq=156 sensor=Thermal sensor_seq=92 queue_latency_us=114 elapsed_us=9303903
2026-03-25T16:00:20.761413Z ERROR ThreadId(23) JITTER LIMIT VIOLATED (>1ms) sensor="power" jitter_us=1267
2026-03-25T16:00:20.761408Z  INFO ThreadId(20) sensor_read sensor="thermal" seq=93 value=57.88991215392292 drift_us=2361 jitter_us=542 latency_us=0 elapsed_us=9404655
2026-03-25T16:00:20.761433Z  INFO ThreadId(23) sensor_read sensor="power" seq=46 value=3.0010379350455945 drift_us=2365 jitter_us=1267 latency_us=0 elapsed_us=9404671
2026-03-25T16:00:20.761438Z  INFO ThreadId(20) Task dispatched task="ThermalControl" drift_us=2379
2026-03-25T16:00:20.761599Z  INFO ThreadId(25) downlink_tx: sent tx_log_seq=157 sensor=Power sensor_seq=46 queue_latency_us=185 elapsed_us=9404711
2026-03-25T16:00:20.761619Z  INFO ThreadId(25) downlink_tx: sent tx_log_seq=158 sensor=Thermal sensor_seq=93 queue_latency_us=224 elapsed_us=9404711
2026-03-25T16:00:20.860405Z  INFO ThreadId(25) Task dispatched task="ThermalControl" drift_us=1329
2026-03-25T16:00:20.860412Z  WARN ThreadId(23) JITTER EXCEEDED 1ms limit sensor="thermal" jitter_us=1756 consecutive_miss=1 limit_us=1000 elapsed_us=9503667
2026-03-25T16:00:20.860425Z  INFO ThreadId(23) sensor_read sensor="thermal" seq=94 value=57.572774421509834 drift_us=1373 jitter_us=1756 latency_us=0 elapsed_us=9503667
2026-03-25T16:00:20.860424Z  INFO ThreadId(09) sensor_read sensor="imu" seq=18 value=-0.02982858043307278 drift_us=1369 jitter_us=583 latency_us=0 elapsed_us=9503680
2026-03-25T16:00:20.860532Z  INFO ThreadId(25) downlink_tx: sent tx_log_seq=159 sensor=Imu sensor_seq=18 queue_latency_us=110 elapsed_us=9503688
2026-03-25T16:00:20.860545Z  INFO ThreadId(25) downlink_tx: sent tx_log_seq=160 sensor=Thermal sensor_seq=94 queue_latency_us=120 elapsed_us=9503688
2026-03-25T16:00:20.865831Z  INFO ThreadId(20) Task dispatched task="DataCompress" drift_us=6768
2026-03-25T16:00:20.960249Z  INFO ThreadId(20) Task dispatched task="ThermalControl" drift_us=1174
2026-03-25T16:00:20.960260Z  INFO ThreadId(09) sensor_read sensor="thermal" seq=95 value=73.24121466993256 drift_us=1219 jitter_us=834 latency_us=1 elapsed_us=9603513
2026-03-25T16:00:20.960272Z ERROR ThreadId(20) JITTER LIMIT VIOLATED (>1ms) sensor="power" jitter_us=2132
2026-03-25T16:00:20.960276Z  INFO ThreadId(20) sensor_read sensor="power" seq=47 value=1.6322968026209792 drift_us=1227 jitter_us=2132 latency_us=0 elapsed_us=9603533
2026-03-25T16:00:20.960407Z  INFO ThreadId(23) downlink_tx: sent tx_log_seq=161 sensor=Power sensor_seq=47 queue_latency_us=126 elapsed_us=9603537
2026-03-25T16:00:20.960450Z  INFO ThreadId(23) downlink_tx: sent tx_log_seq=162 sensor=Thermal sensor_seq=95 queue_latency_us=195 elapsed_us=9603537
2026-03-25T16:00:21.060356Z  INFO ThreadId(25) Task dispatched task="ThermalControl" drift_us=1281
2026-03-25T16:00:21.060363Z  INFO ThreadId(09) sensor_read sensor="thermal" seq=96 value=40.60194201758641 drift_us=1322 jitter_us=257 latency_us=0 elapsed_us=9703616
2026-03-25T16:00:21.060472Z  INFO ThreadId(20) downlink_tx: sent tx_log_seq=163 sensor=Thermal sensor_seq=96 queue_latency_us=112 elapsed_us=9703634
2026-03-25T16:00:21.159763Z  INFO ThreadId(23) Task dispatched task="ThermalControl" drift_us=686
2026-03-25T16:00:21.159797Z  INFO ThreadId(23) sensor_read sensor="power" seq=48 value=4.900501168123569 drift_us=748 jitter_us=659 latency_us=0 elapsed_us=9803054
2026-03-25T16:00:21.159821Z  INFO ThreadId(23) sensor_read sensor="thermal" seq=97 value=73.83257537622868 drift_us=787 jitter_us=638 latency_us=0 elapsed_us=9803081
2026-03-25T16:00:21.160011Z  INFO ThreadId(25) downlink_tx: sent tx_log_seq=164 sensor=Power sensor_seq=48 queue_latency_us=202 elapsed_us=9803115
2026-03-25T16:00:21.160059Z  INFO ThreadId(25) downlink_tx: sent tx_log_seq=165 sensor=Thermal sensor_seq=97 queue_latency_us=238 elapsed_us=9803115
2026-03-25T16:00:21.260552Z  INFO ThreadId(09) Task dispatched task="ThermalControl" drift_us=1477
2026-03-25T16:00:21.260560Z  WARN ThreadId(23) JITTER EXCEEDED 1ms limit sensor="thermal" jitter_us=1269 consecutive_miss=1 limit_us=1000 elapsed_us=9903815
2026-03-25T16:00:21.260573Z  INFO ThreadId(23) sensor_read sensor="thermal" seq=98 value=79.00011211119127 drift_us=1521 jitter_us=1269 latency_us=0 elapsed_us=9903815
2026-03-25T16:00:21.260753Z  INFO ThreadId(25) downlink_tx: sent tx_log_seq=166 sensor=Thermal sensor_seq=98 queue_latency_us=172 elapsed_us=9903852
2026-03-25T16:00:21.359569Z  INFO ThreadId(20) uplink_rx: received cmd=Heartbeat seq=2 dispatch_latency_us=0 elapsed_us=10002815
2026-03-25T16:00:21.359589Z  INFO ThreadId(20) command executed cmd=Heartbeat
2026-03-25T16:00:21.361385Z ERROR ThreadId(09) JITTER LIMIT VIOLATED (>1ms) sensor="power" jitter_us=2066
2026-03-25T16:00:21.361395Z  INFO ThreadId(09) sensor_read sensor="power" seq=49 value=1.0198224760074013 drift_us=2335 jitter_us=2066 latency_us=0 elapsed_us=10004641
2026-03-25T16:00:21.361411Z ERROR ThreadId(09) JITTER LIMIT VIOLATED (>1ms) sensor="imu" jitter_us=1316
2026-03-25T16:00:21.361413Z  INFO ThreadId(09) sensor_read sensor="imu" seq=19 value=-0.07106541267112375 drift_us=2360 jitter_us=1316 latency_us=0 elapsed_us=10004671
2026-03-25T16:00:21.361421Z  INFO ThreadId(09) sensor_read sensor="thermal" seq=99 value=59.06507749391154 drift_us=2388 jitter_us=133 latency_us=0 elapsed_us=10004682
2026-03-25T16:00:21.361424Z  INFO ThreadId(23) downlink_tx: sent tx_log_seq=167 sensor=Power sensor_seq=49 queue_latency_us=40 elapsed_us=10004657
2026-03-25T16:00:21.361437Z  INFO ThreadId(23) downlink_tx: sent tx_log_seq=168 sensor=Imu sensor_seq=19 queue_latency_us=27 elapsed_us=10004657
2026-03-25T16:00:21.361447Z  INFO ThreadId(23) downlink_tx: sent tx_log_seq=169 sensor=Thermal sensor_seq=99 queue_latency_us=26 elapsed_us=10004657
2026-03-25T16:00:21.361442Z  INFO ThreadId(25) rms_scheduler CPU usage cpu_util_pct=13.246880359675298
2026-03-25T16:00:21.361466Z  INFO ThreadId(25) Task dispatched task="ThermalControl" drift_us=2365
2026-03-25T16:00:21.367985Z  INFO ThreadId(09) Task dispatched task="DataCompress" drift_us=8920
2026-03-25T16:00:21.373072Z  WARN ThreadId(09) FAULT INJECTED fault=DelayedSensor severity=2 elapsed_us=10016326
2026-03-25T16:00:21.373088Z  INFO ThreadId(09) satellite state → Fault (fault injection) fault=DelayedSensor elapsed_us=10016326
2026-03-25T16:00:21.389998Z  INFO ThreadId(09) Task dispatched task="HealthMonitor" drift_us=30922
2026-03-25T16:00:21.424856Z  INFO ThreadId(09) fault_pkt sent to GCS — awaiting ResetSensor command elapsed_us=10068095
2026-03-25T16:00:21.460235Z  INFO ThreadId(09) Task dispatched task="ThermalControl" drift_us=1158
2026-03-25T16:00:21.460239Z  WARN ThreadId(25) JITTER EXCEEDED 1ms limit sensor="thermal" jitter_us=2055 consecutive_miss=1 limit_us=1000 elapsed_us=10103494
2026-03-25T16:00:21.460254Z  INFO ThreadId(25) sensor_read sensor="thermal" seq=100 value=74.95856131431505 drift_us=1200 jitter_us=2055 latency_us=0 elapsed_us=10103494
2026-03-25T16:00:21.460362Z  INFO ThreadId(23) downlink_tx: sent tx_log_seq=170 sensor=Thermal sensor_seq=100 queue_latency_us=105 elapsed_us=10103513
2026-03-25T16:00:21.468687Z  INFO ThreadId(25) uplink_rx: received cmd=SafeMode seq=3 dispatch_latency_us=0 elapsed_us=10111942
2026-03-25T16:00:21.468699Z  INFO ThreadId(25) command executed cmd=SafeMode
2026-03-25T16:00:21.515464Z  INFO ThreadId(09) uplink_rx: received cmd=ResetSensor seq=4 dispatch_latency_us=0 elapsed_us=10158711
2026-03-25T16:00:21.515482Z  INFO ThreadId(09) command executed cmd=ResetSensor
2026-03-25T16:00:21.516287Z  INFO ThreadId(09) FAULT RECOVERED — satellite state → Nominal recovery_ms=91 elapsed_us=10159528
2026-03-25T16:00:21.560507Z  INFO ThreadId(09) Task dispatched task="ThermalControl" drift_us=1431
2026-03-25T16:00:21.560516Z  WARN ThreadId(25) JITTER EXCEEDED 1ms limit sensor="thermal" jitter_us=1465 consecutive_miss=2 limit_us=1000 elapsed_us=10203771
2026-03-25T16:00:21.560527Z  INFO ThreadId(25) sensor_read sensor="thermal" seq=101 value=71.84919920506022 drift_us=1477 jitter_us=1465 latency_us=0 elapsed_us=10203771
2026-03-25T16:00:21.560530Z ERROR ThreadId(09) JITTER LIMIT VIOLATED (>1ms) sensor="power" jitter_us=2438
2026-03-25T16:00:21.560533Z  INFO ThreadId(09) sensor_read sensor="power" seq=50 value=4.311746213966286 drift_us=1484 jitter_us=2438 latency_us=0 elapsed_us=10203790
2026-03-25T16:00:21.560633Z  INFO ThreadId(21) downlink_tx: sent tx_log_seq=171 sensor=Power sensor_seq=50 queue_latency_us=100 elapsed_us=10203790
2026-03-25T16:00:21.560651Z  INFO ThreadId(21) downlink_tx: sent tx_log_seq=172 sensor=Thermal sensor_seq=101 queue_latency_us=126 elapsed_us=10203790
2026-03-25T16:00:21.660615Z  INFO ThreadId(23) Task dispatched task="ThermalControl" drift_us=1539
2026-03-25T16:00:21.660622Z  INFO ThreadId(09) sensor_read sensor="thermal" seq=102 value=39.24699281907945 drift_us=1582 jitter_us=172 latency_us=0 elapsed_us=10303876
2026-03-25T16:00:21.660797Z  INFO ThreadId(25) downlink_tx: sent tx_log_seq=173 sensor=Thermal sensor_seq=102 queue_latency_us=165 elapsed_us=10303910
2026-03-25T16:00:21.760250Z  INFO ThreadId(21) Task dispatched task="ThermalControl" drift_us=1174
2026-03-25T16:00:21.760261Z  INFO ThreadId(25) sensor_read sensor="thermal" seq=103 value=22.809632843443627 drift_us=1221 jitter_us=466 latency_us=0 elapsed_us=10403515
2026-03-25T16:00:21.760280Z  INFO ThreadId(25) sensor_read sensor="power" seq=51 value=3.5363285953841608 drift_us=1234 jitter_us=601 latency_us=0 elapsed_us=10403540
2026-03-25T16:00:21.760373Z  INFO ThreadId(21) downlink_tx: sent tx_log_seq=174 sensor=Thermal sensor_seq=103 queue_latency_us=117 elapsed_us=10403533
2026-03-25T16:00:21.760387Z  INFO ThreadId(21) downlink_tx: sent tx_log_seq=175 sensor=Power sensor_seq=51 queue_latency_us=108 elapsed_us=10403533
2026-03-25T16:00:21.860960Z  WARN ThreadId(21) JITTER EXCEEDED 1ms limit sensor="thermal" jitter_us=1047 consecutive_miss=1 limit_us=1000 elapsed_us=10504201
2026-03-25T16:00:21.860993Z  INFO ThreadId(21) sensor_read sensor="thermal" seq=104 value=79.05969721511194 drift_us=1907 jitter_us=1047 latency_us=0 elapsed_us=10504201
2026-03-25T16:00:21.861018Z ERROR ThreadId(21) JITTER LIMIT VIOLATED (>1ms) sensor="imu" jitter_us=1385
2026-03-25T16:00:21.861023Z  INFO ThreadId(21) sensor_read sensor="imu" seq=20 value=0.037962040628380184 drift_us=1966 jitter_us=1385 latency_us=0 elapsed_us=10504277
2026-03-25T16:00:21.861124Z  INFO ThreadId(23) Task dispatched task="ThermalControl" drift_us=2042
2026-03-25T16:00:21.861193Z  INFO ThreadId(21) downlink_tx: sent tx_log_seq=176 sensor=Imu sensor_seq=20 queue_latency_us=175 elapsed_us=10504301
2026-03-25T16:00:21.861223Z  INFO ThreadId(21) downlink_tx: sent tx_log_seq=177 sensor=Thermal sensor_seq=104 queue_latency_us=232 elapsed_us=10504301
2026-03-25T16:00:21.867241Z  INFO ThreadId(09) Task dispatched task="DataCompress" drift_us=8171
2026-03-25T16:00:21.960302Z  INFO ThreadId(21) Task dispatched task="ThermalControl" drift_us=1226
2026-03-25T16:00:21.960311Z  WARN ThreadId(09) JITTER EXCEEDED 1ms limit sensor="thermal" jitter_us=1321 consecutive_miss=2 limit_us=1000 elapsed_us=10603566
2026-03-25T16:00:21.960323Z  INFO ThreadId(09) sensor_read sensor="thermal" seq=105 value=28.67377371092715 drift_us=1272 jitter_us=1321 latency_us=0 elapsed_us=10603566
2026-03-25T16:00:21.960338Z  INFO ThreadId(09) sensor_read sensor="power" seq=52 value=3.33196834080017 drift_us=1293 jitter_us=309 latency_us=0 elapsed_us=10603599
2026-03-25T16:00:21.960425Z  INFO ThreadId(21) downlink_tx: sent tx_log_seq=178 sensor=Thermal sensor_seq=105 queue_latency_us=102 elapsed_us=10603585
2026-03-25T16:00:21.960437Z  INFO ThreadId(21) downlink_tx: sent tx_log_seq=179 sensor=Power sensor_seq=52 queue_latency_us=100 elapsed_us=10603585
2026-03-25T16:00:22.060699Z  WARN ThreadId(23) JITTER EXCEEDED 1ms limit sensor="thermal" jitter_us=1019 consecutive_miss=3 limit_us=1000 elapsed_us=10703950
2026-03-25T16:00:22.060722Z  INFO ThreadId(23) sensor_read sensor="thermal" seq=106 value=32.39476344124887 drift_us=1656 jitter_us=1019 latency_us=0 elapsed_us=10703950
2026-03-25T16:00:22.060735Z  INFO ThreadId(23) Task dispatched task="ThermalControl" drift_us=1676
2026-03-25T16:00:22.110423Z  INFO ThreadId(21) downlink_tx: sent tx_log_seq=180 sensor=Thermal sensor_seq=106 queue_latency_us=49690 elapsed_us=10753569
2026-03-25T16:00:22.160268Z  INFO ThreadId(23) Task dispatched task="ThermalControl" drift_us=1186
2026-03-25T16:00:22.160270Z  INFO ThreadId(21) sensor_read sensor="thermal" seq=107 value=23.969085360458045 drift_us=1229 jitter_us=811 latency_us=1 elapsed_us=10803523
2026-03-25T16:00:22.160287Z  INFO ThreadId(09) sensor_read sensor="power" seq=53 value=4.247589924436932 drift_us=1236 jitter_us=116 latency_us=0 elapsed_us=10803542
2026-03-25T16:00:22.160396Z  INFO ThreadId(23) downlink_tx: sent tx_log_seq=181 sensor=Power sensor_seq=53 queue_latency_us=113 elapsed_us=10803551
2026-03-25T16:00:22.160411Z  INFO ThreadId(23) downlink_tx: sent tx_log_seq=182 sensor=Thermal sensor_seq=107 queue_latency_us=147 elapsed_us=10803551
2026-03-25T16:00:22.261444Z  INFO ThreadId(21) Task dispatched task="ThermalControl" drift_us=2377
2026-03-25T16:00:22.261448Z  WARN ThreadId(25) JITTER EXCEEDED 1ms limit sensor="thermal" jitter_us=1609 consecutive_miss=1 limit_us=1000 elapsed_us=10904705
2026-03-25T16:00:22.261464Z  INFO ThreadId(25) sensor_read sensor="thermal" seq=108 value=59.587077880244166 drift_us=2411 jitter_us=1609 latency_us=0 elapsed_us=10904705
2026-03-25T16:00:22.310647Z  INFO ThreadId(23) downlink_tx: sent tx_log_seq=183 sensor=Thermal sensor_seq=108 queue_latency_us=49171 elapsed_us=10953786
2026-03-25T16:00:22.360707Z  INFO ThreadId(23) sensor_read sensor="power" seq=54 value=2.7273808249243814 drift_us=1651 jitter_us=472 latency_us=0 elapsed_us=11003957
2026-03-25T16:00:22.360736Z  INFO ThreadId(23) sensor_read sensor="imu" seq=21 value=0.019239302421343613 drift_us=1686 jitter_us=114 latency_us=0 elapsed_us=11003997
2026-03-25T16:00:22.360745Z  WARN ThreadId(23) JITTER EXCEEDED 1ms limit sensor="thermal" jitter_us=1882 consecutive_miss=2 limit_us=1000 elapsed_us=11004005
2026-03-25T16:00:22.360748Z  INFO ThreadId(23) sensor_read sensor="thermal" seq=109 value=67.32376683061761 drift_us=1711 jitter_us=1882 latency_us=0 elapsed_us=11004005
2026-03-25T16:00:22.360814Z  INFO ThreadId(21) downlink_tx: sent tx_log_seq=184 sensor=Power sensor_seq=54 queue_latency_us=113 elapsed_us=11003974
2026-03-25T16:00:22.360805Z  INFO ThreadId(09) Task dispatched task="ThermalControl" drift_us=1722
2026-03-25T16:00:22.360830Z  INFO ThreadId(21) downlink_tx: sent tx_log_seq=185 sensor=Imu sensor_seq=21 queue_latency_us=93 elapsed_us=11003974
2026-03-25T16:00:22.360841Z  INFO ThreadId(21) downlink_tx: sent tx_log_seq=186 sensor=Thermal sensor_seq=109 queue_latency_us=93 elapsed_us=11003974
2026-03-25T16:00:22.367199Z  INFO ThreadId(23) Task dispatched task="DataCompress" drift_us=8130
2026-03-25T16:00:22.388473Z  INFO ThreadId(23) Task dispatched task="HealthMonitor" drift_us=29393
2026-03-25T16:00:22.460317Z  INFO ThreadId(23) Task dispatched task="ThermalControl" drift_us=1243
2026-03-25T16:00:22.460370Z  INFO ThreadId(21) sensor_read sensor="thermal" seq=110 value=64.35236995780093 drift_us=1322 jitter_us=311 latency_us=0 elapsed_us=11103616
2026-03-25T16:00:22.510729Z  INFO ThreadId(23) downlink_tx: sent tx_log_seq=187 sensor=Thermal sensor_seq=110 queue_latency_us=50354 elapsed_us=11153818
2026-03-25T16:00:22.560086Z  INFO ThreadId(09) Task dispatched task="ThermalControl" drift_us=1007
2026-03-25T16:00:22.560091Z  INFO ThreadId(23) sensor_read sensor="thermal" seq=111 value=30.638097464992356 drift_us=1048 jitter_us=115 latency_us=0 elapsed_us=11203342
2026-03-25T16:00:22.560111Z ERROR ThreadId(21) JITTER LIMIT VIOLATED (>1ms) sensor="power" jitter_us=1009
2026-03-25T16:00:22.560120Z  INFO ThreadId(21) sensor_read sensor="power" seq=55 value=1.0520253292213935 drift_us=1057 jitter_us=1009 latency_us=0 elapsed_us=11203363
2026-03-25T16:00:22.560233Z  INFO ThreadId(09) downlink_tx: sent tx_log_seq=188 sensor=Power sensor_seq=55 queue_latency_us=129 elapsed_us=11203373
2026-03-25T16:00:22.560255Z  INFO ThreadId(09) downlink_tx: sent tx_log_seq=189 sensor=Thermal sensor_seq=111 queue_latency_us=172 elapsed_us=11203373
2026-03-25T16:00:22.660374Z  INFO ThreadId(21) Task dispatched task="ThermalControl" drift_us=1299
2026-03-25T16:00:22.660397Z  INFO ThreadId(21) sensor_read sensor="thermal" seq=112 value=59.68735862350703 drift_us=1362 jitter_us=588 latency_us=0 elapsed_us=11303656
2026-03-25T16:00:22.660582Z  INFO ThreadId(23) downlink_tx: sent tx_log_seq=190 sensor=Thermal sensor_seq=112 queue_latency_us=176 elapsed_us=11303685
2026-03-25T16:00:22.759972Z  INFO ThreadId(20) Task dispatched task="ThermalControl" drift_us=897
2026-03-25T16:00:22.760005Z  INFO ThreadId(20) sensor_read sensor="power" seq=56 value=4.567781499531606 drift_us=957 jitter_us=494 latency_us=0 elapsed_us=11403263
2026-03-25T16:00:22.760024Z  INFO ThreadId(21) sensor_read sensor="thermal" seq=113 value=23.801406506289496 drift_us=978 jitter_us=698 latency_us=0 elapsed_us=11403272
2026-03-25T16:00:22.810643Z  INFO ThreadId(20) downlink_tx: sent tx_log_seq=191 sensor=Power sensor_seq=56 queue_latency_us=50626 elapsed_us=11453792
2026-03-25T16:00:22.810669Z  INFO ThreadId(20) downlink_tx: sent tx_log_seq=192 sensor=Thermal sensor_seq=113 queue_latency_us=50656 elapsed_us=11453792
2026-03-25T16:00:22.860830Z  WARN ThreadId(20) JITTER EXCEEDED 1ms limit sensor="thermal" jitter_us=1183 consecutive_miss=1 limit_us=1000 elapsed_us=11504071
2026-03-25T16:00:22.860860Z  INFO ThreadId(20) sensor_read sensor="thermal" seq=114 value=42.52454904201605 drift_us=1777 jitter_us=1183 latency_us=0 elapsed_us=11504071
2026-03-25T16:00:22.860864Z  INFO ThreadId(21) sensor_read sensor="imu" seq=22 value=0.03040160610597359 drift_us=1802 jitter_us=396 latency_us=0 elapsed_us=11504113
2026-03-25T16:00:22.860885Z  INFO ThreadId(21) Task dispatched task="ThermalControl" drift_us=1824
2026-03-25T16:00:22.861043Z  INFO ThreadId(09) downlink_tx: sent tx_log_seq=193 sensor=Imu sensor_seq=22 queue_latency_us=183 elapsed_us=11504156
2026-03-25T16:00:22.861077Z  INFO ThreadId(09) downlink_tx: sent tx_log_seq=194 sensor=Thermal sensor_seq=114 queue_latency_us=217 elapsed_us=11504156
2026-03-25T16:00:22.867134Z  INFO ThreadId(20) Task dispatched task="DataCompress" drift_us=8067
2026-03-25T16:00:22.960204Z  INFO ThreadId(20) Task dispatched task="ThermalControl" drift_us=1129
2026-03-25T16:00:22.960226Z  INFO ThreadId(20) sensor_read sensor="power" seq=57 value=2.624266034686609 drift_us=1179 jitter_us=322 latency_us=0 elapsed_us=11603485
2026-03-25T16:00:22.960254Z  WARN ThreadId(09) JITTER EXCEEDED 1ms limit sensor="thermal" jitter_us=1366 consecutive_miss=2 limit_us=1000 elapsed_us=11603504
2026-03-25T16:00:22.960274Z  INFO ThreadId(09) sensor_read sensor="thermal" seq=115 value=77.27222104619156 drift_us=1210 jitter_us=1366 latency_us=0 elapsed_us=11603504
2026-03-25T16:00:22.960327Z  INFO ThreadId(20) downlink_tx: sent tx_log_seq=195 sensor=Power sensor_seq=57 queue_latency_us=100 elapsed_us=11603500
2026-03-25T16:00:22.960342Z  INFO ThreadId(20) downlink_tx: sent tx_log_seq=196 sensor=Thermal sensor_seq=115 queue_latency_us=71 elapsed_us=11603500
2026-03-25T16:00:23.061319Z  WARN ThreadId(20) JITTER EXCEEDED 1ms limit sensor="thermal" jitter_us=1623 consecutive_miss=3 limit_us=1000 elapsed_us=11704560
2026-03-25T16:00:23.061349Z  INFO ThreadId(20) sensor_read sensor="thermal" seq=116 value=53.47935897622044 drift_us=2266 jitter_us=1623 latency_us=0 elapsed_us=11704560
2026-03-25T16:00:23.061357Z  INFO ThreadId(25) Task dispatched task="ThermalControl" drift_us=2286
2026-03-25T16:00:23.110458Z  INFO ThreadId(21) downlink_tx: sent tx_log_seq=197 sensor=Thermal sensor_seq=116 queue_latency_us=49097 elapsed_us=11753603
2026-03-25T16:00:23.160783Z  WARN ThreadId(21) JITTER EXCEEDED 1ms limit sensor="thermal" jitter_us=1591 consecutive_miss=4 limit_us=1000 elapsed_us=11804025
2026-03-25T16:00:23.160816Z  INFO ThreadId(21) sensor_read sensor="thermal" seq=117 value=52.87141851676667 drift_us=1731 jitter_us=1591 latency_us=0 elapsed_us=11804025
2026-03-25T16:00:23.160827Z  INFO ThreadId(20) sensor_read sensor="power" seq=58 value=3.9902829836868294 drift_us=1770 jitter_us=369 latency_us=0 elapsed_us=11804076
2026-03-25T16:00:23.160853Z  INFO ThreadId(20) Task dispatched task="ThermalControl" drift_us=1793
2026-03-25T16:00:23.160987Z  INFO ThreadId(21) downlink_tx: sent tx_log_seq=198 sensor=Power sensor_seq=58 queue_latency_us=169 elapsed_us=11804101
2026-03-25T16:00:23.161015Z  INFO ThreadId(21) downlink_tx: sent tx_log_seq=199 sensor=Thermal sensor_seq=117 queue_latency_us=202 elapsed_us=11804101
2026-03-25T16:00:23.260295Z  INFO ThreadId(20) Task dispatched task="ThermalControl" drift_us=1221
2026-03-25T16:00:23.260319Z  INFO ThreadId(20) sensor_read sensor="thermal" seq=118 value=62.663430806435336 drift_us=1284 jitter_us=88 latency_us=0 elapsed_us=11903578
2026-03-25T16:00:23.260491Z  INFO ThreadId(21) downlink_tx: sent tx_log_seq=200 sensor=Thermal sensor_seq=118 queue_latency_us=164 elapsed_us=11903595
2026-03-25T16:00:23.360418Z  INFO ThreadId(20) Task dispatched task="ThermalControl" drift_us=1343
2026-03-25T16:00:23.360463Z  INFO ThreadId(09) sensor_read sensor="power" seq=59 value=3.6561474217526224 drift_us=1396 jitter_us=965 latency_us=0 elapsed_us=12003702
2026-03-25T16:00:23.360489Z  INFO ThreadId(09) sensor_read sensor="thermal" seq=119 value=61.02584020447301 drift_us=1409 jitter_us=572 latency_us=0 elapsed_us=12003703
2026-03-25T16:00:23.360510Z  INFO ThreadId(09) sensor_read sensor="imu" seq=23 value=-0.07249087007209964 drift_us=1408 jitter_us=510 latency_us=0 elapsed_us=12003719
2026-03-25T16:00:23.360631Z  INFO ThreadId(09) downlink_tx: sent tx_log_seq=201 sensor=Imu sensor_seq=23 queue_latency_us=172 elapsed_us=12003707
2026-03-25T16:00:23.360653Z  INFO ThreadId(09) downlink_tx: sent tx_log_seq=202 sensor=Power sensor_seq=59 queue_latency_us=211 elapsed_us=12003707
2026-03-25T16:00:23.360667Z  INFO ThreadId(09) downlink_tx: sent tx_log_seq=203 sensor=Thermal sensor_seq=119 queue_latency_us=224 elapsed_us=12003707
2026-03-25T16:00:23.365960Z  INFO ThreadId(21) Task dispatched task="DataCompress" drift_us=6887
2026-03-25T16:00:23.387591Z  INFO ThreadId(21) Task dispatched task="HealthMonitor" drift_us=28516
2026-03-25T16:00:23.460610Z  INFO ThreadId(21) Task dispatched task="ThermalControl" drift_us=1531
2026-03-25T16:00:23.460610Z  INFO ThreadId(25) sensor_read sensor="thermal" seq=120 value=59.07277807536105 drift_us=1569 jitter_us=35 latency_us=0 elapsed_us=12103863
2026-03-25T16:00:23.460714Z  INFO ThreadId(20) downlink_tx: sent tx_log_seq=204 sensor=Thermal sensor_seq=120 queue_latency_us=108 elapsed_us=12103876
2026-03-25T16:00:23.560587Z  INFO ThreadId(25) Task dispatched task="ThermalControl" drift_us=1510
2026-03-25T16:00:23.560594Z  INFO ThreadId(20) sensor_read sensor="thermal" seq=121 value=59.31382243454597 drift_us=1554 jitter_us=175 latency_us=0 elapsed_us=12203848
2026-03-25T16:00:23.560606Z  INFO ThreadId(21) sensor_read sensor="power" seq=60 value=1.9409513513461605 drift_us=1556 jitter_us=534 latency_us=0 elapsed_us=12203862
2026-03-25T16:00:23.560674Z  INFO ThreadId(25) downlink_tx: sent tx_log_seq=205 sensor=Power sensor_seq=60 queue_latency_us=72 elapsed_us=12203870
2026-03-25T16:00:23.560685Z  INFO ThreadId(25) downlink_tx: sent tx_log_seq=206 sensor=Thermal sensor_seq=121 queue_latency_us=98 elapsed_us=12203870
2026-03-25T16:00:23.660523Z  INFO ThreadId(09) Task dispatched task="ThermalControl" drift_us=1447
2026-03-25T16:00:23.660559Z  INFO ThreadId(21) sensor_read sensor="thermal" seq=122 value=68.43753516286947 drift_us=1504 jitter_us=35 latency_us=0 elapsed_us=12303798
2026-03-25T16:00:23.660658Z  INFO ThreadId(20) downlink_tx: sent tx_log_seq=207 sensor=Thermal sensor_seq=122 queue_latency_us=114 elapsed_us=12303813
2026-03-25T16:00:23.760353Z  INFO ThreadId(21) Task dispatched task="ThermalControl" drift_us=1277
2026-03-25T16:00:23.760369Z  INFO ThreadId(09) sensor_read sensor="thermal" seq=123 value=36.47289828031747 drift_us=1331 jitter_us=123 latency_us=0 elapsed_us=12403625
2026-03-25T16:00:23.760377Z  INFO ThreadId(21) sensor_read sensor="power" seq=61 value=1.266691752063575 drift_us=1331 jitter_us=385 latency_us=0 elapsed_us=12403637
2026-03-25T16:00:23.760477Z  INFO ThreadId(25) downlink_tx: sent tx_log_seq=208 sensor=Power sensor_seq=61 queue_latency_us=96 elapsed_us=12403638
2026-03-25T16:00:23.760492Z  INFO ThreadId(25) downlink_tx: sent tx_log_seq=209 sensor=Thermal sensor_seq=123 queue_latency_us=127 elapsed_us=12403638
2026-03-25T16:00:23.860409Z  INFO ThreadId(21) Task dispatched task="ThermalControl" drift_us=1332
2026-03-25T16:00:23.860416Z  INFO ThreadId(20) sensor_read sensor="thermal" seq=124 value=57.676532511357095 drift_us=1375 jitter_us=217 latency_us=0 elapsed_us=12503669
2026-03-25T16:00:23.860432Z  INFO ThreadId(09) sensor_read sensor="imu" seq=24 value=-0.0726882466808422 drift_us=1376 jitter_us=362 latency_us=0 elapsed_us=12503687
2026-03-25T16:00:23.860531Z  INFO ThreadId(21) downlink_tx: sent tx_log_seq=210 sensor=Imu sensor_seq=24 queue_latency_us=103 elapsed_us=12503693
2026-03-25T16:00:23.860545Z  INFO ThreadId(21) downlink_tx: sent tx_log_seq=211 sensor=Thermal sensor_seq=124 queue_latency_us=136 elapsed_us=12503693
2026-03-25T16:00:23.867098Z  INFO ThreadId(20) Task dispatched task="DataCompress" drift_us=8017
2026-03-25T16:00:23.960546Z  INFO ThreadId(25) Task dispatched task="ThermalControl" drift_us=1470
2026-03-25T16:00:23.960552Z  INFO ThreadId(20) sensor_read sensor="thermal" seq=125 value=37.428367666202696 drift_us=1512 jitter_us=93 latency_us=0 elapsed_us=12603806
2026-03-25T16:00:23.960605Z  INFO ThreadId(09) sensor_read sensor="power" seq=62 value=1.6177417601466269 drift_us=1539 jitter_us=433 latency_us=0 elapsed_us=12603845
2026-03-25T16:00:23.960674Z  INFO ThreadId(20) downlink_tx: sent tx_log_seq=212 sensor=Thermal sensor_seq=125 queue_latency_us=127 elapsed_us=12603831
2026-03-25T16:00:23.960690Z  INFO ThreadId(20) downlink_tx: sent tx_log_seq=213 sensor=Power sensor_seq=62 queue_latency_us=105 elapsed_us=12603831
2026-03-25T16:00:24.060500Z  INFO ThreadId(09) Task dispatched task="ThermalControl" drift_us=1423
2026-03-25T16:00:24.060506Z  INFO ThreadId(25) sensor_read sensor="thermal" seq=126 value=60.60462814954854 drift_us=1465 jitter_us=184 latency_us=0 elapsed_us=12703759
2026-03-25T16:00:24.060630Z  INFO ThreadId(21) downlink_tx: sent tx_log_seq=214 sensor=Thermal sensor_seq=126 queue_latency_us=126 elapsed_us=12703774
2026-03-25T16:00:24.160516Z  INFO ThreadId(09) Task dispatched task="ThermalControl" drift_us=1441
2026-03-25T16:00:24.160525Z  INFO ThreadId(20) sensor_read sensor="thermal" seq=127 value=77.7305187630636 drift_us=1484 jitter_us=66 latency_us=0 elapsed_us=12803778
2026-03-25T16:00:24.160536Z  INFO ThreadId(25) sensor_read sensor="power" seq=63 value=1.5161981470756918 drift_us=1486 jitter_us=261 latency_us=0 elapsed_us=12803792
2026-03-25T16:00:24.160653Z  INFO ThreadId(21) downlink_tx: sent tx_log_seq=215 sensor=Power sensor_seq=63 queue_latency_us=116 elapsed_us=12803808
2026-03-25T16:00:24.160672Z  INFO ThreadId(21) downlink_tx: sent tx_log_seq=216 sensor=Thermal sensor_seq=127 queue_latency_us=153 elapsed_us=12803808
2026-03-25T16:00:24.260162Z  INFO ThreadId(23) Task dispatched task="ThermalControl" drift_us=1086
2026-03-25T16:00:24.260169Z  INFO ThreadId(09) sensor_read sensor="thermal" seq=128 value=71.16278697296022 drift_us=1128 jitter_us=375 latency_us=0 elapsed_us=12903422
2026-03-25T16:00:24.260292Z  INFO ThreadId(25) downlink_tx: sent tx_log_seq=217 sensor=Thermal sensor_seq=128 queue_latency_us=126 elapsed_us=12903437
2026-03-25T16:00:24.360485Z  INFO ThreadId(20) Task dispatched task="ThermalControl" drift_us=1407
2026-03-25T16:00:24.360511Z  INFO ThreadId(20) sensor_read sensor="thermal" seq=129 value=45.85026320502088 drift_us=1475 jitter_us=703 latency_us=0 elapsed_us=13003769
2026-03-25T16:00:24.360545Z  INFO ThreadId(23) sensor_read sensor="imu" seq=25 value=-0.031966533621706456 drift_us=1492 jitter_us=148 latency_us=0 elapsed_us=13003803
2026-03-25T16:00:24.360554Z  INFO ThreadId(09) sensor_read sensor="power" seq=64 value=2.5845089067684097 drift_us=1479 jitter_us=46 latency_us=0 elapsed_us=13003785
2026-03-25T16:00:24.360627Z  INFO ThreadId(20) downlink_tx: sent tx_log_seq=218 sensor=Thermal sensor_seq=129 queue_latency_us=116 elapsed_us=13003787
2026-03-25T16:00:24.360641Z  INFO ThreadId(20) downlink_tx: sent tx_log_seq=219 sensor=Imu sensor_seq=25 queue_latency_us=99 elapsed_us=13003787
2026-03-25T16:00:24.360650Z  INFO ThreadId(20) downlink_tx: sent tx_log_seq=220 sensor=Power sensor_seq=64 queue_latency_us=124 elapsed_us=13003787
2026-03-25T16:00:24.367159Z  INFO ThreadId(25) Task dispatched task="DataCompress" drift_us=8096
2026-03-25T16:00:24.388350Z  INFO ThreadId(25) Task dispatched task="HealthMonitor" drift_us=29259
2026-03-25T16:00:24.460380Z  INFO ThreadId(25) Task dispatched task="ThermalControl" drift_us=1302
2026-03-25T16:00:24.460384Z  INFO ThreadId(09) sensor_read sensor="thermal" seq=130 value=70.82272342436309 drift_us=1343 jitter_us=479 latency_us=0 elapsed_us=13103637
2026-03-25T16:00:24.460509Z  INFO ThreadId(23) downlink_tx: sent tx_log_seq=221 sensor=Thermal sensor_seq=130 queue_latency_us=128 elapsed_us=13103653
2026-03-25T16:00:24.560571Z  INFO ThreadId(20) Task dispatched task="ThermalControl" drift_us=1490
2026-03-25T16:00:24.560607Z  INFO ThreadId(20) sensor_read sensor="power" seq=65 value=3.7330163000321672 drift_us=1559 jitter_us=87 latency_us=0 elapsed_us=13203865
2026-03-25T16:00:24.560617Z  INFO ThreadId(09) sensor_read sensor="thermal" seq=131 value=70.91176904905268 drift_us=1557 jitter_us=346 latency_us=0 elapsed_us=13203851
2026-03-25T16:00:24.560781Z  INFO ThreadId(25) downlink_tx: sent tx_log_seq=222 sensor=Power sensor_seq=65 queue_latency_us=168 elapsed_us=13203865
2026-03-25T16:00:24.560817Z  INFO ThreadId(25) downlink_tx: sent tx_log_seq=223 sensor=Thermal sensor_seq=131 queue_latency_us=224 elapsed_us=13203865
2026-03-25T16:00:24.660503Z  INFO ThreadId(09) Task dispatched task="ThermalControl" drift_us=1424
2026-03-25T16:00:24.660511Z  INFO ThreadId(23) sensor_read sensor="thermal" seq=132 value=69.38415750482056 drift_us=1471 jitter_us=300 latency_us=0 elapsed_us=13303765
2026-03-25T16:00:24.660713Z  INFO ThreadId(20) downlink_tx: sent tx_log_seq=224 sensor=Thermal sensor_seq=132 queue_latency_us=193 elapsed_us=13303811
2026-03-25T16:00:24.760407Z  INFO ThreadId(09) Task dispatched task="ThermalControl" drift_us=1326
2026-03-25T16:00:24.760451Z  INFO ThreadId(25) sensor_read sensor="thermal" seq=133 value=74.0313830424493 drift_us=1398 jitter_us=13 latency_us=1 elapsed_us=13403692
2026-03-25T16:00:24.760508Z  INFO ThreadId(23) sensor_read sensor="power" seq=66 value=4.18542747602146 drift_us=1437 jitter_us=202 latency_us=0 elapsed_us=13403743
2026-03-25T16:00:24.760568Z  INFO ThreadId(09) downlink_tx: sent tx_log_seq=225 sensor=Thermal sensor_seq=133 queue_latency_us=132 elapsed_us=13403704
2026-03-25T16:00:24.760591Z  INFO ThreadId(09) downlink_tx: sent tx_log_seq=226 sensor=Power sensor_seq=66 queue_latency_us=107 elapsed_us=13403704
2026-03-25T16:00:24.860237Z  INFO ThreadId(20) Task dispatched task="ThermalControl" drift_us=1161
2026-03-25T16:00:24.860273Z  INFO ThreadId(20) sensor_read sensor="imu" seq=26 value=-0.04673323397292628 drift_us=1221 jitter_us=387 latency_us=1 elapsed_us=13503532
2026-03-25T16:00:24.860303Z  INFO ThreadId(23) sensor_read sensor="thermal" seq=134 value=72.80722088212056 drift_us=1245 jitter_us=80 latency_us=0 elapsed_us=13503539
2026-03-25T16:00:24.867248Z  INFO ThreadId(20) Task dispatched task="DataCompress" drift_us=8178
2026-03-25T16:00:24.910552Z  INFO ThreadId(25) downlink_tx: sent tx_log_seq=227 sensor=Imu sensor_seq=26 queue_latency_us=50264 elapsed_us=13553693
2026-03-25T16:00:24.910579Z  INFO ThreadId(25) downlink_tx: sent tx_log_seq=228 sensor=Thermal sensor_seq=134 queue_latency_us=50299 elapsed_us=13553693
2026-03-25T16:00:24.960282Z  INFO ThreadId(20) Task dispatched task="ThermalControl" drift_us=1207
2026-03-25T16:00:24.960289Z  INFO ThreadId(25) sensor_read sensor="thermal" seq=135 value=66.60482252338872 drift_us=1249 jitter_us=157 latency_us=0 elapsed_us=13603543
2026-03-25T16:00:24.960307Z  INFO ThreadId(20) sensor_read sensor="power" seq=67 value=2.1893882066682373 drift_us=1261 jitter_us=54 latency_us=0 elapsed_us=13603567
2026-03-25T16:00:24.960453Z  INFO ThreadId(23) downlink_tx: sent tx_log_seq=229 sensor=Power sensor_seq=67 queue_latency_us=134 elapsed_us=13603576
2026-03-25T16:00:24.960487Z  INFO ThreadId(23) downlink_tx: sent tx_log_seq=230 sensor=Thermal sensor_seq=135 queue_latency_us=203 elapsed_us=13603576
2026-03-25T16:00:25.060485Z  INFO ThreadId(09) Task dispatched task="ThermalControl" drift_us=1405
2026-03-25T16:00:25.060494Z  INFO ThreadId(25) sensor_read sensor="thermal" seq=136 value=40.95535483074564 drift_us=1451 jitter_us=198 latency_us=0 elapsed_us=13703745
2026-03-25T16:00:25.060627Z  INFO ThreadId(20) downlink_tx: sent tx_log_seq=231 sensor=Thermal sensor_seq=136 queue_latency_us=136 elapsed_us=13703764
2026-03-25T16:00:25.160247Z  INFO ThreadId(25) Task dispatched task="ThermalControl" drift_us=1171
2026-03-25T16:00:25.160255Z  INFO ThreadId(23) sensor_read sensor="thermal" seq=137 value=25.406261029548006 drift_us=1215 jitter_us=438 latency_us=0 elapsed_us=13803509
2026-03-25T16:00:25.160270Z  INFO ThreadId(09) sensor_read sensor="power" seq=68 value=1.3528165978166784 drift_us=1221 jitter_us=136 latency_us=0 elapsed_us=13803527
2026-03-25T16:00:25.160374Z  INFO ThreadId(23) downlink_tx: sent tx_log_seq=232 sensor=Power sensor_seq=68 queue_latency_us=106 elapsed_us=13803530
2026-03-25T16:00:25.160389Z  INFO ThreadId(23) downlink_tx: sent tx_log_seq=233 sensor=Thermal sensor_seq=137 queue_latency_us=141 elapsed_us=13803530
2026-03-25T16:00:25.260280Z  INFO ThreadId(25) Task dispatched task="ThermalControl" drift_us=1205
2026-03-25T16:00:25.260287Z  INFO ThreadId(09) sensor_read sensor="thermal" seq=138 value=20.35758053754391 drift_us=1247 jitter_us=268 latency_us=0 elapsed_us=13903541
2026-03-25T16:00:25.260397Z  INFO ThreadId(20) downlink_tx: sent tx_log_seq=234 sensor=Thermal sensor_seq=138 queue_latency_us=112 elapsed_us=13903554
2026-03-25T16:00:25.360236Z  INFO ThreadId(09) Task dispatched task="ThermalControl" drift_us=1161
2026-03-25T16:00:25.360242Z  INFO ThreadId(23) sensor_read sensor="power" seq=69 value=3.495330083106155 drift_us=1190 jitter_us=9 latency_us=0 elapsed_us=14003496
2026-03-25T16:00:25.360257Z  INFO ThreadId(25) sensor_read sensor="imu" seq=27 value=0.08657001494400479 drift_us=1203 jitter_us=253 latency_us=0 elapsed_us=14003514
2026-03-25T16:00:25.360268Z  INFO ThreadId(20) sensor_read sensor="thermal" seq=139 value=39.823914128138554 drift_us=1231 jitter_us=48 latency_us=0 elapsed_us=14003525
2026-03-25T16:00:25.360355Z  INFO ThreadId(23) downlink_tx: sent tx_log_seq=235 sensor=Imu sensor_seq=27 queue_latency_us=100 elapsed_us=14003518
2026-03-25T16:00:25.360366Z  INFO ThreadId(23) downlink_tx: sent tx_log_seq=236 sensor=Power sensor_seq=69 queue_latency_us=131 elapsed_us=14003518
2026-03-25T16:00:25.360375Z  INFO ThreadId(23) downlink_tx: sent tx_log_seq=237 sensor=Thermal sensor_seq=139 queue_latency_us=111 elapsed_us=14003518
2026-03-25T16:00:25.366023Z  INFO ThreadId(09) Task dispatched task="DataCompress" drift_us=6958
2026-03-25T16:00:25.387490Z  INFO ThreadId(09) Task dispatched task="HealthMonitor" drift_us=28417
2026-03-25T16:00:25.460281Z  INFO ThreadId(09) Task dispatched task="ThermalControl" drift_us=1204
2026-03-25T16:00:25.460285Z  INFO ThreadId(21) sensor_read sensor="thermal" seq=140 value=45.98680543454486 drift_us=1245 jitter_us=30 latency_us=0 elapsed_us=14103539
2026-03-25T16:00:25.460403Z  INFO ThreadId(20) downlink_tx: sent tx_log_seq=238 sensor=Thermal sensor_seq=140 queue_latency_us=120 elapsed_us=14103554
2026-03-25T16:00:25.560382Z  INFO ThreadId(25) Task dispatched task="ThermalControl" drift_us=1307
2026-03-25T16:00:25.560389Z  INFO ThreadId(09) sensor_read sensor="thermal" seq=141 value=22.20493023729908 drift_us=1349 jitter_us=90 latency_us=0 elapsed_us=14203643
2026-03-25T16:00:25.560399Z  INFO ThreadId(21) sensor_read sensor="power" seq=70 value=2.8343895628392586 drift_us=1350 jitter_us=191 latency_us=0 elapsed_us=14203656
2026-03-25T16:00:25.560514Z  INFO ThreadId(20) downlink_tx: sent tx_log_seq=239 sensor=Power sensor_seq=70 queue_latency_us=114 elapsed_us=14203673
2026-03-25T16:00:25.560532Z  INFO ThreadId(20) downlink_tx: sent tx_log_seq=240 sensor=Thermal sensor_seq=141 queue_latency_us=149 elapsed_us=14203673
2026-03-25T16:00:25.661884Z  WARN ThreadId(25) JITTER EXCEEDED 1ms limit sensor="thermal" jitter_us=1388 consecutive_miss=1 limit_us=1000 elapsed_us=14305135
2026-03-25T16:00:25.661888Z  INFO ThreadId(09) Task dispatched task="ThermalControl" drift_us=2826
2026-03-25T16:00:25.661907Z  INFO ThreadId(25) sensor_read sensor="thermal" seq=142 value=43.29868338652419 drift_us=2841 jitter_us=1388 latency_us=1 elapsed_us=14305135
2026-03-25T16:00:25.710762Z  INFO ThreadId(21) downlink_tx: sent tx_log_seq=241 sensor=Thermal sensor_seq=142 queue_latency_us=48842 elapsed_us=14353903
2026-03-25T16:00:25.760482Z  INFO ThreadId(25) Task dispatched task="ThermalControl" drift_us=1408
2026-03-25T16:00:25.760487Z  WARN ThreadId(21) JITTER EXCEEDED 1ms limit sensor="thermal" jitter_us=2884 consecutive_miss=2 limit_us=1000 elapsed_us=14403743
2026-03-25T16:00:25.760500Z  INFO ThreadId(21) sensor_read sensor="thermal" seq=143 value=32.760036223035286 drift_us=1449 jitter_us=2884 latency_us=0 elapsed_us=14403743
2026-03-25T16:00:25.760504Z  INFO ThreadId(25) sensor_read sensor="power" seq=71 value=2.8195958430231496 drift_us=1458 jitter_us=52 latency_us=0 elapsed_us=14403764
2026-03-25T16:00:25.810566Z  INFO ThreadId(09) downlink_tx: sent tx_log_seq=242 sensor=Power sensor_seq=71 queue_latency_us=50049 elapsed_us=14453719
2026-03-25T16:00:25.810594Z  INFO ThreadId(09) downlink_tx: sent tx_log_seq=243 sensor=Thermal sensor_seq=143 queue_latency_us=50094 elapsed_us=14453719
2026-03-25T16:00:25.860279Z  INFO ThreadId(25) Task dispatched task="ThermalControl" drift_us=1204
2026-03-25T16:00:25.860287Z  WARN ThreadId(09) JITTER EXCEEDED 1ms limit sensor="thermal" jitter_us=1191 consecutive_miss=3 limit_us=1000 elapsed_us=14503542
2026-03-25T16:00:25.860300Z  INFO ThreadId(09) sensor_read sensor="thermal" seq=144 value=76.63707704466209 drift_us=1248 jitter_us=1191 latency_us=0 elapsed_us=14503542
2026-03-25T16:00:25.860312Z  INFO ThreadId(09) sensor_read sensor="imu" seq=28 value=0.04979828495099636 drift_us=1248 jitter_us=63 latency_us=0 elapsed_us=14503559
2026-03-25T16:00:25.860412Z  INFO ThreadId(09) downlink_tx: sent tx_log_seq=244 sensor=Imu sensor_seq=28 queue_latency_us=113 elapsed_us=14503561
2026-03-25T16:00:25.860425Z  INFO ThreadId(09) downlink_tx: sent tx_log_seq=245 sensor=Thermal sensor_seq=144 queue_latency_us=128 elapsed_us=14503561
2026-03-25T16:00:25.866436Z  INFO ThreadId(23) Task dispatched task="DataCompress" drift_us=7354
2026-03-25T16:00:25.961396Z  WARN ThreadId(23) JITTER EXCEEDED 1ms limit sensor="thermal" jitter_us=1307 consecutive_miss=4 limit_us=1000 elapsed_us=14604648
2026-03-25T16:00:25.961421Z  INFO ThreadId(23) sensor_read sensor="thermal" seq=145 value=24.134710857730663 drift_us=2354 jitter_us=1307 latency_us=0 elapsed_us=14604648
2026-03-25T16:00:25.961438Z  INFO ThreadId(23) sensor_read sensor="power" seq=72 value=4.5114717440111445 drift_us=2393 jitter_us=827 latency_us=0 elapsed_us=14604699
2026-03-25T16:00:25.961451Z  INFO ThreadId(09) Task dispatched task="ThermalControl" drift_us=2387
2026-03-25T16:00:25.961549Z  INFO ThreadId(25) downlink_tx: sent tx_log_seq=246 sensor=Thermal sensor_seq=145 queue_latency_us=117 elapsed_us=14604685
2026-03-25T16:00:25.961599Z  INFO ThreadId(25) downlink_tx: sent tx_log_seq=247 sensor=Power sensor_seq=72 queue_latency_us=159 elapsed_us=14604685
2026-03-25T16:00:26.060687Z  WARN ThreadId(23) JITTER EXCEEDED 1ms limit sensor="thermal" jitter_us=1817 consecutive_miss=5 limit_us=1000 elapsed_us=14703937
2026-03-25T16:00:26.060712Z  INFO ThreadId(23) sensor_read sensor="thermal" seq=146 value=56.94079621837003 drift_us=1643 jitter_us=1817 latency_us=0 elapsed_us=14703937
2026-03-25T16:00:26.060715Z  INFO ThreadId(20) Task dispatched task="ThermalControl" drift_us=1642
2026-03-25T16:00:26.111491Z  INFO ThreadId(09) downlink_tx: sent tx_log_seq=248 sensor=Thermal sensor_seq=146 queue_latency_us=50768 elapsed_us=14754640
2026-03-25T16:00:26.160458Z  INFO ThreadId(20) Task dispatched task="ThermalControl" drift_us=1381
2026-03-25T16:00:26.160465Z  INFO ThreadId(09) sensor_read sensor="thermal" seq=147 value=56.502153824174066 drift_us=1424 jitter_us=492 latency_us=1 elapsed_us=14803718
2026-03-25T16:00:26.160482Z ERROR ThreadId(09) JITTER LIMIT VIOLATED (>1ms) sensor="power" jitter_us=1892
2026-03-25T16:00:26.160486Z  INFO ThreadId(09) sensor_read sensor="power" seq=73 value=0.6319858938497476 drift_us=1436 jitter_us=1892 latency_us=0 elapsed_us=14803742
2026-03-25T16:00:26.160580Z  INFO ThreadId(23) downlink_tx: sent tx_log_seq=249 sensor=Thermal sensor_seq=147 queue_latency_us=117 elapsed_us=14803735
2026-03-25T16:00:26.160598Z  INFO ThreadId(23) downlink_tx: sent tx_log_seq=250 sensor=Power sensor_seq=73 queue_latency_us=117 elapsed_us=14803735
2026-03-25T16:00:26.260547Z  INFO ThreadId(09) Task dispatched task="ThermalControl" drift_us=1470
2026-03-25T16:00:26.260553Z  INFO ThreadId(20) sensor_read sensor="thermal" seq=148 value=69.5558596163705 drift_us=1512 jitter_us=307 latency_us=0 elapsed_us=14903806
2026-03-25T16:00:26.260671Z  INFO ThreadId(25) downlink_tx: sent tx_log_seq=251 sensor=Thermal sensor_seq=148 queue_latency_us=120 elapsed_us=14903822
2026-03-25T16:00:26.360376Z  INFO ThreadId(20) Task dispatched task="ThermalControl" drift_us=1299
2026-03-25T16:00:26.360383Z  INFO ThreadId(23) sensor_read sensor="power" seq=74 value=3.5353596912011636 drift_us=1330 jitter_us=851 latency_us=0 elapsed_us=15003636
2026-03-25T16:00:26.360397Z  INFO ThreadId(09) sensor_read sensor="thermal" seq=149 value=38.79981582704751 drift_us=1360 jitter_us=240 latency_us=0 elapsed_us=15003654
2026-03-25T16:00:26.360402Z  INFO ThreadId(23) sensor_read sensor="imu" seq=29 value=0.0033181411979402026 drift_us=1352 jitter_us=59 latency_us=0 elapsed_us=15003663
2026-03-25T16:00:26.360508Z  INFO ThreadId(20) downlink_tx: sent tx_log_seq=252 sensor=Power sensor_seq=74 queue_latency_us=130 elapsed_us=15003659
2026-03-25T16:00:26.360521Z  INFO ThreadId(20) downlink_tx: sent tx_log_seq=253 sensor=Imu sensor_seq=29 queue_latency_us=119 elapsed_us=15003659
2026-03-25T16:00:26.360531Z  INFO ThreadId(20) downlink_tx: sent tx_log_seq=254 sensor=Thermal sensor_seq=149 queue_latency_us=138 elapsed_us=15003659
2026-03-25T16:00:26.367438Z  INFO ThreadId(09) Task dispatched task="DataCompress" drift_us=8361
2026-03-25T16:00:26.370622Z  INFO ThreadId(09) uplink_rx: received cmd=Heartbeat seq=5 dispatch_latency_us=0 elapsed_us=15013870
2026-03-25T16:00:26.370649Z  INFO ThreadId(09) command executed cmd=Heartbeat
2026-03-25T16:00:26.388188Z  INFO ThreadId(09) Task dispatched task="HealthMonitor" drift_us=29112
2026-03-25T16:00:26.460613Z  INFO ThreadId(09) Task dispatched task="ThermalControl" drift_us=1535
2026-03-25T16:00:26.460617Z  INFO ThreadId(21) sensor_read sensor="thermal" seq=150 value=44.82318273163383 drift_us=1577 jitter_us=369 latency_us=0 elapsed_us=15103871
2026-03-25T16:00:26.460733Z  INFO ThreadId(23) downlink_tx: sent tx_log_seq=255 sensor=Thermal sensor_seq=150 queue_latency_us=118 elapsed_us=15103889
2026-03-25T16:00:26.561256Z  INFO ThreadId(23) sensor_read sensor="thermal" seq=151 value=71.81307886371242 drift_us=2211 jitter_us=417 latency_us=0 elapsed_us=15204505
2026-03-25T16:00:26.561281Z ERROR ThreadId(21) JITTER LIMIT VIOLATED (>1ms) sensor="power" jitter_us=1008
2026-03-25T16:00:26.561288Z  INFO ThreadId(21) sensor_read sensor="power" seq=75 value=0.539613622625795 drift_us=2232 jitter_us=1008 latency_us=0 elapsed_us=15204538
2026-03-25T16:00:26.561291Z  INFO ThreadId(23) Task dispatched task="ThermalControl" drift_us=2233
2026-03-25T16:00:26.561365Z  INFO ThreadId(09) downlink_tx: sent tx_log_seq=256 sensor=Thermal sensor_seq=151 queue_latency_us=115 elapsed_us=15204521
2026-03-25T16:00:26.561384Z  INFO ThreadId(09) downlink_tx: sent tx_log_seq=257 sensor=Power sensor_seq=75 queue_latency_us=106 elapsed_us=15204521
2026-03-25T16:00:26.661437Z  INFO ThreadId(23) Task dispatched task="ThermalControl" drift_us=2375
2026-03-25T16:00:26.661435Z  INFO ThreadId(20) sensor_read sensor="thermal" seq=152 value=22.846982648181616 drift_us=2391 jitter_us=454 latency_us=0 elapsed_us=15304685
2026-03-25T16:00:26.710656Z  INFO ThreadId(21) downlink_tx: sent tx_log_seq=258 sensor=Thermal sensor_seq=152 queue_latency_us=49218 elapsed_us=15353796
2026-03-25T16:00:26.761260Z  INFO ThreadId(21) sensor_read sensor="thermal" seq=153 value=74.09141400002012 drift_us=2213 jitter_us=358 latency_us=0 elapsed_us=15404507
2026-03-25T16:00:26.761271Z  INFO ThreadId(23) sensor_read sensor="power" seq=76 value=0.7451079034051473 drift_us=2223 jitter_us=911 latency_us=0 elapsed_us=15404529
2026-03-25T16:00:26.761290Z  INFO ThreadId(21) Task dispatched task="ThermalControl" drift_us=2230
2026-03-25T16:00:26.761401Z  INFO ThreadId(09) downlink_tx: sent tx_log_seq=259 sensor=Power sensor_seq=76 queue_latency_us=129 elapsed_us=15404549
2026-03-25T16:00:26.761420Z  INFO ThreadId(09) downlink_tx: sent tx_log_seq=260 sensor=Thermal sensor_seq=153 queue_latency_us=172 elapsed_us=15404549
2026-03-25T16:00:26.860639Z  INFO ThreadId(09) Task dispatched task="ThermalControl" drift_us=1554
2026-03-25T16:00:26.860677Z  INFO ThreadId(23) sensor_read sensor="thermal" seq=154 value=35.11032314006577 drift_us=1623 jitter_us=412 latency_us=0 elapsed_us=15503917
2026-03-25T16:00:26.860705Z  INFO ThreadId(25) sensor_read sensor="imu" seq=30 value=0.03555164325965793 drift_us=1639 jitter_us=183 latency_us=0 elapsed_us=15503950
2026-03-25T16:00:26.860846Z  INFO ThreadId(09) downlink_tx: sent tx_log_seq=261 sensor=Thermal sensor_seq=154 queue_latency_us=184 elapsed_us=15503942
2026-03-25T16:00:26.860885Z  INFO ThreadId(09) downlink_tx: sent tx_log_seq=262 sensor=Imu sensor_seq=30 queue_latency_us=193 elapsed_us=15503942
2026-03-25T16:00:26.867173Z  INFO ThreadId(25) Task dispatched task="DataCompress" drift_us=8100
2026-03-25T16:00:26.960356Z  INFO ThreadId(09) Task dispatched task="ThermalControl" drift_us=1279
2026-03-25T16:00:26.960364Z  INFO ThreadId(25) sensor_read sensor="thermal" seq=155 value=71.33484585855095 drift_us=1324 jitter_us=291 latency_us=0 elapsed_us=15603618
2026-03-25T16:00:26.960384Z  INFO ThreadId(25) sensor_read sensor="power" seq=77 value=0.844323406547047 drift_us=1339 jitter_us=875 latency_us=0 elapsed_us=15603645
2026-03-25T16:00:26.960480Z  INFO ThreadId(09) downlink_tx: sent tx_log_seq=263 sensor=Thermal sensor_seq=155 queue_latency_us=122 elapsed_us=15603640
2026-03-25T16:00:26.960493Z  INFO ThreadId(09) downlink_tx: sent tx_log_seq=264 sensor=Power sensor_seq=77 queue_latency_us=109 elapsed_us=15603640
2026-03-25T16:00:27.060284Z  INFO ThreadId(25) Task dispatched task="ThermalControl" drift_us=1208
2026-03-25T16:00:27.060296Z  INFO ThreadId(23) sensor_read sensor="thermal" seq=156 value=52.96789750397791 drift_us=1255 jitter_us=230 latency_us=0 elapsed_us=15703549
2026-03-25T16:00:27.060493Z  INFO ThreadId(09) downlink_tx: sent tx_log_seq=265 sensor=Thermal sensor_seq=156 queue_latency_us=201 elapsed_us=15703589
2026-03-25T16:00:27.160506Z  INFO ThreadId(25) Task dispatched task="ThermalControl" drift_us=1426
2026-03-25T16:00:27.160554Z ERROR ThreadId(25) JITTER LIMIT VIOLATED (>1ms) sensor="power" jitter_us=1052
2026-03-25T16:00:27.160559Z  INFO ThreadId(25) sensor_read sensor="power" seq=78 value=1.784331320507502 drift_us=1507 jitter_us=1052 latency_us=0 elapsed_us=15803813
2026-03-25T16:00:27.160556Z  INFO ThreadId(21) sensor_read sensor="thermal" seq=157 value=30.841570297778507 drift_us=1512 jitter_us=326 latency_us=0 elapsed_us=15803806
2026-03-25T16:00:27.210453Z  INFO ThreadId(25) downlink_tx: sent tx_log_seq=266 sensor=Power sensor_seq=78 queue_latency_us=49886 elapsed_us=15853596
2026-03-25T16:00:27.210479Z  INFO ThreadId(25) downlink_tx: sent tx_log_seq=267 sensor=Thermal sensor_seq=157 queue_latency_us=49932 elapsed_us=15853596
2026-03-25T16:00:27.260374Z  INFO ThreadId(23) Task dispatched task="ThermalControl" drift_us=1298
2026-03-25T16:00:27.260388Z  INFO ThreadId(25) sensor_read sensor="thermal" seq=158 value=60.320858356877345 drift_us=1347 jitter_us=422 latency_us=0 elapsed_us=15903641
2026-03-25T16:00:27.260479Z  INFO ThreadId(21) downlink_tx: sent tx_log_seq=268 sensor=Thermal sensor_seq=158 queue_latency_us=93 elapsed_us=15903660
2026-03-25T16:00:27.360297Z  INFO ThreadId(23) Task dispatched task="ThermalControl" drift_us=1220
2026-03-25T16:00:27.360321Z  INFO ThreadId(23) sensor_read sensor="thermal" seq=159 value=26.370740350655424 drift_us=1286 jitter_us=104 latency_us=0 elapsed_us=16003580
2026-03-25T16:00:27.360332Z  INFO ThreadId(25) sensor_read sensor="power" seq=79 value=1.33404882360864 drift_us=1265 jitter_us=410 latency_us=0 elapsed_us=16003571
2026-03-25T16:00:27.360367Z  INFO ThreadId(25) sensor_read sensor="imu" seq=31 value=-0.09322034945747096 drift_us=1316 jitter_us=610 latency_us=0 elapsed_us=16003627
2026-03-25T16:00:27.360426Z  INFO ThreadId(23) downlink_tx: sent tx_log_seq=269 sensor=Power sensor_seq=79 queue_latency_us=114 elapsed_us=16003592
2026-03-25T16:00:27.360440Z  INFO ThreadId(23) downlink_tx: sent tx_log_seq=270 sensor=Imu sensor_seq=31 queue_latency_us=73 elapsed_us=16003592
2026-03-25T16:00:27.360449Z  INFO ThreadId(23) downlink_tx: sent tx_log_seq=271 sensor=Thermal sensor_seq=159 queue_latency_us=129 elapsed_us=16003592
2026-03-25T16:00:27.366343Z  INFO ThreadId(25) Task dispatched task="DataCompress" drift_us=7274
2026-03-25T16:00:27.388376Z  INFO ThreadId(21) Task dispatched task="HealthMonitor" drift_us=29302
2026-03-25T16:00:27.460590Z  INFO ThreadId(21) Task dispatched task="ThermalControl" drift_us=1514
2026-03-25T16:00:27.460616Z  INFO ThreadId(21) sensor_read sensor="thermal" seq=160 value=32.58124289103749 drift_us=1581 jitter_us=356 latency_us=0 elapsed_us=16103875
2026-03-25T16:00:27.460829Z  INFO ThreadId(09) downlink_tx: sent tx_log_seq=272 sensor=Thermal sensor_seq=160 queue_latency_us=196 elapsed_us=16103905
2026-03-25T16:00:27.561356Z  INFO ThreadId(25) sensor_read sensor="thermal" seq=161 value=77.1325330965478 drift_us=2304 jitter_us=428 latency_us=1 elapsed_us=16204598
2026-03-25T16:00:27.561388Z  INFO ThreadId(23) Task dispatched task="ThermalControl" drift_us=2321
2026-03-25T16:00:27.561404Z ERROR ThreadId(25) JITTER LIMIT VIOLATED (>1ms) sensor="power" jitter_us=1335
2026-03-25T16:00:27.561412Z  INFO ThreadId(25) sensor_read sensor="power" seq=80 value=2.873278366524292 drift_us=2358 jitter_us=1335 latency_us=0 elapsed_us=16204664
2026-03-25T16:00:27.561527Z  INFO ThreadId(21) downlink_tx: sent tx_log_seq=273 sensor=Thermal sensor_seq=161 queue_latency_us=184 elapsed_us=16204615
2026-03-25T16:00:27.561625Z  INFO ThreadId(21) downlink_tx: sent tx_log_seq=274 sensor=Power sensor_seq=80 queue_latency_us=221 elapsed_us=16204615
2026-03-25T16:00:27.661276Z  INFO ThreadId(25) Task dispatched task="ThermalControl" drift_us=2197
2026-03-25T16:00:27.661285Z  INFO ThreadId(23) sensor_read sensor="thermal" seq=162 value=57.58662778982068 drift_us=2238 jitter_us=789 latency_us=0 elapsed_us=16304532
2026-03-25T16:00:27.711374Z  INFO ThreadId(23) downlink_tx: sent tx_log_seq=275 sensor=Thermal sensor_seq=162 queue_latency_us=50090 elapsed_us=16354517
2026-03-25T16:00:27.760541Z  INFO ThreadId(20) Task dispatched task="ThermalControl" drift_us=1465
2026-03-25T16:00:27.760576Z  INFO ThreadId(25) sensor_read sensor="thermal" seq=163 value=66.16934158147706 drift_us=1529 jitter_us=643 latency_us=0 elapsed_us=16403823
2026-03-25T16:00:27.760612Z ERROR ThreadId(25) JITTER LIMIT VIOLATED (>1ms) sensor="power" jitter_us=1929
2026-03-25T16:00:27.760626Z  INFO ThreadId(25) sensor_read sensor="power" seq=81 value=3.3094324615175377 drift_us=1522 jitter_us=1929 latency_us=0 elapsed_us=16403828
2026-03-25T16:00:27.760783Z  INFO ThreadId(25) downlink_tx: sent tx_log_seq=276 sensor=Power sensor_seq=81 queue_latency_us=214 elapsed_us=16403824
2026-03-25T16:00:27.760810Z  INFO ThreadId(25) downlink_tx: sent tx_log_seq=277 sensor=Thermal sensor_seq=163 queue_latency_us=248 elapsed_us=16403824
2026-03-25T16:00:27.860662Z  INFO ThreadId(25) sensor_read sensor="imu" seq=32 value=0.07730591349377014 drift_us=1609 jitter_us=616 latency_us=0 elapsed_us=16503920
2026-03-25T16:00:27.860659Z  INFO ThreadId(20) sensor_read sensor="thermal" seq=164 value=39.46918455602359 drift_us=1615 jitter_us=795 latency_us=0 elapsed_us=16503909
2026-03-25T16:00:27.860688Z  INFO ThreadId(20) Task dispatched task="ThermalControl" drift_us=1628
2026-03-25T16:00:27.860772Z  INFO ThreadId(21) downlink_tx: sent tx_log_seq=278 sensor=Imu sensor_seq=32 queue_latency_us=109 elapsed_us=16503934
2026-03-25T16:00:27.860791Z  INFO ThreadId(21) downlink_tx: sent tx_log_seq=279 sensor=Thermal sensor_seq=164 queue_latency_us=142 elapsed_us=16503934
2026-03-25T16:00:27.867237Z  INFO ThreadId(25) Task dispatched task="DataCompress" drift_us=8171
2026-03-25T16:00:27.960421Z  INFO ThreadId(21) Task dispatched task="ThermalControl" drift_us=1346
2026-03-25T16:00:27.960426Z  INFO ThreadId(25) sensor_read sensor="thermal" seq=165 value=54.68188053734769 drift_us=1384 jitter_us=317 latency_us=0 elapsed_us=16603678
2026-03-25T16:00:27.960444Z  INFO ThreadId(21) sensor_read sensor="power" seq=82 value=1.7249056216401093 drift_us=1399 jitter_us=713 latency_us=0 elapsed_us=16603705
2026-03-25T16:00:27.960538Z  INFO ThreadId(20) downlink_tx: sent tx_log_seq=280 sensor=Thermal sensor_seq=165 queue_latency_us=114 elapsed_us=16603694
2026-03-25T16:00:27.960556Z  INFO ThreadId(20) downlink_tx: sent tx_log_seq=281 sensor=Power sensor_seq=82 queue_latency_us=112 elapsed_us=16603694
2026-03-25T16:00:28.060299Z  INFO ThreadId(21) Task dispatched task="ThermalControl" drift_us=1223
2026-03-25T16:00:28.060305Z  INFO ThreadId(25) sensor_read sensor="thermal" seq=166 value=20.86767083510992 drift_us=1264 jitter_us=111 latency_us=1 elapsed_us=16703558
2026-03-25T16:00:28.060416Z  INFO ThreadId(09) downlink_tx: sent tx_log_seq=282 sensor=Thermal sensor_seq=166 queue_latency_us=112 elapsed_us=16703574
2026-03-25T16:00:28.160451Z  INFO ThreadId(25) Task dispatched task="ThermalControl" drift_us=1376
2026-03-25T16:00:28.160456Z  INFO ThreadId(20) sensor_read sensor="thermal" seq=167 value=31.70013100523998 drift_us=1414 jitter_us=270 latency_us=0 elapsed_us=16803708
2026-03-25T16:00:28.160469Z  INFO ThreadId(21) sensor_read sensor="power" seq=83 value=4.990555471441937 drift_us=1419 jitter_us=143 latency_us=0 elapsed_us=16803725
2026-03-25T16:00:28.160586Z  INFO ThreadId(09) downlink_tx: sent tx_log_seq=283 sensor=Power sensor_seq=83 queue_latency_us=116 elapsed_us=16803741
2026-03-25T16:00:28.160601Z  INFO ThreadId(09) downlink_tx: sent tx_log_seq=284 sensor=Thermal sensor_seq=167 queue_latency_us=152 elapsed_us=16803741
2026-03-25T16:00:28.261393Z  INFO ThreadId(25) Task dispatched task="ThermalControl" drift_us=2323
2026-03-25T16:00:28.261391Z  INFO ThreadId(21) sensor_read sensor="thermal" seq=168 value=59.5003331571033 drift_us=2349 jitter_us=785 latency_us=0 elapsed_us=16904643
2026-03-25T16:00:28.310172Z  INFO ThreadId(20) downlink_tx: sent tx_log_seq=285 sensor=Thermal sensor_seq=168 queue_latency_us=48776 elapsed_us=16953321
2026-03-25T16:00:28.360500Z  INFO ThreadId(21) Task dispatched task="ThermalControl" drift_us=1425
2026-03-25T16:00:28.360507Z  INFO ThreadId(20) sensor_read sensor="power" seq=84 value=2.616062076954807 drift_us=1455 jitter_us=16 latency_us=0 elapsed_us=17003761
2026-03-25T16:00:28.360520Z  WARN ThreadId(21) JITTER EXCEEDED 1ms limit sensor="thermal" jitter_us=1797 consecutive_miss=1 limit_us=1000 elapsed_us=17003781
2026-03-25T16:00:28.360525Z  INFO ThreadId(21) sensor_read sensor="thermal" seq=169 value=37.620877241152364 drift_us=1487 jitter_us=1797 latency_us=0 elapsed_us=17003781
2026-03-25T16:00:28.360525Z  INFO ThreadId(25) sensor_read sensor="imu" seq=33 value=-0.09671603248380439 drift_us=1471 jitter_us=431 latency_us=0 elapsed_us=17003782
2026-03-25T16:00:28.360637Z  INFO ThreadId(23) downlink_tx: sent tx_log_seq=286 sensor=Imu sensor_seq=33 queue_latency_us=111 elapsed_us=17003795
2026-03-25T16:00:28.360656Z  INFO ThreadId(23) downlink_tx: sent tx_log_seq=287 sensor=Power sensor_seq=84 queue_latency_us=153 elapsed_us=17003795
2026-03-25T16:00:28.360667Z  INFO ThreadId(23) downlink_tx: sent tx_log_seq=288 sensor=Thermal sensor_seq=169 queue_latency_us=142 elapsed_us=17003795
2026-03-25T16:00:28.366501Z  INFO ThreadId(20) Task dispatched task="DataCompress" drift_us=7432
2026-03-25T16:00:28.387523Z  INFO ThreadId(20) Task dispatched task="HealthMonitor" drift_us=28449
2026-03-25T16:00:28.460327Z  INFO ThreadId(20) Task dispatched task="ThermalControl" drift_us=1251
2026-03-25T16:00:28.460335Z  INFO ThreadId(09) sensor_read sensor="thermal" seq=170 value=48.221311884277874 drift_us=1294 jitter_us=669 latency_us=0 elapsed_us=17103588
2026-03-25T16:00:28.460441Z  INFO ThreadId(21) downlink_tx: sent tx_log_seq=289 sensor=Thermal sensor_seq=170 queue_latency_us=110 elapsed_us=17103603
2026-03-25T16:00:28.560371Z  INFO ThreadId(09) Task dispatched task="ThermalControl" drift_us=1295
2026-03-25T16:00:28.560380Z  INFO ThreadId(25) sensor_read sensor="thermal" seq=171 value=63.680223605274655 drift_us=1340 jitter_us=239 latency_us=0 elapsed_us=17203634
2026-03-25T16:00:28.560394Z  INFO ThreadId(09) sensor_read sensor="power" seq=85 value=2.5218438556150553 drift_us=1349 jitter_us=142 latency_us=1 elapsed_us=17203655
2026-03-25T16:00:28.560495Z  INFO ThreadId(20) downlink_tx: sent tx_log_seq=290 sensor=Thermal sensor_seq=171 queue_latency_us=117 elapsed_us=17203650
2026-03-25T16:00:28.560510Z  INFO ThreadId(20) downlink_tx: sent tx_log_seq=291 sensor=Power sensor_seq=85 queue_latency_us=116 elapsed_us=17203650
2026-03-25T16:00:28.660559Z  INFO ThreadId(09) Task dispatched task="ThermalControl" drift_us=1483
2026-03-25T16:00:28.660566Z  INFO ThreadId(21) sensor_read sensor="thermal" seq=172 value=48.88703376017277 drift_us=1526 jitter_us=140 latency_us=0 elapsed_us=17303820
2026-03-25T16:00:28.660680Z  INFO ThreadId(25) downlink_tx: sent tx_log_seq=292 sensor=Thermal sensor_seq=172 queue_latency_us=117 elapsed_us=17303835
2026-03-25T16:00:28.760241Z  INFO ThreadId(20) Task dispatched task="ThermalControl" drift_us=1165
2026-03-25T16:00:28.760248Z  INFO ThreadId(21) sensor_read sensor="thermal" seq=173 value=71.71517413901499 drift_us=1207 jitter_us=505 latency_us=0 elapsed_us=17403501
2026-03-25T16:00:28.760278Z  INFO ThreadId(25) sensor_read sensor="power" seq=86 value=3.6242378321754902 drift_us=1228 jitter_us=15 latency_us=0 elapsed_us=17403534
2026-03-25T16:00:28.760356Z  INFO ThreadId(09) downlink_tx: sent tx_log_seq=293 sensor=Thermal sensor_seq=173 queue_latency_us=110 elapsed_us=17403514
2026-03-25T16:00:28.760374Z  INFO ThreadId(09) downlink_tx: sent tx_log_seq=294 sensor=Power sensor_seq=86 queue_latency_us=100 elapsed_us=17403514
2026-03-25T16:00:28.860358Z  INFO ThreadId(23) Task dispatched task="ThermalControl" drift_us=1277
2026-03-25T16:00:28.860395Z  INFO ThreadId(23) sensor_read sensor="imu" seq=34 value=0.07181058296157158 drift_us=1342 jitter_us=9 latency_us=0 elapsed_us=17503653
2026-03-25T16:00:28.860456Z  INFO ThreadId(21) sensor_read sensor="thermal" seq=174 value=58.30503581691382 drift_us=1395 jitter_us=507 latency_us=0 elapsed_us=17503689
2026-03-25T16:00:28.860534Z  INFO ThreadId(23) downlink_tx: sent tx_log_seq=295 sensor=Imu sensor_seq=34 queue_latency_us=140 elapsed_us=17503675
2026-03-25T16:00:28.860548Z  INFO ThreadId(23) downlink_tx: sent tx_log_seq=296 sensor=Thermal sensor_seq=174 queue_latency_us=119 elapsed_us=17503675
2026-03-25T16:00:28.865667Z  INFO ThreadId(25) Task dispatched task="DataCompress" drift_us=6600
2026-03-25T16:00:28.960754Z  INFO ThreadId(21) sensor_read sensor="thermal" seq=175 value=49.286536788949114 drift_us=1690 jitter_us=107 latency_us=0 elapsed_us=17603984
2026-03-25T16:00:28.960768Z  INFO ThreadId(23) sensor_read sensor="power" seq=87 value=0.6855813629083669 drift_us=1702 jitter_us=595 latency_us=0 elapsed_us=17604008
2026-03-25T16:00:28.960825Z  INFO ThreadId(09) Task dispatched task="ThermalControl" drift_us=1756
2026-03-25T16:00:28.961018Z  INFO ThreadId(20) downlink_tx: sent tx_log_seq=297 sensor=Power sensor_seq=87 queue_latency_us=259 elapsed_us=17604047
2026-03-25T16:00:28.961068Z  INFO ThreadId(20) downlink_tx: sent tx_log_seq=298 sensor=Thermal sensor_seq=175 queue_latency_us=339 elapsed_us=17604047
2026-03-25T16:00:29.060560Z  INFO ThreadId(20) Task dispatched task="ThermalControl" drift_us=1483
2026-03-25T16:00:29.060621Z  INFO ThreadId(23) sensor_read sensor="thermal" seq=176 value=23.649809827607523 drift_us=1559 jitter_us=426 latency_us=0 elapsed_us=17703853
2026-03-25T16:00:29.110662Z  INFO ThreadId(20) downlink_tx: sent tx_log_seq=299 sensor=Thermal sensor_seq=176 queue_latency_us=50055 elapsed_us=17753806
2026-03-25T16:00:29.160326Z  INFO ThreadId(03) Task dispatched task="ThermalControl" drift_us=1250
2026-03-25T16:00:29.160360Z  INFO ThreadId(03) sensor_read sensor="power" seq=88 value=2.732678698839491 drift_us=1311 jitter_us=865 latency_us=0 elapsed_us=17803617
2026-03-25T16:00:29.160437Z  INFO ThreadId(20) sensor_read sensor="thermal" seq=177 value=63.364182172034276 drift_us=1373 jitter_us=55 latency_us=1 elapsed_us=17803667
2026-03-25T16:00:29.160512Z  INFO ThreadId(03) downlink_tx: sent tx_log_seq=300 sensor=Power sensor_seq=88 queue_latency_us=151 elapsed_us=17803638
2026-03-25T16:00:29.160546Z  INFO ThreadId(03) downlink_tx: sent tx_log_seq=301 sensor=Thermal sensor_seq=177 queue_latency_us=134 elapsed_us=17803638
2026-03-25T16:00:29.260530Z  INFO ThreadId(20) Task dispatched task="ThermalControl" drift_us=1449
2026-03-25T16:00:29.260558Z  INFO ThreadId(23) sensor_read sensor="thermal" seq=178 value=24.88515430800725 drift_us=1509 jitter_us=322 latency_us=1 elapsed_us=17903803
2026-03-25T16:00:29.260697Z  INFO ThreadId(20) downlink_tx: sent tx_log_seq=302 sensor=Thermal sensor_seq=178 queue_latency_us=148 elapsed_us=17903820
2026-03-25T16:00:29.361309Z  INFO ThreadId(01) Simulation timer expired. Shutting down.
2026-03-25T16:00:29.361322Z  INFO ThreadId(20) sensor_read sensor="thermal" seq=179 value=46.30002768521477 drift_us=2281 jitter_us=636 latency_us=0 elapsed_us=18004575
2026-03-25T16:00:29.361340Z  INFO ThreadId(20) thermal_sensor: cancelled
2026-03-25T16:00:29.361343Z  INFO ThreadId(20) thermal_sensor final jitter stats sensor="thermal" p50=454 p99=2455 max=2885
2026-03-25T16:00:29.361370Z  INFO ThreadId(20) Task dispatched task="ThermalControl" drift_us=2311
2026-03-25T16:00:29.361377Z  INFO ThreadId(21) downlink_tx final queue latency stats p50=129 p99=50655
2026-03-25T16:00:29.361431Z ERROR ThreadId(23) JITTER LIMIT VIOLATED (>1ms) sensor="power" jitter_us=1433
2026-03-25T16:00:29.361465Z  INFO ThreadId(23) sensor_read sensor="power" seq=89 value=0.8888677308592373 drift_us=2353 jitter_us=1433 latency_us=1 elapsed_us=18004659
2026-03-25T16:00:29.367348Z  INFO ThreadId(05) Task dispatched task="DataCompress" drift_us=8273
2026-03-25T16:00:29.388821Z  INFO ThreadId(05) Task dispatched task="HealthMonitor" drift_us=29736
2026-03-25T16:00:31.530522Z  WARN ThreadId(05) FAULT INJECTED fault=CorruptedData severity=2 elapsed_us=20173767
2026-03-25T16:00:31.530547Z  INFO ThreadId(05) satellite state → Fault (fault injection) fault=CorruptedData elapsed_us=20173767
2026-03-25T16:00:31.681598Z  INFO ThreadId(05) fault_pkt sent to GCS — awaiting ResetSensor command elapsed_us=20324842
2026-03-25T16:00:31.681624Z  INFO ThreadId(05) FAULT RECOVERED — satellite state → Nominal recovery_ms=0 elapsed_us=20324885
2026-03-25T16:00:41.700347Z  WARN ThreadId(05) FAULT INJECTED fault=DelayedSensor severity=2 elapsed_us=30343591
2026-03-25T16:00:41.751369Z  INFO ThreadId(05) fault_pkt sent to GCS — awaiting ResetSensor command elapsed_us=30394601
2026-03-25T16:00:41.952929Z ERROR ThreadId(05) RECOVERY EXCEEDED 200ms — MISSION ABORT recovery_ms=201 elapsed_us=30596177 limit_ms=200
2026-03-25T16:00:42.954179Z  INFO ThreadId(05) Circuit is OPEN (MissionAbort) - stopping fault injector
2026-03-25T16:00:42.954199Z  INFO ThreadId(05) fault_injector final stats total_faults=3 total_recoveries=2 max_recovery_ms=201
2026-03-25T16:00:42.954418Z  INFO ThreadId(01) === SATELLITE SIMULATION COMPLETE === total_thermal_packets=303 total_dropped_packets=0 peak_buffer_fill=3 thermal_jitter_p50_us=454 thermal_jitter_p99_us=2455 thermal_jitter_max_us=2885 downlink_queue_latency_p50_us=129 downlink_queue_latency_p99_us=50655 rms_thermal_violations=0 rms_compress_violations=0 rms_health_violations=0 cpu_util_pct=13.246880359675298 total_faults_injected=3 max_recovery_ms=201 mission_aborts=1
2026-03-25T16:00:44.124469Z  INFO ThreadId(01) Starting Satellite OCS Simulation (TCP MODE)
2026-03-25T16:00:44.124490Z  INFO ThreadId(01) Connecting to Ground Control at 127.0.0.1:8888...
2026-03-25T16:00:44.126059Z  INFO ThreadId(01) Connected to Ground Control Station.
2026-03-25T16:00:44.227988Z  INFO ThreadId(24) Task dispatched task="ThermalControl" drift_us=1802
2026-03-25T16:00:44.228149Z  INFO ThreadId(09) sensor_read sensor="thermal" seq=0 value=45.404533159118216 drift_us=1854 jitter_us=0 latency_us=0 elapsed_us=104250
2026-03-25T16:00:44.277428Z  INFO ThreadId(09) downlink_tx: sent tx_log_seq=0 sensor=Thermal sensor_seq=0 queue_latency_us=49243 elapsed_us=153506
2026-03-25T16:00:44.327686Z  INFO ThreadId(21) Task dispatched task="ThermalControl" drift_us=1500
2026-03-25T16:00:44.327709Z  INFO ThreadId(09) sensor_read sensor="power" seq=0 value=2.3202455876432664 drift_us=1559 jitter_us=0 latency_us=1 elapsed_us=203973
2026-03-25T16:00:44.327719Z  INFO ThreadId(24) sensor_read sensor="thermal" seq=1 value=63.63563744734368 drift_us=1561 jitter_us=293 latency_us=0 elapsed_us=203957
2026-03-25T16:00:44.327858Z  INFO ThreadId(21) downlink_tx: sent tx_log_seq=1 sensor=Power sensor_seq=0 queue_latency_us=155 elapsed_us=203997
2026-03-25T16:00:44.327871Z  INFO ThreadId(21) downlink_tx: sent tx_log_seq=2 sensor=Thermal sensor_seq=1 queue_latency_us=156 elapsed_us=203997
2026-03-25T16:00:44.427752Z  INFO ThreadId(09) Task dispatched task="ThermalControl" drift_us=1571
2026-03-25T16:00:44.427754Z  INFO ThreadId(23) sensor_read sensor="thermal" seq=2 value=61.5549621364321 drift_us=1613 jitter_us=345 latency_us=0 elapsed_us=304009
2026-03-25T16:00:44.477743Z  INFO ThreadId(24) downlink_tx: sent tx_log_seq=3 sensor=Thermal sensor_seq=2 queue_latency_us=49981 elapsed_us=353875
2026-03-25T16:00:44.527328Z  INFO ThreadId(09) Task dispatched task="ThermalControl" drift_us=1141
2026-03-25T16:00:44.527334Z  INFO ThreadId(24) sensor_read sensor="thermal" seq=3 value=56.74647206882662 drift_us=1203 jitter_us=462 latency_us=0 elapsed_us=403599
2026-03-25T16:00:44.527357Z  INFO ThreadId(24) sensor_read sensor="power" seq=1 value=0.5632781130027864 drift_us=1215 jitter_us=344 latency_us=0 elapsed_us=403629
2026-03-25T16:00:44.527466Z  INFO ThreadId(09) downlink_tx: sent tx_log_seq=4 sensor=Thermal sensor_seq=3 queue_latency_us=138 elapsed_us=403626
2026-03-25T16:00:44.527479Z  INFO ThreadId(09) downlink_tx: sent tx_log_seq=5 sensor=Power sensor_seq=1 queue_latency_us=123 elapsed_us=403626
2026-03-25T16:00:44.627012Z  INFO ThreadId(24) Task dispatched task="ThermalControl" drift_us=821
2026-03-25T16:00:44.627055Z  INFO ThreadId(23) sensor_read sensor="thermal" seq=4 value=43.00341019932299 drift_us=917 jitter_us=124 latency_us=1 elapsed_us=503313
2026-03-25T16:00:44.627099Z  INFO ThreadId(09) sensor_read sensor="imu" seq=0 value=-0.030787253084553795 drift_us=931 jitter_us=0 latency_us=0 elapsed_us=503356
2026-03-25T16:00:44.627198Z  INFO ThreadId(24) downlink_tx: sent tx_log_seq=6 sensor=Thermal sensor_seq=4 queue_latency_us=153 elapsed_us=503318
2026-03-25T16:00:44.627236Z  INFO ThreadId(24) downlink_tx: sent tx_log_seq=7 sensor=Imu sensor_seq=0 queue_latency_us=151 elapsed_us=503318
2026-03-25T16:00:44.633490Z  INFO ThreadId(23) Task dispatched task="DataCompress" drift_us=7311
2026-03-25T16:00:44.727945Z  WARN ThreadId(23) JITTER EXCEEDED 1ms limit sensor="thermal" jitter_us=1160 consecutive_miss=1 limit_us=1000 elapsed_us=604187
2026-03-25T16:00:44.727987Z  INFO ThreadId(23) sensor_read sensor="thermal" seq=5 value=68.58483500617118 drift_us=1791 jitter_us=1160 latency_us=0 elapsed_us=604187
2026-03-25T16:00:44.728020Z ERROR ThreadId(23) JITTER LIMIT VIOLATED (>1ms) sensor="power" jitter_us=1005
2026-03-25T16:00:44.728027Z  INFO ThreadId(24) Task dispatched task="ThermalControl" drift_us=1847
2026-03-25T16:00:44.728063Z  INFO ThreadId(23) sensor_read sensor="power" seq=2 value=4.618230162248038 drift_us=1876 jitter_us=1005 latency_us=0 elapsed_us=604290
2026-03-25T16:00:44.728167Z  INFO ThreadId(09) downlink_tx: sent tx_log_seq=8 sensor=Thermal sensor_seq=5 queue_latency_us=175 elapsed_us=604270
2026-03-25T16:00:44.728193Z  INFO ThreadId(09) downlink_tx: sent tx_log_seq=9 sensor=Power sensor_seq=2 queue_latency_us=175 elapsed_us=604270
2026-03-25T16:00:44.827082Z  INFO ThreadId(22) Task dispatched task="ThermalControl" drift_us=845
2026-03-25T16:00:44.827082Z  WARN ThreadId(09) JITTER EXCEEDED 1ms limit sensor="thermal" jitter_us=1717 consecutive_miss=2 limit_us=1000 elapsed_us=703344
2026-03-25T16:00:44.827119Z  INFO ThreadId(09) sensor_read sensor="thermal" seq=6 value=78.45326873849172 drift_us=948 jitter_us=1717 latency_us=0 elapsed_us=703344
2026-03-25T16:00:44.878002Z  INFO ThreadId(22) downlink_tx: sent tx_log_seq=10 sensor=Thermal sensor_seq=6 queue_latency_us=50876 elapsed_us=754129
2026-03-25T16:00:44.927239Z  INFO ThreadId(24) Task dispatched task="ThermalControl" drift_us=1040
2026-03-25T16:00:44.927246Z  INFO ThreadId(22) sensor_read sensor="thermal" seq=7 value=56.120003397555216 drift_us=1097 jitter_us=992 latency_us=0 elapsed_us=803493
2026-03-25T16:00:44.927297Z ERROR ThreadId(23) JITTER LIMIT VIOLATED (>1ms) sensor="power" jitter_us=1397
2026-03-25T16:00:44.927313Z  INFO ThreadId(23) sensor_read sensor="power" seq=3 value=4.024328178503552 drift_us=1140 jitter_us=1397 latency_us=0 elapsed_us=803554
2026-03-25T16:00:44.927375Z  INFO ThreadId(22) downlink_tx: sent tx_log_seq=11 sensor=Thermal sensor_seq=7 queue_latency_us=142 elapsed_us=803548
2026-03-25T16:00:44.927387Z  INFO ThreadId(22) downlink_tx: sent tx_log_seq=12 sensor=Power sensor_seq=3 queue_latency_us=104 elapsed_us=803548
2026-03-25T16:00:45.027711Z  INFO ThreadId(23) Task dispatched task="ThermalControl" drift_us=1521
2026-03-25T16:00:45.027773Z  INFO ThreadId(24) sensor_read sensor="thermal" seq=8 value=77.95754493627817 drift_us=1621 jitter_us=375 latency_us=0 elapsed_us=904017
2026-03-25T16:00:45.077686Z  INFO ThreadId(09) downlink_tx: sent tx_log_seq=13 sensor=Thermal sensor_seq=8 queue_latency_us=49926 elapsed_us=953838
2026-03-25T16:00:45.127792Z  INFO ThreadId(23) Task dispatched task="ThermalControl" drift_us=1614
2026-03-25T16:00:45.127795Z  INFO ThreadId(22) sensor_read sensor="imu" seq=1 value=-0.08925482614262861 drift_us=1638 jitter_us=707 latency_us=0 elapsed_us=1004063
2026-03-25T16:00:45.127792Z  INFO ThreadId(09) sensor_read sensor="thermal" seq=9 value=66.57541699235898 drift_us=1653 jitter_us=492 latency_us=0 elapsed_us=1004049
2026-03-25T16:00:45.127821Z ERROR ThreadId(22) JITTER LIMIT VIOLATED (>1ms) sensor="power" jitter_us=1274
2026-03-25T16:00:45.127824Z  INFO ThreadId(22) sensor_read sensor="power" seq=4 value=3.992042733245148 drift_us=1678 jitter_us=1274 latency_us=0 elapsed_us=1004092
2026-03-25T16:00:45.127919Z  INFO ThreadId(23) downlink_tx: sent tx_log_seq=14 sensor=Imu sensor_seq=1 queue_latency_us=127 elapsed_us=1004086
2026-03-25T16:00:45.127931Z  INFO ThreadId(23) downlink_tx: sent tx_log_seq=15 sensor=Power sensor_seq=4 queue_latency_us=111 elapsed_us=1004086
2026-03-25T16:00:45.127941Z  INFO ThreadId(23) downlink_tx: sent tx_log_seq=16 sensor=Thermal sensor_seq=9 queue_latency_us=163 elapsed_us=1004086
2026-03-25T16:00:45.134300Z  INFO ThreadId(09) Task dispatched task="DataCompress" drift_us=8122
2026-03-25T16:00:45.155979Z  INFO ThreadId(09) Task dispatched task="HealthMonitor" drift_us=29803
2026-03-25T16:00:45.227843Z  INFO ThreadId(23) sensor_read sensor="thermal" seq=10 value=62.38225603714071 drift_us=1693 jitter_us=8 latency_us=0 elapsed_us=1104089
2026-03-25T16:00:45.227871Z  INFO ThreadId(22) Task dispatched task="ThermalControl" drift_us=1684
2026-03-25T16:00:45.277900Z  INFO ThreadId(21) downlink_tx: sent tx_log_seq=17 sensor=Thermal sensor_seq=10 queue_latency_us=50065 elapsed_us=1153987
2026-03-25T16:00:45.327416Z  INFO ThreadId(22) Task dispatched task="ThermalControl" drift_us=1230
2026-03-25T16:00:45.327428Z  INFO ThreadId(21) sensor_read sensor="thermal" seq=11 value=52.103901239217976 drift_us=1290 jitter_us=443 latency_us=1 elapsed_us=1203686
2026-03-25T16:00:45.327429Z  INFO ThreadId(23) sensor_read sensor="power" seq=5 value=4.183539358823576 drift_us=1284 jitter_us=932 latency_us=0 elapsed_us=1203698
2026-03-25T16:00:45.327542Z  INFO ThreadId(09) downlink_tx: sent tx_log_seq=18 sensor=Power sensor_seq=5 queue_latency_us=111 elapsed_us=1203710
2026-03-25T16:00:45.327557Z  INFO ThreadId(09) downlink_tx: sent tx_log_seq=19 sensor=Thermal sensor_seq=11 queue_latency_us=133 elapsed_us=1203710
2026-03-25T16:00:45.427790Z  INFO ThreadId(23) sensor_read sensor="thermal" seq=12 value=43.13740936148362 drift_us=1657 jitter_us=770 latency_us=0 elapsed_us=1304053
2026-03-25T16:00:45.427789Z  INFO ThreadId(22) Task dispatched task="ThermalControl" drift_us=1610
2026-03-25T16:00:45.477193Z  INFO ThreadId(22) downlink_tx: sent tx_log_seq=20 sensor=Thermal sensor_seq=12 queue_latency_us=49399 elapsed_us=1353348
2026-03-25T16:00:45.527926Z  INFO ThreadId(22) sensor_read sensor="thermal" seq=13 value=39.39510325411438 drift_us=1788 jitter_us=236 latency_us=0 elapsed_us=1404184
2026-03-25T16:00:45.527946Z  INFO ThreadId(24) Task dispatched task="ThermalControl" drift_us=1773
2026-03-25T16:00:45.527960Z  INFO ThreadId(09) sensor_read sensor="power" seq=6 value=0.7414115578101037 drift_us=1813 jitter_us=923 latency_us=0 elapsed_us=1404227
2026-03-25T16:00:45.528042Z  INFO ThreadId(23) downlink_tx: sent tx_log_seq=21 sensor=Thermal sensor_seq=13 queue_latency_us=126 elapsed_us=1404200
2026-03-25T16:00:45.528065Z  INFO ThreadId(23) downlink_tx: sent tx_log_seq=22 sensor=Power sensor_seq=6 queue_latency_us=110 elapsed_us=1404200
2026-03-25T16:00:45.627173Z  INFO ThreadId(23) Task dispatched task="ThermalControl" drift_us=988
2026-03-25T16:00:45.627207Z ERROR ThreadId(23) JITTER LIMIT VIOLATED (>1ms) sensor="imu" jitter_us=1294
2026-03-25T16:00:45.627210Z  INFO ThreadId(23) sensor_read sensor="imu" seq=2 value=-0.09863354191359752 drift_us=1051 jitter_us=1294 latency_us=0 elapsed_us=1503476
2026-03-25T16:00:45.627216Z  INFO ThreadId(22) sensor_read sensor="thermal" seq=14 value=35.57575715325268 drift_us=1083 jitter_us=836 latency_us=1 elapsed_us=1503479
2026-03-25T16:00:45.633683Z  INFO ThreadId(20) Task dispatched task="DataCompress" drift_us=7508
2026-03-25T16:00:45.678041Z  INFO ThreadId(20) downlink_tx: sent tx_log_seq=23 sensor=Imu sensor_seq=2 queue_latency_us=50824 elapsed_us=1554193
2026-03-25T16:00:45.678068Z  INFO ThreadId(20) downlink_tx: sent tx_log_seq=24 sensor=Thermal sensor_seq=14 queue_latency_us=50859 elapsed_us=1554193
2026-03-25T16:00:45.727378Z  INFO ThreadId(23) Task dispatched task="ThermalControl" drift_us=1183
2026-03-25T16:00:45.727430Z  INFO ThreadId(20) sensor_read sensor="thermal" seq=15 value=57.14213905296015 drift_us=1278 jitter_us=900 latency_us=0 elapsed_us=1603674
2026-03-25T16:00:45.727452Z ERROR ThreadId(22) JITTER LIMIT VIOLATED (>1ms) sensor="power" jitter_us=1042
2026-03-25T16:00:45.727473Z  INFO ThreadId(22) sensor_read sensor="power" seq=7 value=0.6207286113833609 drift_us=1300 jitter_us=1042 latency_us=0 elapsed_us=1603714
2026-03-25T16:00:45.727573Z  INFO ThreadId(23) downlink_tx: sent tx_log_seq=25 sensor=Thermal sensor_seq=15 queue_latency_us=155 elapsed_us=1603695
2026-03-25T16:00:45.727614Z  INFO ThreadId(23) downlink_tx: sent tx_log_seq=26 sensor=Power sensor_seq=7 queue_latency_us=169 elapsed_us=1603695
2026-03-25T16:00:45.827448Z  INFO ThreadId(22) Task dispatched task="ThermalControl" drift_us=1263
2026-03-25T16:00:45.827455Z  INFO ThreadId(20) sensor_read sensor="thermal" seq=16 value=27.021250349755984 drift_us=1323 jitter_us=150 latency_us=0 elapsed_us=1703719
2026-03-25T16:00:45.827579Z  INFO ThreadId(09) downlink_tx: sent tx_log_seq=27 sensor=Thermal sensor_seq=16 queue_latency_us=126 elapsed_us=1703745
2026-03-25T16:00:45.927099Z  INFO ThreadId(23) Task dispatched task="ThermalControl" drift_us=913
2026-03-25T16:00:45.927111Z  INFO ThreadId(22) sensor_read sensor="thermal" seq=17 value=21.16218672058809 drift_us=979 jitter_us=389 latency_us=0 elapsed_us=1803375
2026-03-25T16:00:45.927121Z  INFO ThreadId(20) sensor_read sensor="power" seq=8 value=0.5780296799047463 drift_us=976 jitter_us=189 latency_us=0 elapsed_us=1803390
2026-03-25T16:00:45.927220Z  INFO ThreadId(23) downlink_tx: sent tx_log_seq=28 sensor=Power sensor_seq=8 queue_latency_us=101 elapsed_us=1803392
2026-03-25T16:00:45.927232Z  INFO ThreadId(23) downlink_tx: sent tx_log_seq=29 sensor=Thermal sensor_seq=17 queue_latency_us=128 elapsed_us=1803392
2026-03-25T16:00:46.027213Z  INFO ThreadId(09) Task dispatched task="ThermalControl" drift_us=1027
2026-03-25T16:00:46.027226Z  INFO ThreadId(20) sensor_read sensor="thermal" seq=18 value=79.57878039024385 drift_us=1095 jitter_us=460 latency_us=0 elapsed_us=1903491
2026-03-25T16:00:46.027341Z  INFO ThreadId(22) downlink_tx: sent tx_log_seq=30 sensor=Thermal sensor_seq=18 queue_latency_us=117 elapsed_us=1903512
2026-03-25T16:00:46.127147Z  INFO ThreadId(09) Task dispatched task="ThermalControl" drift_us=960
2026-03-25T16:00:46.127150Z  INFO ThreadId(23) sensor_read sensor="power" seq=9 value=3.1538680879813175 drift_us=1001 jitter_us=349 latency_us=0 elapsed_us=2003415
2026-03-25T16:00:46.127170Z  INFO ThreadId(09) sensor_read sensor="thermal" seq=19 value=35.714955047651365 drift_us=1046 jitter_us=165 latency_us=0 elapsed_us=2003442
2026-03-25T16:00:46.127172Z  INFO ThreadId(23) sensor_read sensor="imu" seq=3 value=-0.01612978634453492 drift_us=1019 jitter_us=555 latency_us=0 elapsed_us=2003444
2026-03-25T16:00:46.127275Z  INFO ThreadId(09) downlink_tx: sent tx_log_seq=31 sensor=Imu sensor_seq=3 queue_latency_us=104 elapsed_us=2003452
2026-03-25T16:00:46.127288Z  INFO ThreadId(09) downlink_tx: sent tx_log_seq=32 sensor=Power sensor_seq=9 queue_latency_us=145 elapsed_us=2003452
2026-03-25T16:00:46.127297Z  INFO ThreadId(09) downlink_tx: sent tx_log_seq=33 sensor=Thermal sensor_seq=19 queue_latency_us=128 elapsed_us=2003452
2026-03-25T16:00:46.133694Z  INFO ThreadId(20) Task dispatched task="DataCompress" drift_us=7504
2026-03-25T16:00:46.155263Z  INFO ThreadId(20) Task dispatched task="HealthMonitor" drift_us=29077
2026-03-25T16:00:46.227281Z  INFO ThreadId(20) Task dispatched task="ThermalControl" drift_us=1087
2026-03-25T16:00:46.227324Z  INFO ThreadId(23) sensor_read sensor="thermal" seq=20 value=26.601237334258325 drift_us=1184 jitter_us=187 latency_us=1 elapsed_us=2103580
2026-03-25T16:00:46.227472Z  INFO ThreadId(20) downlink_tx: sent tx_log_seq=34 sensor=Thermal sensor_seq=20 queue_latency_us=159 elapsed_us=2103588
2026-03-25T16:00:46.327461Z  INFO ThreadId(23) Task dispatched task="ThermalControl" drift_us=1276
2026-03-25T16:00:46.327470Z  INFO ThreadId(09) sensor_read sensor="thermal" seq=21 value=75.4272867872834 drift_us=1339 jitter_us=17 latency_us=0 elapsed_us=2203735
2026-03-25T16:00:46.327480Z  INFO ThreadId(20) sensor_read sensor="power" seq=10 value=3.136982978202489 drift_us=1335 jitter_us=309 latency_us=0 elapsed_us=2203749
2026-03-25T16:00:46.327575Z  INFO ThreadId(23) downlink_tx: sent tx_log_seq=35 sensor=Power sensor_seq=10 queue_latency_us=97 elapsed_us=2203754
2026-03-25T16:00:46.327586Z  INFO ThreadId(23) downlink_tx: sent tx_log_seq=36 sensor=Thermal sensor_seq=21 queue_latency_us=123 elapsed_us=2203754
2026-03-25T16:00:46.428028Z  INFO ThreadId(20) sensor_read sensor="thermal" seq=22 value=52.269409781025935 drift_us=1892 jitter_us=398 latency_us=0 elapsed_us=2304288
2026-03-25T16:00:46.428067Z  INFO ThreadId(22) Task dispatched task="ThermalControl" drift_us=1879
2026-03-25T16:00:46.477091Z  INFO ThreadId(22) downlink_tx: sent tx_log_seq=37 sensor=Thermal sensor_seq=22 queue_latency_us=49061 elapsed_us=2353250
2026-03-25T16:00:46.526912Z  INFO ThreadId(20) Task dispatched task="ThermalControl" drift_us=728
2026-03-25T16:00:46.526917Z  WARN ThreadId(23) JITTER EXCEEDED 1ms limit sensor="thermal" jitter_us=1656 consecutive_miss=1 limit_us=1000 elapsed_us=2403185
2026-03-25T16:00:46.526930Z  INFO ThreadId(23) sensor_read sensor="thermal" seq=23 value=32.097323092137664 drift_us=789 jitter_us=1656 latency_us=0 elapsed_us=2403185
2026-03-25T16:00:46.526933Z  INFO ThreadId(20) sensor_read sensor="power" seq=11 value=4.038406726282519 drift_us=791 jitter_us=878 latency_us=0 elapsed_us=2403205
2026-03-25T16:00:46.577899Z  INFO ThreadId(22) downlink_tx: sent tx_log_seq=38 sensor=Power sensor_seq=11 queue_latency_us=50954 elapsed_us=2454060
2026-03-25T16:00:46.577922Z  INFO ThreadId(22) downlink_tx: sent tx_log_seq=39 sensor=Thermal sensor_seq=23 queue_latency_us=50992 elapsed_us=2454060
2026-03-25T16:00:46.627122Z  INFO ThreadId(23) Task dispatched task="ThermalControl" drift_us=937
2026-03-25T16:00:46.627145Z  WARN ThreadId(22) JITTER EXCEEDED 1ms limit sensor="thermal" jitter_us=1329 consecutive_miss=2 limit_us=1000 elapsed_us=2503411
2026-03-25T16:00:46.627155Z  INFO ThreadId(20) sensor_read sensor="imu" seq=4 value=0.05643118522330354 drift_us=997 jitter_us=10 latency_us=0 elapsed_us=2503422
2026-03-25T16:00:46.627165Z  INFO ThreadId(22) sensor_read sensor="thermal" seq=24 value=74.01774364208057 drift_us=1015 jitter_us=1329 latency_us=0 elapsed_us=2503411
2026-03-25T16:00:46.634474Z  INFO ThreadId(23) Task dispatched task="DataCompress" drift_us=8294
2026-03-25T16:00:46.677806Z  INFO ThreadId(23) downlink_tx: sent tx_log_seq=40 sensor=Imu sensor_seq=4 queue_latency_us=50646 elapsed_us=2553970
2026-03-25T16:00:46.677830Z  INFO ThreadId(23) downlink_tx: sent tx_log_seq=41 sensor=Thermal sensor_seq=24 queue_latency_us=50667 elapsed_us=2553970
2026-03-25T16:00:46.726963Z  INFO ThreadId(20) Task dispatched task="ThermalControl" drift_us=774
2026-03-25T16:00:46.726999Z  INFO ThreadId(20) sensor_read sensor="power" seq=12 value=4.60060808784502 drift_us=853 jitter_us=606 latency_us=0 elapsed_us=2603267
2026-03-25T16:00:46.727059Z  INFO ThreadId(23) sensor_read sensor="thermal" seq=25 value=37.24711909562147 drift_us=911 jitter_us=330 latency_us=0 elapsed_us=2603307
2026-03-25T16:00:46.727154Z  INFO ThreadId(20) downlink_tx: sent tx_log_seq=42 sensor=Power sensor_seq=12 queue_latency_us=157 elapsed_us=2603290
2026-03-25T16:00:46.727180Z  INFO ThreadId(20) downlink_tx: sent tx_log_seq=43 sensor=Thermal sensor_seq=25 queue_latency_us=144 elapsed_us=2603290
2026-03-25T16:00:46.827127Z  INFO ThreadId(23) Task dispatched task="ThermalControl" drift_us=934
2026-03-25T16:00:46.827139Z  INFO ThreadId(09) sensor_read sensor="thermal" seq=26 value=51.63843635131603 drift_us=999 jitter_us=192 latency_us=0 elapsed_us=2703395
2026-03-25T16:00:46.827235Z  INFO ThreadId(20) downlink_tx: sent tx_log_seq=44 sensor=Thermal sensor_seq=26 queue_latency_us=108 elapsed_us=2703410
2026-03-25T16:00:46.927741Z  INFO ThreadId(23) sensor_read sensor="thermal" seq=27 value=49.74677584269682 drift_us=1605 jitter_us=518 latency_us=0 elapsed_us=2804001
2026-03-25T16:00:46.927782Z  INFO ThreadId(23) sensor_read sensor="power" seq=13 value=1.2704273877844874 drift_us=1640 jitter_us=725 latency_us=0 elapsed_us=2804054
2026-03-25T16:00:46.927791Z  INFO ThreadId(23) Task dispatched task="ThermalControl" drift_us=1621
2026-03-25T16:00:46.927982Z  INFO ThreadId(09) downlink_tx: sent tx_log_seq=45 sensor=Power sensor_seq=13 queue_latency_us=182 elapsed_us=2804060
2026-03-25T16:00:46.928037Z  INFO ThreadId(09) downlink_tx: sent tx_log_seq=46 sensor=Thermal sensor_seq=27 queue_latency_us=306 elapsed_us=2804060
2026-03-25T16:00:47.027289Z  INFO ThreadId(09) Task dispatched task="ThermalControl" drift_us=1100
2026-03-25T16:00:47.027297Z  WARN ThreadId(23) JITTER EXCEEDED 1ms limit sensor="thermal" jitter_us=1046 consecutive_miss=1 limit_us=1000 elapsed_us=2903561
2026-03-25T16:00:47.027314Z  INFO ThreadId(23) sensor_read sensor="thermal" seq=28 value=59.87489679025968 drift_us=1165 jitter_us=1046 latency_us=0 elapsed_us=2903561
2026-03-25T16:00:47.027441Z  INFO ThreadId(20) downlink_tx: sent tx_log_seq=47 sensor=Thermal sensor_seq=28 queue_latency_us=122 elapsed_us=2903582
2026-03-25T16:00:47.127767Z  INFO ThreadId(23) sensor_read sensor="power" seq=14 value=3.45908478309497 drift_us=1614 jitter_us=813 latency_us=0 elapsed_us=3004028
2026-03-25T16:00:47.127795Z  INFO ThreadId(23) sensor_read sensor="imu" seq=5 value=0.0691699646264381 drift_us=1642 jitter_us=667 latency_us=0 elapsed_us=3004067
2026-03-25T16:00:47.127873Z  INFO ThreadId(22) sensor_read sensor="thermal" seq=29 value=59.71886353249215 drift_us=1723 jitter_us=998 latency_us=0 elapsed_us=3004119
2026-03-25T16:00:47.127898Z  INFO ThreadId(23) downlink_tx: sent tx_log_seq=48 sensor=Imu sensor_seq=5 queue_latency_us=104 elapsed_us=3004075
2026-03-25T16:00:47.127909Z  INFO ThreadId(23) downlink_tx: sent tx_log_seq=49 sensor=Power sensor_seq=14 queue_latency_us=154 elapsed_us=3004075
2026-03-25T16:00:47.127902Z  INFO ThreadId(20) Task dispatched task="ThermalControl" drift_us=1719
2026-03-25T16:00:47.127919Z  INFO ThreadId(23) downlink_tx: sent tx_log_seq=50 sensor=Thermal sensor_seq=29 queue_latency_us=70 elapsed_us=3004075
2026-03-25T16:00:47.134854Z  INFO ThreadId(24) Task dispatched task="DataCompress" drift_us=8673
2026-03-25T16:00:47.155942Z  INFO ThreadId(24) Task dispatched task="HealthMonitor" drift_us=29758
2026-03-25T16:00:47.228060Z  INFO ThreadId(23) Task dispatched task="ThermalControl" drift_us=1880
2026-03-25T16:00:47.228060Z  INFO ThreadId(20) sensor_read sensor="thermal" seq=30 value=42.95041843734758 drift_us=1925 jitter_us=356 latency_us=0 elapsed_us=3104321
2026-03-25T16:00:47.277958Z  INFO ThreadId(22) downlink_tx: sent tx_log_seq=51 sensor=Thermal sensor_seq=30 queue_latency_us=49894 elapsed_us=3154122
2026-03-25T16:00:47.327941Z  INFO ThreadId(22) sensor_read sensor="thermal" seq=31 value=46.75676241633042 drift_us=1790 jitter_us=337 latency_us=0 elapsed_us=3204186
2026-03-25T16:00:47.327981Z  INFO ThreadId(24) Task dispatched task="ThermalControl" drift_us=1804
2026-03-25T16:00:47.328021Z  INFO ThreadId(23) downlink_tx: sent tx_log_seq=52 sensor=Thermal sensor_seq=31 queue_latency_us=97 elapsed_us=3204191
2026-03-25T16:00:47.328021Z  INFO ThreadId(09) sensor_read sensor="power" seq=15 value=3.5808985940538034 drift_us=1866 jitter_us=278 latency_us=0 elapsed_us=3204280
2026-03-25T16:00:47.328042Z  INFO ThreadId(23) downlink_tx: sent tx_log_seq=53 sensor=Power sensor_seq=15 queue_latency_us=34 elapsed_us=3204191
2026-03-25T16:00:47.426869Z  INFO ThreadId(09) Task dispatched task="ThermalControl" drift_us=684
2026-03-25T16:00:47.426874Z  INFO ThreadId(22) sensor_read sensor="thermal" seq=32 value=65.07220692280791 drift_us=744 jitter_us=911 latency_us=0 elapsed_us=3303140
2026-03-25T16:00:47.426980Z  INFO ThreadId(23) downlink_tx: sent tx_log_seq=54 sensor=Thermal sensor_seq=32 queue_latency_us=108 elapsed_us=3303154
2026-03-25T16:00:47.527070Z  INFO ThreadId(21) Task dispatched task="ThermalControl" drift_us=886
2026-03-25T16:00:47.527075Z  WARN ThreadId(09) JITTER EXCEEDED 1ms limit sensor="thermal" jitter_us=1248 consecutive_miss=1 limit_us=1000 elapsed_us=3403342
2026-03-25T16:00:47.527102Z ERROR ThreadId(23) JITTER LIMIT VIOLATED (>1ms) sensor="power" jitter_us=1164
2026-03-25T16:00:47.527108Z  INFO ThreadId(23) sensor_read sensor="power" seq=16 value=2.9032206072368005 drift_us=954 jitter_us=1164 latency_us=0 elapsed_us=3403368
2026-03-25T16:00:47.527147Z  INFO ThreadId(09) sensor_read sensor="thermal" seq=33 value=37.95424204855274 drift_us=946 jitter_us=1248 latency_us=0 elapsed_us=3403342
2026-03-25T16:00:47.577005Z  INFO ThreadId(22) downlink_tx: sent tx_log_seq=55 sensor=Power sensor_seq=16 queue_latency_us=49896 elapsed_us=3453168
2026-03-25T16:00:47.577028Z  INFO ThreadId(22) downlink_tx: sent tx_log_seq=56 sensor=Thermal sensor_seq=33 queue_latency_us=49882 elapsed_us=3453168
2026-03-25T16:00:47.626934Z  INFO ThreadId(24) Task dispatched task="ThermalControl" drift_us=750
2026-03-25T16:00:47.626945Z  INFO ThreadId(22) sensor_read sensor="thermal" seq=34 value=68.07842572114154 drift_us=814 jitter_us=334 latency_us=0 elapsed_us=3503210
2026-03-25T16:00:47.626954Z ERROR ThreadId(23) JITTER LIMIT VIOLATED (>1ms) sensor="imu" jitter_us=1489
2026-03-25T16:00:47.626962Z  INFO ThreadId(23) sensor_read sensor="imu" seq=6 value=0.017233116904955145 drift_us=798 jitter_us=1489 latency_us=0 elapsed_us=3503223
2026-03-25T16:00:47.627051Z  INFO ThreadId(24) downlink_tx: sent tx_log_seq=57 sensor=Imu sensor_seq=6 queue_latency_us=98 elapsed_us=3503228
2026-03-25T16:00:47.627065Z  INFO ThreadId(24) downlink_tx: sent tx_log_seq=58 sensor=Thermal sensor_seq=34 queue_latency_us=126 elapsed_us=3503228
2026-03-25T16:00:47.634074Z  INFO ThreadId(22) Task dispatched task="DataCompress" drift_us=7894
2026-03-25T16:00:47.727175Z  INFO ThreadId(22) Task dispatched task="ThermalControl" drift_us=990
2026-03-25T16:00:47.727182Z  INFO ThreadId(21) sensor_read sensor="thermal" seq=35 value=63.33507890993376 drift_us=1052 jitter_us=370 latency_us=0 elapsed_us=3603448
2026-03-25T16:00:47.727224Z ERROR ThreadId(23) JITTER LIMIT VIOLATED (>1ms) sensor="power" jitter_us=1028
2026-03-25T16:00:47.727239Z  INFO ThreadId(23) sensor_read sensor="power" seq=17 value=2.7790385945678695 drift_us=1070 jitter_us=1028 latency_us=0 elapsed_us=3603484
2026-03-25T16:00:47.727291Z  INFO ThreadId(22) downlink_tx: sent tx_log_seq=59 sensor=Thermal sensor_seq=35 queue_latency_us=113 elapsed_us=3603468
2026-03-25T16:00:47.727304Z  INFO ThreadId(22) downlink_tx: sent tx_log_seq=60 sensor=Power sensor_seq=17 queue_latency_us=92 elapsed_us=3603468
2026-03-25T16:00:47.826910Z  INFO ThreadId(21) Task dispatched task="ThermalControl" drift_us=724
2026-03-25T16:00:47.826921Z  INFO ThreadId(23) sensor_read sensor="thermal" seq=36 value=22.371609502394286 drift_us=790 jitter_us=500 latency_us=0 elapsed_us=3703186
2026-03-25T16:00:47.827036Z  INFO ThreadId(24) downlink_tx: sent tx_log_seq=61 sensor=Thermal sensor_seq=36 queue_latency_us=117 elapsed_us=3703203
2026-03-25T16:00:47.927134Z  INFO ThreadId(23) Task dispatched task="ThermalControl" drift_us=949
2026-03-25T16:00:47.927139Z  INFO ThreadId(21) sensor_read sensor="thermal" seq=37 value=29.89902018054511 drift_us=1008 jitter_us=480 latency_us=0 elapsed_us=3803404
2026-03-25T16:00:47.927149Z  INFO ThreadId(22) sensor_read sensor="power" seq=18 value=4.3295571330695415 drift_us=1002 jitter_us=184 latency_us=0 elapsed_us=3803416
2026-03-25T16:00:47.927263Z  INFO ThreadId(24) downlink_tx: sent tx_log_seq=62 sensor=Power sensor_seq=18 queue_latency_us=115 elapsed_us=3803434
2026-03-25T16:00:47.927281Z  INFO ThreadId(24) downlink_tx: sent tx_log_seq=63 sensor=Thermal sensor_seq=37 queue_latency_us=149 elapsed_us=3803434
2026-03-25T16:00:48.027102Z  INFO ThreadId(09) Task dispatched task="ThermalControl" drift_us=918
2026-03-25T16:00:48.027110Z  INFO ThreadId(23) sensor_read sensor="thermal" seq=38 value=65.79940558726501 drift_us=979 jitter_us=247 latency_us=0 elapsed_us=3903375
2026-03-25T16:00:48.027225Z  INFO ThreadId(21) downlink_tx: sent tx_log_seq=64 sensor=Thermal sensor_seq=38 queue_latency_us=116 elapsed_us=3903392
2026-03-25T16:00:48.127138Z  INFO ThreadId(22) Task dispatched task="ThermalControl" drift_us=951
2026-03-25T16:00:48.127147Z  INFO ThreadId(23) sensor_read sensor="power" seq=19 value=0.7464977458082869 drift_us=997 jitter_us=63 latency_us=1 elapsed_us=4003411
2026-03-25T16:00:48.127165Z  INFO ThreadId(21) sensor_read sensor="thermal" seq=39 value=65.36984323782671 drift_us=1035 jitter_us=85 latency_us=0 elapsed_us=4003431
2026-03-25T16:00:48.127171Z ERROR ThreadId(23) JITTER LIMIT VIOLATED (>1ms) sensor="imu" jitter_us=1063
2026-03-25T16:00:48.127174Z  INFO ThreadId(23) sensor_read sensor="imu" seq=7 value=0.001435482397945928 drift_us=1017 jitter_us=1063 latency_us=0 elapsed_us=4003442
2026-03-25T16:00:48.127277Z  INFO ThreadId(22) downlink_tx: sent tx_log_seq=65 sensor=Power sensor_seq=19 queue_latency_us=135 elapsed_us=4003440
2026-03-25T16:00:48.127289Z  INFO ThreadId(22) downlink_tx: sent tx_log_seq=66 sensor=Imu sensor_seq=7 queue_latency_us=120 elapsed_us=4003440
2026-03-25T16:00:48.127298Z  INFO ThreadId(22) downlink_tx: sent tx_log_seq=67 sensor=Thermal sensor_seq=39 queue_latency_us=139 elapsed_us=4003440
2026-03-25T16:00:48.134224Z  INFO ThreadId(21) Task dispatched task="DataCompress" drift_us=8045
2026-03-25T16:00:48.155686Z  INFO ThreadId(21) Task dispatched task="HealthMonitor" drift_us=29504
2026-03-25T16:00:48.227277Z  INFO ThreadId(21) Task dispatched task="ThermalControl" drift_us=1085
2026-03-25T16:00:48.227293Z  INFO ThreadId(09) sensor_read sensor="thermal" seq=40 value=60.08933501259328 drift_us=1150 jitter_us=59 latency_us=0 elapsed_us=4103546
2026-03-25T16:00:48.227393Z  INFO ThreadId(23) downlink_tx: sent tx_log_seq=68 sensor=Thermal sensor_seq=40 queue_latency_us=113 elapsed_us=4103559
2026-03-25T16:00:48.327224Z  INFO ThreadId(22) Task dispatched task="ThermalControl" drift_us=1039
2026-03-25T16:00:48.327229Z  INFO ThreadId(09) sensor_read sensor="thermal" seq=41 value=46.39817425187502 drift_us=1099 jitter_us=166 latency_us=0 elapsed_us=4203495
2026-03-25T16:00:48.327250Z  INFO ThreadId(22) sensor_read sensor="power" seq=20 value=1.4827388102529633 drift_us=1107 jitter_us=115 latency_us=0 elapsed_us=4203521
2026-03-25T16:00:48.327343Z  INFO ThreadId(09) downlink_tx: sent tx_log_seq=69 sensor=Thermal sensor_seq=41 queue_latency_us=119 elapsed_us=4203517
2026-03-25T16:00:48.327357Z  INFO ThreadId(09) downlink_tx: sent tx_log_seq=70 sensor=Power sensor_seq=20 queue_latency_us=108 elapsed_us=4203517
2026-03-25T16:00:48.427047Z  INFO ThreadId(21) Task dispatched task="ThermalControl" drift_us=854
2026-03-25T16:00:48.427047Z  INFO ThreadId(09) sensor_read sensor="thermal" seq=42 value=60.838844192519986 drift_us=916 jitter_us=132 latency_us=0 elapsed_us=4303312
2026-03-25T16:00:48.427161Z  INFO ThreadId(21) downlink_tx: sent tx_log_seq=71 sensor=Thermal sensor_seq=42 queue_latency_us=119 elapsed_us=4303340
2026-03-25T16:00:48.527090Z  INFO ThreadId(22) Task dispatched task="ThermalControl" drift_us=904
2026-03-25T16:00:48.527125Z  INFO ThreadId(22) sensor_read sensor="power" seq=21 value=3.769774780246938 drift_us=982 jitter_us=235 latency_us=0 elapsed_us=4403396
2026-03-25T16:00:48.527162Z  INFO ThreadId(09) sensor_read sensor="thermal" seq=43 value=43.50818383119716 drift_us=1009 jitter_us=276 latency_us=0 elapsed_us=4403405
2026-03-25T16:00:48.577209Z  INFO ThreadId(22) downlink_tx: sent tx_log_seq=72 sensor=Power sensor_seq=21 queue_latency_us=50068 elapsed_us=4453359
2026-03-25T16:00:48.577234Z  INFO ThreadId(22) downlink_tx: sent tx_log_seq=73 sensor=Thermal sensor_seq=43 queue_latency_us=50100 elapsed_us=4453359
2026-03-25T16:00:48.628074Z  INFO ThreadId(22) sensor_read sensor="thermal" seq=44 value=30.871205258018286 drift_us=1939 jitter_us=837 latency_us=0 elapsed_us=4504335
2026-03-25T16:00:48.628108Z  INFO ThreadId(22) sensor_read sensor="imu" seq=8 value=0.04876917283262219 drift_us=1954 jitter_us=718 latency_us=0 elapsed_us=4504379
2026-03-25T16:00:48.628117Z  INFO ThreadId(22) Task dispatched task="ThermalControl" drift_us=1949
2026-03-25T16:00:48.628316Z  INFO ThreadId(09) downlink_tx: sent tx_log_seq=74 sensor=Imu sensor_seq=8 queue_latency_us=190 elapsed_us=4504405
2026-03-25T16:00:48.628372Z  INFO ThreadId(09) downlink_tx: sent tx_log_seq=75 sensor=Thermal sensor_seq=44 queue_latency_us=306 elapsed_us=4504405
2026-03-25T16:00:48.634055Z  INFO ThreadId(22) Task dispatched task="DataCompress" drift_us=7874
2026-03-25T16:00:48.727276Z  INFO ThreadId(09) Task dispatched task="ThermalControl" drift_us=1091
2026-03-25T16:00:48.727359Z  INFO ThreadId(23) sensor_read sensor="power" seq=22 value=4.370503449743091 drift_us=1208 jitter_us=351 latency_us=0 elapsed_us=4603622
2026-03-25T16:00:48.727376Z  WARN ThreadId(22) JITTER EXCEEDED 1ms limit sensor="thermal" jitter_us=1637 consecutive_miss=1 limit_us=1000 elapsed_us=4603628
2026-03-25T16:00:48.727424Z  INFO ThreadId(22) sensor_read sensor="thermal" seq=45 value=77.78837428040464 drift_us=1232 jitter_us=1637 latency_us=0 elapsed_us=4603628
2026-03-25T16:00:48.777221Z  INFO ThreadId(23) downlink_tx: sent tx_log_seq=76 sensor=Power sensor_seq=22 queue_latency_us=49857 elapsed_us=4653356
2026-03-25T16:00:48.777246Z  INFO ThreadId(23) downlink_tx: sent tx_log_seq=77 sensor=Thermal sensor_seq=45 queue_latency_us=49826 elapsed_us=4653356
2026-03-25T16:00:48.827746Z  INFO ThreadId(23) Task dispatched task="ThermalControl" drift_us=1572
2026-03-25T16:00:48.827746Z  WARN ThreadId(21) JITTER EXCEEDED 1ms limit sensor="thermal" jitter_us=1088 consecutive_miss=2 limit_us=1000 elapsed_us=4704009
2026-03-25T16:00:48.827767Z  INFO ThreadId(21) sensor_read sensor="thermal" seq=46 value=57.513251153763285 drift_us=1613 jitter_us=1088 latency_us=1 elapsed_us=4704009
2026-03-25T16:00:48.877545Z  INFO ThreadId(22) downlink_tx: sent tx_log_seq=78 sensor=Thermal sensor_seq=46 queue_latency_us=49766 elapsed_us=4753703
2026-03-25T16:00:48.927304Z  INFO ThreadId(21) Task dispatched task="ThermalControl" drift_us=1119
2026-03-25T16:00:48.927310Z  INFO ThreadId(22) sensor_read sensor="thermal" seq=47 value=57.56897206253831 drift_us=1180 jitter_us=814 latency_us=0 elapsed_us=4803576
2026-03-25T16:00:48.927327Z  INFO ThreadId(21) sensor_read sensor="power" seq=23 value=2.579359290918246 drift_us=1184 jitter_us=250 latency_us=0 elapsed_us=4803598
2026-03-25T16:00:48.927419Z  INFO ThreadId(23) downlink_tx: sent tx_log_seq=79 sensor=Thermal sensor_seq=47 queue_latency_us=111 elapsed_us=4803593
2026-03-25T16:00:48.927432Z  INFO ThreadId(23) downlink_tx: sent tx_log_seq=80 sensor=Power sensor_seq=23 queue_latency_us=106 elapsed_us=4803593
2026-03-25T16:00:49.027003Z  INFO ThreadId(22) Task dispatched task="ThermalControl" drift_us=806
2026-03-25T16:00:49.027005Z  INFO ThreadId(09) sensor_read sensor="thermal" seq=48 value=28.807829824423866 drift_us=869 jitter_us=122 latency_us=1 elapsed_us=4903265
2026-03-25T16:00:49.027177Z  INFO ThreadId(21) downlink_tx: sent tx_log_seq=81 sensor=Thermal sensor_seq=48 queue_latency_us=179 elapsed_us=4903300
2026-03-25T16:00:49.126921Z  INFO ThreadId(22) Task dispatched task="ThermalControl" drift_us=727
2026-03-25T16:00:49.126949Z  INFO ThreadId(23) sensor_read sensor="power" seq=24 value=1.5118033316126696 drift_us=783 jitter_us=377 latency_us=0 elapsed_us=5003197
2026-03-25T16:00:49.127103Z  INFO ThreadId(22) downlink_tx: sent tx_log_seq=82 sensor=Power sensor_seq=24 queue_latency_us=174 elapsed_us=5003227
2026-03-25T16:00:49.127117Z  INFO ThreadId(22) sensor_read sensor="thermal" seq=49 value=49.18638943535367 drift_us=831 jitter_us=273 latency_us=0 elapsed_us=5003227
2026-03-25T16:00:49.127136Z ERROR ThreadId(22) JITTER LIMIT VIOLATED (>1ms) sensor="imu" jitter_us=2076
2026-03-25T16:00:49.127140Z  INFO ThreadId(22) sensor_read sensor="imu" seq=9 value=-0.09161669610076029 drift_us=815 jitter_us=2076 latency_us=0 elapsed_us=5003240
2026-03-25T16:00:49.127170Z  INFO ThreadId(22) downlink_tx: sent tx_log_seq=83 sensor=Imu sensor_seq=9 queue_latency_us=172 elapsed_us=5003227
2026-03-25T16:00:49.127191Z  INFO ThreadId(22) downlink_tx: sent tx_log_seq=84 sensor=Thermal sensor_seq=49 queue_latency_us=236 elapsed_us=5003227
2026-03-25T16:00:49.127310Z  INFO ThreadId(21) uplink_rx: received cmd=Heartbeat seq=0 dispatch_latency_us=0 elapsed_us=5003578
2026-03-25T16:00:49.127320Z  INFO ThreadId(21) command executed cmd=Heartbeat
2026-03-25T16:00:49.133928Z  INFO ThreadId(21) Task dispatched task="DataCompress" drift_us=7756
2026-03-25T16:00:49.155542Z  INFO ThreadId(21) Task dispatched task="HealthMonitor" drift_us=29366
2026-03-25T16:00:49.227306Z  INFO ThreadId(21) Task dispatched task="ThermalControl" drift_us=1120
2026-03-25T16:00:49.227372Z  INFO ThreadId(09) sensor_read sensor="thermal" seq=50 value=21.651565035537544 drift_us=1220 jitter_us=427 latency_us=0 elapsed_us=5103616
2026-03-25T16:00:49.277021Z  INFO ThreadId(21) downlink_tx: sent tx_log_seq=85 sensor=Thermal sensor_seq=50 queue_latency_us=49661 elapsed_us=5153180
2026-03-25T16:00:49.327774Z ERROR ThreadId(09) JITTER LIMIT VIOLATED (>1ms) sensor="power" jitter_us=1247
2026-03-25T16:00:49.327766Z  INFO ThreadId(21) sensor_read sensor="thermal" seq=51 value=58.31793100249423 drift_us=1632 jitter_us=23 latency_us=0 elapsed_us=5204028
2026-03-25T16:00:49.327788Z  INFO ThreadId(09) sensor_read sensor="power" seq=25 value=4.2536942472294115 drift_us=1629 jitter_us=1247 latency_us=0 elapsed_us=5204043
2026-03-25T16:00:49.327798Z  INFO ThreadId(21) Task dispatched task="ThermalControl" drift_us=1629
2026-03-25T16:00:49.327894Z  INFO ThreadId(09) downlink_tx: sent tx_log_seq=86 sensor=Power sensor_seq=25 queue_latency_us=122 elapsed_us=5204067
2026-03-25T16:00:49.327904Z  INFO ThreadId(09) downlink_tx: sent tx_log_seq=87 sensor=Thermal sensor_seq=51 queue_latency_us=148 elapsed_us=5204067
2026-03-25T16:00:49.427959Z  INFO ThreadId(21) sensor_read sensor="thermal" seq=52 value=62.90598689013532 drift_us=1823 jitter_us=221 latency_us=1 elapsed_us=5304219
2026-03-25T16:00:49.427998Z  INFO ThreadId(21) Task dispatched task="ThermalControl" drift_us=1827
2026-03-25T16:00:49.477212Z  INFO ThreadId(22) downlink_tx: sent tx_log_seq=88 sensor=Thermal sensor_seq=52 queue_latency_us=49251 elapsed_us=5353373
2026-03-25T16:00:49.527001Z  INFO ThreadId(21) Task dispatched task="ThermalControl" drift_us=812
2026-03-25T16:00:49.527017Z  WARN ThreadId(22) JITTER EXCEEDED 1ms limit sensor="thermal" jitter_us=1133 consecutive_miss=1 limit_us=1000 elapsed_us=5403277
2026-03-25T16:00:49.527034Z ERROR ThreadId(21) JITTER LIMIT VIOLATED (>1ms) sensor="power" jitter_us=1584
2026-03-25T16:00:49.527034Z  INFO ThreadId(22) sensor_read sensor="thermal" seq=53 value=35.46602078917509 drift_us=881 jitter_us=1133 latency_us=0 elapsed_us=5403277
2026-03-25T16:00:49.527042Z  INFO ThreadId(21) sensor_read sensor="power" seq=26 value=4.745225522042086 drift_us=891 jitter_us=1584 latency_us=0 elapsed_us=5403305
2026-03-25T16:00:49.527182Z  INFO ThreadId(09) downlink_tx: sent tx_log_seq=89 sensor=Power sensor_seq=26 queue_latency_us=139 elapsed_us=5403308
2026-03-25T16:00:49.527219Z  INFO ThreadId(09) downlink_tx: sent tx_log_seq=90 sensor=Thermal sensor_seq=53 queue_latency_us=186 elapsed_us=5403308
2026-03-25T16:00:49.627199Z  INFO ThreadId(21) Task dispatched task="ThermalControl" drift_us=1009
2026-03-25T16:00:49.627199Z  WARN ThreadId(23) JITTER EXCEEDED 1ms limit sensor="thermal" jitter_us=1126 consecutive_miss=2 limit_us=1000 elapsed_us=5503461
2026-03-25T16:00:49.627230Z  INFO ThreadId(23) sensor_read sensor="thermal" seq=54 value=57.06154089599443 drift_us=1065 jitter_us=1126 latency_us=1 elapsed_us=5503461
2026-03-25T16:00:49.627235Z ERROR ThreadId(21) JITTER LIMIT VIOLATED (>1ms) sensor="imu" jitter_us=1404
2026-03-25T16:00:49.627240Z  INFO ThreadId(21) sensor_read sensor="imu" seq=10 value=0.09591133076097771 drift_us=1080 jitter_us=1404 latency_us=0 elapsed_us=5503505
2026-03-25T16:00:49.627383Z  INFO ThreadId(22) downlink_tx: sent tx_log_seq=91 sensor=Imu sensor_seq=10 queue_latency_us=141 elapsed_us=5503508
2026-03-25T16:00:49.627417Z  INFO ThreadId(22) downlink_tx: sent tx_log_seq=92 sensor=Thermal sensor_seq=54 queue_latency_us=191 elapsed_us=5503508
2026-03-25T16:00:49.633272Z  INFO ThreadId(23) Task dispatched task="DataCompress" drift_us=7090
2026-03-25T16:00:49.727107Z  INFO ThreadId(23) Task dispatched task="ThermalControl" drift_us=923
2026-03-25T16:00:49.727115Z  INFO ThreadId(09) sensor_read sensor="thermal" seq=55 value=32.74051854708925 drift_us=984 jitter_us=265 latency_us=1 elapsed_us=5603380
2026-03-25T16:00:49.727130Z  INFO ThreadId(23) sensor_read sensor="power" seq=27 value=3.308754060237572 drift_us=987 jitter_us=834 latency_us=0 elapsed_us=5603401
2026-03-25T16:00:49.727306Z  INFO ThreadId(21) downlink_tx: sent tx_log_seq=93 sensor=Power sensor_seq=27 queue_latency_us=163 elapsed_us=5603413
2026-03-25T16:00:49.727341Z  INFO ThreadId(21) downlink_tx: sent tx_log_seq=94 sensor=Thermal sensor_seq=55 queue_latency_us=230 elapsed_us=5603413
2026-03-25T16:00:49.827867Z  INFO ThreadId(09) sensor_read sensor="thermal" seq=56 value=61.66224900992683 drift_us=1733 jitter_us=830 latency_us=0 elapsed_us=5704129
2026-03-25T16:00:49.827904Z  INFO ThreadId(23) Task dispatched task="ThermalControl" drift_us=1725
2026-03-25T16:00:49.877902Z  INFO ThreadId(23) downlink_tx: sent tx_log_seq=95 sensor=Thermal sensor_seq=56 queue_latency_us=50032 elapsed_us=5754060
2026-03-25T16:00:49.927793Z  INFO ThreadId(23) sensor_read sensor="thermal" seq=57 value=52.915091956327906 drift_us=1653 jitter_us=829 latency_us=0 elapsed_us=5804049
2026-03-25T16:00:49.927817Z  INFO ThreadId(21) sensor_read sensor="power" seq=28 value=0.9498388822229844 drift_us=1664 jitter_us=581 latency_us=0 elapsed_us=5804078
2026-03-25T16:00:49.927838Z  INFO ThreadId(21) Task dispatched task="ThermalControl" drift_us=1668
2026-03-25T16:00:49.927981Z  INFO ThreadId(22) downlink_tx: sent tx_log_seq=96 sensor=Power sensor_seq=28 queue_latency_us=166 elapsed_us=5804108
2026-03-25T16:00:49.928018Z  INFO ThreadId(22) downlink_tx: sent tx_log_seq=97 sensor=Thermal sensor_seq=57 queue_latency_us=239 elapsed_us=5804108
2026-03-25T16:00:50.027820Z  INFO ThreadId(24) Task dispatched task="ThermalControl" drift_us=1649
2026-03-25T16:00:50.027817Z  INFO ThreadId(23) sensor_read sensor="thermal" seq=58 value=48.84010676400149 drift_us=1683 jitter_us=110 latency_us=0 elapsed_us=5904079
2026-03-25T16:00:50.076936Z  INFO ThreadId(21) downlink_tx: sent tx_log_seq=98 sensor=Thermal sensor_seq=58 queue_latency_us=49114 elapsed_us=5953084
2026-03-25T16:00:50.127611Z  INFO ThreadId(24) Task dispatched task="ThermalControl" drift_us=1425
2026-03-25T16:00:50.127616Z  INFO ThreadId(21) sensor_read sensor="power" seq=29 value=4.2903437259044015 drift_us=1467 jitter_us=874 latency_us=1 elapsed_us=6003881
2026-03-25T16:00:50.127630Z  INFO ThreadId(23) sensor_read sensor="thermal" seq=59 value=71.50401768100389 drift_us=1502 jitter_us=211 latency_us=0 elapsed_us=6003898
2026-03-25T16:00:50.127675Z  INFO ThreadId(22) sensor_read sensor="imu" seq=11 value=0.05461327548089848 drift_us=1519 jitter_us=174 latency_us=0 elapsed_us=6003944
2026-03-25T16:00:50.127728Z  INFO ThreadId(24) downlink_tx: sent tx_log_seq=99 sensor=Power sensor_seq=29 queue_latency_us=117 elapsed_us=6003904
2026-03-25T16:00:50.127740Z  INFO ThreadId(24) downlink_tx: sent tx_log_seq=100 sensor=Imu sensor_seq=11 queue_latency_us=68 elapsed_us=6003904
2026-03-25T16:00:50.127749Z  INFO ThreadId(24) downlink_tx: sent tx_log_seq=101 sensor=Thermal sensor_seq=59 queue_latency_us=122 elapsed_us=6003904
2026-03-25T16:00:50.133652Z  INFO ThreadId(21) Task dispatched task="DataCompress" drift_us=7466
2026-03-25T16:00:50.154879Z  INFO ThreadId(22) Task dispatched task="HealthMonitor" drift_us=28685
2026-03-25T16:00:50.227965Z  INFO ThreadId(21) sensor_read sensor="thermal" seq=60 value=24.807378194273827 drift_us=1831 jitter_us=510 latency_us=0 elapsed_us=6104227
2026-03-25T16:00:50.227974Z  INFO ThreadId(23) Task dispatched task="ThermalControl" drift_us=1798
2026-03-25T16:00:50.277304Z  INFO ThreadId(21) downlink_tx: sent tx_log_seq=102 sensor=Thermal sensor_seq=60 queue_latency_us=49336 elapsed_us=6153462
2026-03-25T16:00:50.327096Z  INFO ThreadId(24) Task dispatched task="ThermalControl" drift_us=911
2026-03-25T16:00:50.327134Z  INFO ThreadId(24) sensor_read sensor="power" seq=30 value=4.6465617094657645 drift_us=991 jitter_us=279 latency_us=0 elapsed_us=6203405
2026-03-25T16:00:50.327171Z  WARN ThreadId(23) JITTER EXCEEDED 1ms limit sensor="thermal" jitter_us=1138 consecutive_miss=1 limit_us=1000 elapsed_us=6203418
2026-03-25T16:00:50.327207Z  INFO ThreadId(23) sensor_read sensor="thermal" seq=61 value=66.0930838686153 drift_us=1022 jitter_us=1138 latency_us=0 elapsed_us=6203418
2026-03-25T16:00:50.377938Z  INFO ThreadId(24) downlink_tx: sent tx_log_seq=103 sensor=Power sensor_seq=30 queue_latency_us=50792 elapsed_us=6254097
2026-03-25T16:00:50.377964Z  INFO ThreadId(24) downlink_tx: sent tx_log_seq=104 sensor=Thermal sensor_seq=61 queue_latency_us=50761 elapsed_us=6254097
2026-03-25T16:00:50.427898Z  INFO ThreadId(23) Task dispatched task="ThermalControl" drift_us=1723
2026-03-25T16:00:50.427893Z  WARN ThreadId(24) JITTER EXCEEDED 1ms limit sensor="thermal" jitter_us=1547 consecutive_miss=2 limit_us=1000 elapsed_us=6304156
2026-03-25T16:00:50.427915Z  INFO ThreadId(24) sensor_read sensor="thermal" seq=62 value=21.9963250724943 drift_us=1760 jitter_us=1547 latency_us=0 elapsed_us=6304156
2026-03-25T16:00:50.477506Z  INFO ThreadId(22) downlink_tx: sent tx_log_seq=105 sensor=Thermal sensor_seq=62 queue_latency_us=49579 elapsed_us=6353664
2026-03-25T16:00:50.527601Z  INFO ThreadId(24) Task dispatched task="ThermalControl" drift_us=1415
2026-03-25T16:00:50.527607Z  WARN ThreadId(22) JITTER EXCEEDED 1ms limit sensor="thermal" jitter_us=1021 consecutive_miss=3 limit_us=1000 elapsed_us=6403873
2026-03-25T16:00:50.527622Z  INFO ThreadId(22) sensor_read sensor="thermal" seq=63 value=72.63216511146253 drift_us=1477 jitter_us=1021 latency_us=0 elapsed_us=6403873
2026-03-25T16:00:50.527634Z  INFO ThreadId(22) sensor_read sensor="power" seq=31 value=3.1023072998560552 drift_us=1478 jitter_us=963 latency_us=0 elapsed_us=6403892
2026-03-25T16:00:50.527729Z  INFO ThreadId(22) downlink_tx: sent tx_log_seq=106 sensor=Power sensor_seq=31 queue_latency_us=108 elapsed_us=6403895
2026-03-25T16:00:50.527742Z  INFO ThreadId(22) downlink_tx: sent tx_log_seq=107 sensor=Thermal sensor_seq=63 queue_latency_us=123 elapsed_us=6403895
2026-03-25T16:00:50.626878Z  INFO ThreadId(21) Task dispatched task="ThermalControl" drift_us=693
2026-03-25T16:00:50.626881Z  INFO ThreadId(23) sensor_read sensor="thermal" seq=64 value=52.873839026803594 drift_us=750 jitter_us=444 latency_us=0 elapsed_us=6503146
2026-03-25T16:00:50.626907Z ERROR ThreadId(22) JITTER LIMIT VIOLATED (>1ms) sensor="imu" jitter_us=1209
2026-03-25T16:00:50.626913Z  INFO ThreadId(22) sensor_read sensor="imu" seq=12 value=0.09694660279970399 drift_us=749 jitter_us=1209 latency_us=0 elapsed_us=6503174
2026-03-25T16:00:50.626997Z  INFO ThreadId(24) downlink_tx: sent tx_log_seq=108 sensor=Thermal sensor_seq=64 queue_latency_us=119 elapsed_us=6503158
2026-03-25T16:00:50.627015Z  INFO ThreadId(24) downlink_tx: sent tx_log_seq=109 sensor=Imu sensor_seq=12 queue_latency_us=113 elapsed_us=6503158
2026-03-25T16:00:50.634424Z  INFO ThreadId(21) Task dispatched task="DataCompress" drift_us=8245
2026-03-25T16:00:50.727406Z  INFO ThreadId(09) Task dispatched task="ThermalControl" drift_us=1220
2026-03-25T16:00:50.727411Z  WARN ThreadId(21) JITTER EXCEEDED 1ms limit sensor="thermal" jitter_us=1259 consecutive_miss=1 limit_us=1000 elapsed_us=6603678
2026-03-25T16:00:50.727426Z  INFO ThreadId(21) sensor_read sensor="thermal" seq=65 value=76.74398860659869 drift_us=1282 jitter_us=1259 latency_us=0 elapsed_us=6603678
2026-03-25T16:00:50.727430Z  INFO ThreadId(09) sensor_read sensor="power" seq=32 value=3.5410348993033165 drift_us=1287 jitter_us=678 latency_us=0 elapsed_us=6603701
2026-03-25T16:00:50.777301Z  INFO ThreadId(23) downlink_tx: sent tx_log_seq=110 sensor=Power sensor_seq=32 queue_latency_us=49859 elapsed_us=6653459
2026-03-25T16:00:50.777327Z  INFO ThreadId(23) downlink_tx: sent tx_log_seq=111 sensor=Thermal sensor_seq=65 queue_latency_us=49903 elapsed_us=6653459
2026-03-25T16:00:50.827906Z  INFO ThreadId(23) Task dispatched task="ThermalControl" drift_us=1728
2026-03-25T16:00:50.827907Z  INFO ThreadId(21) sensor_read sensor="thermal" seq=66 value=34.06666698905829 drift_us=1778 jitter_us=36 latency_us=0 elapsed_us=6704174
2026-03-25T16:00:50.877168Z  INFO ThreadId(22) downlink_tx: sent tx_log_seq=112 sensor=Thermal sensor_seq=66 queue_latency_us=49249 elapsed_us=6753312
2026-03-25T16:00:50.927366Z  INFO ThreadId(23) Task dispatched task="ThermalControl" drift_us=1171
2026-03-25T16:00:50.927381Z  WARN ThreadId(22) JITTER EXCEEDED 1ms limit sensor="thermal" jitter_us=1035 consecutive_miss=1 limit_us=1000 elapsed_us=6803635
2026-03-25T16:00:50.927397Z  INFO ThreadId(22) sensor_read sensor="thermal" seq=67 value=36.59229425971485 drift_us=1239 jitter_us=1035 latency_us=0 elapsed_us=6803635
2026-03-25T16:00:50.927406Z  INFO ThreadId(21) sensor_read sensor="power" seq=33 value=1.2483617225644048 drift_us=1251 jitter_us=155 latency_us=0 elapsed_us=6803665
2026-03-25T16:00:50.927575Z  INFO ThreadId(23) downlink_tx: sent tx_log_seq=113 sensor=Power sensor_seq=33 queue_latency_us=178 elapsed_us=6803678
2026-03-25T16:00:50.927608Z  INFO ThreadId(23) downlink_tx: sent tx_log_seq=114 sensor=Thermal sensor_seq=67 queue_latency_us=211 elapsed_us=6803678
2026-03-25T16:00:51.027111Z  INFO ThreadId(21) Task dispatched task="ThermalControl" drift_us=919
2026-03-25T16:00:51.027132Z  INFO ThreadId(09) sensor_read sensor="thermal" seq=68 value=35.41533371564982 drift_us=994 jitter_us=294 latency_us=0 elapsed_us=6903390
2026-03-25T16:00:51.027305Z  INFO ThreadId(22) downlink_tx: sent tx_log_seq=115 sensor=Thermal sensor_seq=68 queue_latency_us=177 elapsed_us=6903418
2026-03-25T16:00:51.127329Z  INFO ThreadId(21) Task dispatched task="ThermalControl" drift_us=1141
2026-03-25T16:00:51.127357Z  INFO ThreadId(21) sensor_read sensor="thermal" seq=69 value=61.99271357551677 drift_us=1229 jitter_us=480 latency_us=1 elapsed_us=7003625
2026-03-25T16:00:51.127378Z ERROR ThreadId(21) JITTER LIMIT VIOLATED (>1ms) sensor="imu" jitter_us=1245
2026-03-25T16:00:51.127379Z  INFO ThreadId(21) sensor_read sensor="imu" seq=13 value=-0.08136094054084962 drift_us=1224 jitter_us=1245 latency_us=0 elapsed_us=7003649
2026-03-25T16:00:51.127387Z  INFO ThreadId(09) sensor_read sensor="power" seq=34 value=3.585764024337471 drift_us=1214 jitter_us=1 latency_us=0 elapsed_us=7003628
2026-03-25T16:00:51.127546Z  INFO ThreadId(23) downlink_tx: sent tx_log_seq=116 sensor=Imu sensor_seq=13 queue_latency_us=163 elapsed_us=7003663
2026-03-25T16:00:51.127564Z  INFO ThreadId(23) downlink_tx: sent tx_log_seq=117 sensor=Power sensor_seq=34 queue_latency_us=206 elapsed_us=7003663
2026-03-25T16:00:51.127573Z  INFO ThreadId(23) downlink_tx: sent tx_log_seq=118 sensor=Thermal sensor_seq=69 queue_latency_us=219 elapsed_us=7003663
2026-03-25T16:00:51.134379Z  INFO ThreadId(21) Task dispatched task="DataCompress" drift_us=8200
2026-03-25T16:00:51.155474Z  INFO ThreadId(09) Task dispatched task="HealthMonitor" drift_us=29293
2026-03-25T16:00:51.227042Z  INFO ThreadId(09) Task dispatched task="ThermalControl" drift_us=851
2026-03-25T16:00:51.227069Z  INFO ThreadId(21) sensor_read sensor="thermal" seq=70 value=70.50720881039315 drift_us=930 jitter_us=534 latency_us=0 elapsed_us=7103326
2026-03-25T16:00:51.227228Z  INFO ThreadId(09) downlink_tx: sent tx_log_seq=119 sensor=Thermal sensor_seq=70 queue_latency_us=171 elapsed_us=7103351
2026-03-25T16:00:51.326811Z  INFO ThreadId(21) Task dispatched task="ThermalControl" drift_us=626
2026-03-25T16:00:51.326855Z  INFO ThreadId(09) sensor_read sensor="thermal" seq=71 value=68.48676667429362 drift_us=710 jitter_us=79 latency_us=0 elapsed_us=7203106
2026-03-25T16:00:51.326871Z  INFO ThreadId(09) sensor_read sensor="power" seq=35 value=0.878608139552805 drift_us=698 jitter_us=479 latency_us=0 elapsed_us=7203112
2026-03-25T16:00:51.377513Z  INFO ThreadId(09) downlink_tx: sent tx_log_seq=120 sensor=Power sensor_seq=35 queue_latency_us=50658 elapsed_us=7253666
2026-03-25T16:00:51.377539Z  INFO ThreadId(09) downlink_tx: sent tx_log_seq=121 sensor=Thermal sensor_seq=71 queue_latency_us=50703 elapsed_us=7253666
2026-03-25T16:00:51.427450Z  INFO ThreadId(21) Task dispatched task="ThermalControl" drift_us=1265
2026-03-25T16:00:51.427460Z  INFO ThreadId(22) sensor_read sensor="thermal" seq=72 value=37.60332356269323 drift_us=1329 jitter_us=839 latency_us=0 elapsed_us=7303725
2026-03-25T16:00:51.427573Z  INFO ThreadId(22) downlink_tx: sent tx_log_seq=122 sensor=Thermal sensor_seq=72 queue_latency_us=119 elapsed_us=7303745
2026-03-25T16:00:51.527517Z  INFO ThreadId(21) Task dispatched task="ThermalControl" drift_us=1331
2026-03-25T16:00:51.527522Z  INFO ThreadId(09) sensor_read sensor="thermal" seq=73 value=65.10676552177661 drift_us=1389 jitter_us=559 latency_us=0 elapsed_us=7403785
2026-03-25T16:00:51.527544Z ERROR ThreadId(09) JITTER LIMIT VIOLATED (>1ms) sensor="power" jitter_us=1220
2026-03-25T16:00:51.527548Z  INFO ThreadId(09) sensor_read sensor="power" seq=36 value=2.715025780364125 drift_us=1402 jitter_us=1220 latency_us=0 elapsed_us=7403816
2026-03-25T16:00:51.527638Z  INFO ThreadId(21) downlink_tx: sent tx_log_seq=123 sensor=Thermal sensor_seq=73 queue_latency_us=123 elapsed_us=7403810
2026-03-25T16:00:51.527652Z  INFO ThreadId(21) downlink_tx: sent tx_log_seq=124 sensor=Power sensor_seq=36 queue_latency_us=109 elapsed_us=7403810
2026-03-25T16:00:51.627293Z  INFO ThreadId(09) Task dispatched task="ThermalControl" drift_us=1100
2026-03-25T16:00:51.627304Z  INFO ThreadId(22) sensor_read sensor="thermal" seq=74 value=41.9238160794165 drift_us=1161 jitter_us=288 latency_us=1 elapsed_us=7503557
2026-03-25T16:00:51.627320Z  INFO ThreadId(21) sensor_read sensor="imu" seq=14 value=0.006976139782301827 drift_us=1157 jitter_us=542 latency_us=0 elapsed_us=7503582
2026-03-25T16:00:51.627425Z  INFO ThreadId(23) downlink_tx: sent tx_log_seq=125 sensor=Imu sensor_seq=14 queue_latency_us=110 elapsed_us=7503594
2026-03-25T16:00:51.627441Z  INFO ThreadId(23) downlink_tx: sent tx_log_seq=126 sensor=Thermal sensor_seq=74 queue_latency_us=154 elapsed_us=7503594
2026-03-25T16:00:51.633315Z  INFO ThreadId(22) Task dispatched task="DataCompress" drift_us=7139
2026-03-25T16:00:51.726958Z  INFO ThreadId(22) Task dispatched task="ThermalControl" drift_us=763
2026-03-25T16:00:51.727003Z  INFO ThreadId(21) sensor_read sensor="thermal" seq=75 value=77.78402242368287 drift_us=863 jitter_us=70 latency_us=0 elapsed_us=7603259
2026-03-25T16:00:51.727022Z ERROR ThreadId(24) JITTER LIMIT VIOLATED (>1ms) sensor="power" jitter_us=1244
2026-03-25T16:00:51.727036Z  INFO ThreadId(24) sensor_read sensor="power" seq=37 value=0.9220712237130742 drift_us=862 jitter_us=1244 latency_us=0 elapsed_us=7603276
2026-03-25T16:00:51.727157Z  INFO ThreadId(22) downlink_tx: sent tx_log_seq=127 sensor=Thermal sensor_seq=75 queue_latency_us=165 elapsed_us=7603265
2026-03-25T16:00:51.727193Z  INFO ThreadId(22) downlink_tx: sent tx_log_seq=128 sensor=Power sensor_seq=37 queue_latency_us=186 elapsed_us=7603265
2026-03-25T16:00:51.828398Z  WARN ThreadId(24) JITTER EXCEEDED 1ms limit sensor="thermal" jitter_us=1700 consecutive_miss=1 limit_us=1000 elapsed_us=7704661
2026-03-25T16:00:51.828398Z  INFO ThreadId(21) Task dispatched task="ThermalControl" drift_us=2227
2026-03-25T16:00:51.828420Z  INFO ThreadId(24) sensor_read sensor="thermal" seq=76 value=32.57058125920146 drift_us=2265 jitter_us=1700 latency_us=0 elapsed_us=7704661
2026-03-25T16:00:51.878306Z  INFO ThreadId(21) downlink_tx: sent tx_log_seq=129 sensor=Thermal sensor_seq=76 queue_latency_us=49869 elapsed_us=7754402
2026-03-25T16:00:51.927274Z  INFO ThreadId(22) Task dispatched task="ThermalControl" drift_us=1085
2026-03-25T16:00:51.927316Z  WARN ThreadId(21) JITTER EXCEEDED 1ms limit sensor="thermal" jitter_us=2509 consecutive_miss=2 limit_us=1000 elapsed_us=7803554
2026-03-25T16:00:51.927313Z  INFO ThreadId(24) sensor_read sensor="power" seq=38 value=2.598789832743467 drift_us=1159 jitter_us=837 latency_us=0 elapsed_us=7803573
2026-03-25T16:00:51.927329Z  INFO ThreadId(21) sensor_read sensor="thermal" seq=77 value=53.53784145951695 drift_us=1158 jitter_us=2509 latency_us=0 elapsed_us=7803554
2026-03-25T16:00:51.927421Z  INFO ThreadId(22) downlink_tx: sent tx_log_seq=130 sensor=Power sensor_seq=38 queue_latency_us=118 elapsed_us=7803575
2026-03-25T16:00:51.927442Z  INFO ThreadId(22) downlink_tx: sent tx_log_seq=131 sensor=Thermal sensor_seq=77 queue_latency_us=114 elapsed_us=7803575
2026-03-25T16:00:52.028305Z  WARN ThreadId(09) JITTER EXCEEDED 1ms limit sensor="thermal" jitter_us=2108 consecutive_miss=3 limit_us=1000 elapsed_us=7904555
2026-03-25T16:00:52.028342Z  INFO ThreadId(09) sensor_read sensor="thermal" seq=78 value=48.84969230038282 drift_us=2159 jitter_us=2108 latency_us=0 elapsed_us=7904555
2026-03-25T16:00:52.028377Z  INFO ThreadId(24) Task dispatched task="ThermalControl" drift_us=2184
2026-03-25T16:00:52.077294Z  INFO ThreadId(09) downlink_tx: sent tx_log_seq=132 sensor=Thermal sensor_seq=78 queue_latency_us=48942 elapsed_us=7953453
2026-03-25T16:00:52.128314Z  INFO ThreadId(09) sensor_read sensor="power" seq=39 value=4.9591504445452355 drift_us=2148 jitter_us=692 latency_us=1 elapsed_us=8004562
2026-03-25T16:00:52.128369Z ERROR ThreadId(09) JITTER LIMIT VIOLATED (>1ms) sensor="imu" jitter_us=1124
2026-03-25T16:00:52.128353Z  INFO ThreadId(21) sensor_read sensor="thermal" seq=79 value=54.36440552274072 drift_us=2214 jitter_us=946 latency_us=0 elapsed_us=8004610
2026-03-25T16:00:52.128376Z  INFO ThreadId(09) sensor_read sensor="imu" seq=15 value=0.04309591568235377 drift_us=2214 jitter_us=1124 latency_us=1 elapsed_us=8004639
2026-03-25T16:00:52.128408Z  INFO ThreadId(23) Task dispatched task="ThermalControl" drift_us=2224
2026-03-25T16:00:52.128414Z  INFO ThreadId(22) downlink_tx: sent tx_log_seq=133 sensor=Power sensor_seq=39 queue_latency_us=117 elapsed_us=8004581
2026-03-25T16:00:52.128431Z  INFO ThreadId(22) downlink_tx: sent tx_log_seq=134 sensor=Imu sensor_seq=15 queue_latency_us=62 elapsed_us=8004581
2026-03-25T16:00:52.128442Z  INFO ThreadId(22) downlink_tx: sent tx_log_seq=135 sensor=Thermal sensor_seq=79 queue_latency_us=103 elapsed_us=8004581
2026-03-25T16:00:52.135229Z  INFO ThreadId(09) Task dispatched task="DataCompress" drift_us=9053
2026-03-25T16:00:52.157003Z  INFO ThreadId(24) Task dispatched task="HealthMonitor" drift_us=30819
2026-03-25T16:00:52.227104Z  INFO ThreadId(24) Task dispatched task="ThermalControl" drift_us=918
2026-03-25T16:00:52.227107Z  WARN ThreadId(09) JITTER EXCEEDED 1ms limit sensor="thermal" jitter_us=1291 consecutive_miss=1 limit_us=1000 elapsed_us=8103374
2026-03-25T16:00:52.227123Z  INFO ThreadId(09) sensor_read sensor="thermal" seq=80 value=42.26546742844001 drift_us=978 jitter_us=1291 latency_us=0 elapsed_us=8103374
2026-03-25T16:00:52.227261Z  INFO ThreadId(22) downlink_tx: sent tx_log_seq=136 sensor=Thermal sensor_seq=80 queue_latency_us=135 elapsed_us=8103413
2026-03-25T16:00:52.328017Z  WARN ThreadId(24) JITTER EXCEEDED 1ms limit sensor="thermal" jitter_us=2137 consecutive_miss=2 limit_us=1000 elapsed_us=8204275
2026-03-25T16:00:52.328042Z ERROR ThreadId(09) JITTER LIMIT VIOLATED (>1ms) sensor="power" jitter_us=1240
2026-03-25T16:00:52.328045Z  INFO ThreadId(24) sensor_read sensor="thermal" seq=81 value=54.98493809867535 drift_us=1879 jitter_us=2137 latency_us=0 elapsed_us=8204275
2026-03-25T16:00:52.328051Z  INFO ThreadId(09) sensor_read sensor="power" seq=40 value=2.681265422300309 drift_us=1897 jitter_us=1240 latency_us=0 elapsed_us=8204311
2026-03-25T16:00:52.328065Z  INFO ThreadId(22) Task dispatched task="ThermalControl" drift_us=1873
2026-03-25T16:00:52.377126Z  INFO ThreadId(09) downlink_tx: sent tx_log_seq=137 sensor=Power sensor_seq=40 queue_latency_us=49074 elapsed_us=8253282
2026-03-25T16:00:52.377151Z  INFO ThreadId(09) downlink_tx: sent tx_log_seq=138 sensor=Thermal sensor_seq=81 queue_latency_us=49107 elapsed_us=8253282
2026-03-25T16:00:52.426914Z  INFO ThreadId(22) Task dispatched task="ThermalControl" drift_us=730
2026-03-25T16:00:52.426922Z  WARN ThreadId(09) JITTER EXCEEDED 1ms limit sensor="thermal" jitter_us=1989 consecutive_miss=3 limit_us=1000 elapsed_us=8303187
2026-03-25T16:00:52.426934Z  INFO ThreadId(09) sensor_read sensor="thermal" seq=82 value=63.19696152703851 drift_us=791 jitter_us=1989 latency_us=0 elapsed_us=8303187
2026-03-25T16:00:52.477170Z  INFO ThreadId(24) downlink_tx: sent tx_log_seq=139 sensor=Thermal sensor_seq=82 queue_latency_us=50223 elapsed_us=8353299
2026-03-25T16:00:52.527124Z  WARN ThreadId(24) JITTER EXCEEDED 1ms limit sensor="thermal" jitter_us=1292 consecutive_miss=4 limit_us=1000 elapsed_us=8403391
2026-03-25T16:00:52.527121Z  INFO ThreadId(20) Task dispatched task="ThermalControl" drift_us=934
2026-03-25T16:00:52.527140Z  INFO ThreadId(24) sensor_read sensor="thermal" seq=83 value=34.89715705899667 drift_us=995 jitter_us=1292 latency_us=1 elapsed_us=8403391
2026-03-25T16:00:52.527145Z  INFO ThreadId(20) sensor_read sensor="power" seq=41 value=2.9612443979328558 drift_us=1002 jitter_us=644 latency_us=0 elapsed_us=8403416
2026-03-25T16:00:52.527285Z  INFO ThreadId(22) downlink_tx: sent tx_log_seq=140 sensor=Power sensor_seq=41 queue_latency_us=127 elapsed_us=8403424
2026-03-25T16:00:52.527318Z  INFO ThreadId(22) downlink_tx: sent tx_log_seq=141 sensor=Thermal sensor_seq=83 queue_latency_us=178 elapsed_us=8403424
2026-03-25T16:00:52.627256Z  INFO ThreadId(24) Task dispatched task="ThermalControl" drift_us=1070
2026-03-25T16:00:52.627263Z  INFO ThreadId(20) sensor_read sensor="thermal" seq=84 value=55.97620445388175 drift_us=1132 jitter_us=67 latency_us=0 elapsed_us=8503528
2026-03-25T16:00:52.627275Z ERROR ThreadId(09) JITTER LIMIT VIOLATED (>1ms) sensor="imu" jitter_us=2152
2026-03-25T16:00:52.627283Z  INFO ThreadId(09) sensor_read sensor="imu" seq=16 value=-0.04956798466954187 drift_us=1119 jitter_us=2152 latency_us=0 elapsed_us=8503544
2026-03-25T16:00:52.627376Z  INFO ThreadId(24) downlink_tx: sent tx_log_seq=142 sensor=Imu sensor_seq=16 queue_latency_us=103 elapsed_us=8503551
2026-03-25T16:00:52.627388Z  INFO ThreadId(24) downlink_tx: sent tx_log_seq=143 sensor=Thermal sensor_seq=84 queue_latency_us=132 elapsed_us=8503551
2026-03-25T16:00:52.632870Z  INFO ThreadId(22) Task dispatched task="DataCompress" drift_us=6691
2026-03-25T16:00:52.727921Z  INFO ThreadId(09) sensor_read sensor="thermal" seq=85 value=41.890653561881976 drift_us=1786 jitter_us=517 latency_us=0 elapsed_us=8604182
2026-03-25T16:00:52.727955Z ERROR ThreadId(09) JITTER LIMIT VIOLATED (>1ms) sensor="power" jitter_us=1705
2026-03-25T16:00:52.727958Z  INFO ThreadId(09) sensor_read sensor="power" seq=42 value=2.3470017575363142 drift_us=1812 jitter_us=1705 latency_us=0 elapsed_us=8604226
2026-03-25T16:00:52.728011Z  INFO ThreadId(24) Task dispatched task="ThermalControl" drift_us=1838
2026-03-25T16:00:52.728020Z  INFO ThreadId(20) downlink_tx: sent tx_log_seq=144 sensor=Thermal sensor_seq=85 queue_latency_us=106 elapsed_us=8604194
2026-03-25T16:00:52.728034Z  INFO ThreadId(20) downlink_tx: sent tx_log_seq=145 sensor=Power sensor_seq=42 queue_latency_us=80 elapsed_us=8604194
2026-03-25T16:00:52.827172Z  INFO ThreadId(09) Task dispatched task="ThermalControl" drift_us=987
2026-03-25T16:00:52.827233Z  WARN ThreadId(20) JITTER EXCEEDED 1ms limit sensor="thermal" jitter_us=1355 consecutive_miss=1 limit_us=1000 elapsed_us=8703481
2026-03-25T16:00:52.827270Z  INFO ThreadId(20) sensor_read sensor="thermal" seq=86 value=24.054020306896795 drift_us=1085 jitter_us=1355 latency_us=0 elapsed_us=8703481
2026-03-25T16:00:52.877175Z  INFO ThreadId(24) downlink_tx: sent tx_log_seq=146 sensor=Thermal sensor_seq=86 queue_latency_us=49893 elapsed_us=8753307
2026-03-25T16:00:52.927905Z  WARN ThreadId(20) JITTER EXCEEDED 1ms limit sensor="thermal" jitter_us=1388 consecutive_miss=2 limit_us=1000 elapsed_us=8804168
2026-03-25T16:00:52.927923Z  INFO ThreadId(24) Task dispatched task="ThermalControl" drift_us=1750
2026-03-25T16:00:52.927926Z  INFO ThreadId(20) sensor_read sensor="thermal" seq=87 value=66.70728368864587 drift_us=1772 jitter_us=1388 latency_us=0 elapsed_us=8804168
2026-03-25T16:00:52.927933Z  INFO ThreadId(24) sensor_read sensor="power" seq=43 value=0.9040527867905614 drift_us=1791 jitter_us=831 latency_us=0 elapsed_us=8804205
2026-03-25T16:00:52.978065Z  INFO ThreadId(20) downlink_tx: sent tx_log_seq=147 sensor=Power sensor_seq=43 queue_latency_us=50120 elapsed_us=8854228
2026-03-25T16:00:52.978090Z  INFO ThreadId(20) downlink_tx: sent tx_log_seq=148 sensor=Thermal sensor_seq=87 queue_latency_us=50165 elapsed_us=8854228
2026-03-25T16:00:53.027032Z  INFO ThreadId(21) Task dispatched task="ThermalControl" drift_us=844
2026-03-25T16:00:53.027034Z  WARN ThreadId(20) JITTER EXCEEDED 1ms limit sensor="thermal" jitter_us=1554 consecutive_miss=3 limit_us=1000 elapsed_us=8903301
2026-03-25T16:00:53.027053Z  INFO ThreadId(20) sensor_read sensor="thermal" seq=88 value=43.52931136158911 drift_us=905 jitter_us=1554 latency_us=0 elapsed_us=8903301
2026-03-25T16:00:53.077073Z  INFO ThreadId(21) downlink_tx: sent tx_log_seq=149 sensor=Thermal sensor_seq=88 queue_latency_us=50008 elapsed_us=8953222
2026-03-25T16:00:53.128089Z  INFO ThreadId(21) sensor_read sensor="power" seq=44 value=0.5574569513763042 drift_us=1936 jitter_us=166 latency_us=0 elapsed_us=9004350
2026-03-25T16:00:53.128122Z ERROR ThreadId(21) JITTER LIMIT VIOLATED (>1ms) sensor="imu" jitter_us=1945
2026-03-25T16:00:53.128125Z  INFO ThreadId(21) sensor_read sensor="imu" seq=17 value=0.07926097965863357 drift_us=1969 jitter_us=1945 latency_us=0 elapsed_us=9004394
2026-03-25T16:00:53.128134Z  WARN ThreadId(21) JITTER EXCEEDED 1ms limit sensor="thermal" jitter_us=1972 consecutive_miss=4 limit_us=1000 elapsed_us=9004406
2026-03-25T16:00:53.128137Z  INFO ThreadId(21) sensor_read sensor="thermal" seq=89 value=78.36418843263354 drift_us=2010 jitter_us=1972 latency_us=0 elapsed_us=9004406
2026-03-25T16:00:53.128186Z  INFO ThreadId(24) downlink_tx: sent tx_log_seq=150 sensor=Power sensor_seq=44 queue_latency_us=103 elapsed_us=9004362
2026-03-25T16:00:53.128176Z  INFO ThreadId(09) Task dispatched task="ThermalControl" drift_us=1984
2026-03-25T16:00:53.128201Z  INFO ThreadId(24) downlink_tx: sent tx_log_seq=151 sensor=Imu sensor_seq=17 queue_latency_us=79 elapsed_us=9004362
2026-03-25T16:00:53.128210Z  INFO ThreadId(24) downlink_tx: sent tx_log_seq=152 sensor=Thermal sensor_seq=89 queue_latency_us=74 elapsed_us=9004362
2026-03-25T16:00:53.135064Z  INFO ThreadId(21) Task dispatched task="DataCompress" drift_us=8885
2026-03-25T16:00:53.156793Z  INFO ThreadId(21) Task dispatched task="HealthMonitor" drift_us=30608
2026-03-25T16:00:53.227507Z  INFO ThreadId(21) Task dispatched task="ThermalControl" drift_us=1311
2026-03-25T16:00:53.227531Z  WARN ThreadId(24) JITTER EXCEEDED 1ms limit sensor="thermal" jitter_us=1725 consecutive_miss=5 limit_us=1000 elapsed_us=9103786
2026-03-25T16:00:53.227565Z  INFO ThreadId(24) sensor_read sensor="thermal" seq=90 value=23.690102846311312 drift_us=1390 jitter_us=1725 latency_us=0 elapsed_us=9103786
2026-03-25T16:00:53.277004Z  INFO ThreadId(09) downlink_tx: sent tx_log_seq=153 sensor=Thermal sensor_seq=90 queue_latency_us=49430 elapsed_us=9153162
2026-03-25T16:00:53.327001Z  INFO ThreadId(21) Task dispatched task="ThermalControl" drift_us=813
2026-03-25T16:00:53.327028Z ERROR ThreadId(21) JITTER LIMIT VIOLATED (>1ms) sensor="power" jitter_us=1198
2026-03-25T16:00:53.327032Z  INFO ThreadId(21) sensor_read sensor="power" seq=45 value=4.241949916897181 drift_us=883 jitter_us=1198 latency_us=0 elapsed_us=9203297
2026-03-25T16:00:53.327086Z  INFO ThreadId(09) sensor_read sensor="thermal" seq=91 value=49.91085597006636 drift_us=933 jitter_us=163 latency_us=0 elapsed_us=9203329
2026-03-25T16:00:53.327150Z  INFO ThreadId(21) downlink_tx: sent tx_log_seq=154 sensor=Power sensor_seq=45 queue_latency_us=123 elapsed_us=9203318
2026-03-25T16:00:53.327163Z  INFO ThreadId(21) downlink_tx: sent tx_log_seq=155 sensor=Thermal sensor_seq=91 queue_latency_us=105 elapsed_us=9203318
2026-03-25T16:00:53.428039Z  WARN ThreadId(21) JITTER EXCEEDED 1ms limit sensor="thermal" jitter_us=1426 consecutive_miss=1 limit_us=1000 elapsed_us=9304298
2026-03-25T16:00:53.428061Z  INFO ThreadId(21) sensor_read sensor="thermal" seq=92 value=34.4198231406003 drift_us=1902 jitter_us=1426 latency_us=0 elapsed_us=9304298
2026-03-25T16:00:53.428056Z  INFO ThreadId(09) Task dispatched task="ThermalControl" drift_us=1867
2026-03-25T16:00:53.478319Z  INFO ThreadId(24) downlink_tx: sent tx_log_seq=156 sensor=Thermal sensor_seq=92 queue_latency_us=50246 elapsed_us=9354473
2026-03-25T16:00:53.527116Z  INFO ThreadId(09) Task dispatched task="ThermalControl" drift_us=923
2026-03-25T16:00:53.527137Z  WARN ThreadId(24) JITTER EXCEEDED 1ms limit sensor="thermal" jitter_us=1877 consecutive_miss=2 limit_us=1000 elapsed_us=9403390
2026-03-25T16:00:53.527158Z  INFO ThreadId(24) sensor_read sensor="thermal" seq=93 value=43.850976991517086 drift_us=994 jitter_us=1877 latency_us=0 elapsed_us=9403390
2026-03-25T16:00:53.527188Z ERROR ThreadId(21) JITTER LIMIT VIOLATED (>1ms) sensor="power" jitter_us=1199
2026-03-25T16:00:53.527208Z  INFO ThreadId(21) sensor_read sensor="power" seq=46 value=2.1446139412793785 drift_us=1029 jitter_us=1199 latency_us=0 elapsed_us=9403443
2026-03-25T16:00:53.527336Z  INFO ThreadId(09) downlink_tx: sent tx_log_seq=157 sensor=Thermal sensor_seq=93 queue_latency_us=180 elapsed_us=9403433
2026-03-25T16:00:53.527374Z  INFO ThreadId(09) downlink_tx: sent tx_log_seq=158 sensor=Power sensor_seq=46 queue_latency_us=200 elapsed_us=9403433
2026-03-25T16:00:53.627104Z  INFO ThreadId(21) Task dispatched task="ThermalControl" drift_us=913
2026-03-25T16:00:53.627161Z ERROR ThreadId(21) JITTER LIMIT VIOLATED (>1ms) sensor="imu" jitter_us=1815
2026-03-25T16:00:53.627169Z  INFO ThreadId(21) sensor_read sensor="imu" seq=18 value=-0.0318909882363894 drift_us=1004 jitter_us=1815 latency_us=1 elapsed_us=9503429
2026-03-25T16:00:53.627197Z  INFO ThreadId(22) sensor_read sensor="thermal" seq=94 value=66.46458361720983 drift_us=1032 jitter_us=946 latency_us=0 elapsed_us=9503428
2026-03-25T16:00:53.633555Z  INFO ThreadId(24) Task dispatched task="DataCompress" drift_us=7376
2026-03-25T16:00:53.678130Z  INFO ThreadId(21) downlink_tx: sent tx_log_seq=159 sensor=Imu sensor_seq=18 queue_latency_us=50957 elapsed_us=9554269
2026-03-25T16:00:53.678169Z  INFO ThreadId(21) downlink_tx: sent tx_log_seq=160 sensor=Thermal sensor_seq=94 queue_latency_us=51006 elapsed_us=9554269
2026-03-25T16:00:53.727192Z  INFO ThreadId(24) Task dispatched task="ThermalControl" drift_us=1007
2026-03-25T16:00:53.727215Z  INFO ThreadId(24) sensor_read sensor="power" seq=47 value=1.7266286101631358 drift_us=1072 jitter_us=103 latency_us=1 elapsed_us=9603486
2026-03-25T16:00:53.727284Z  INFO ThreadId(22) sensor_read sensor="thermal" seq=95 value=53.367299092001666 drift_us=1132 jitter_us=62 latency_us=0 elapsed_us=9603528
2026-03-25T16:00:53.727312Z  INFO ThreadId(24) downlink_tx: sent tx_log_seq=161 sensor=Power sensor_seq=47 queue_latency_us=97 elapsed_us=9603500
2026-03-25T16:00:53.727330Z  INFO ThreadId(24) downlink_tx: sent tx_log_seq=162 sensor=Thermal sensor_seq=95 queue_latency_us=72 elapsed_us=9603500
2026-03-25T16:00:53.827382Z  INFO ThreadId(21) Task dispatched task="ThermalControl" drift_us=1197
2026-03-25T16:00:53.827440Z  INFO ThreadId(22) sensor_read sensor="thermal" seq=96 value=59.210948205207 drift_us=1293 jitter_us=61 latency_us=0 elapsed_us=9703689
2026-03-25T16:00:53.877431Z  INFO ThreadId(24) downlink_tx: sent tx_log_seq=163 sensor=Thermal sensor_seq=96 queue_latency_us=49999 elapsed_us=9753593
2026-03-25T16:00:53.927188Z  INFO ThreadId(21) Task dispatched task="ThermalControl" drift_us=994
2026-03-25T16:00:53.927193Z  INFO ThreadId(22) sensor_read sensor="thermal" seq=97 value=63.73154835456963 drift_us=1052 jitter_us=402 latency_us=0 elapsed_us=9803448
2026-03-25T16:00:53.927228Z  INFO ThreadId(22) sensor_read sensor="power" seq=48 value=4.637855519663311 drift_us=1085 jitter_us=30 latency_us=0 elapsed_us=9803499
2026-03-25T16:00:53.927425Z  INFO ThreadId(24) downlink_tx: sent tx_log_seq=164 sensor=Power sensor_seq=48 queue_latency_us=186 elapsed_us=9803522
2026-03-25T16:00:53.927474Z  INFO ThreadId(24) downlink_tx: sent tx_log_seq=165 sensor=Thermal sensor_seq=97 queue_latency_us=295 elapsed_us=9803522
2026-03-25T16:00:54.026958Z  INFO ThreadId(09) Task dispatched task="ThermalControl" drift_us=774
2026-03-25T16:00:54.026968Z  INFO ThreadId(21) sensor_read sensor="thermal" seq=98 value=49.81575848468289 drift_us=838 jitter_us=27 latency_us=0 elapsed_us=9903234
2026-03-25T16:00:54.027049Z  INFO ThreadId(22) downlink_tx: sent tx_log_seq=166 sensor=Thermal sensor_seq=98 queue_latency_us=83 elapsed_us=9903248
2026-03-25T16:00:54.128060Z  INFO ThreadId(09) sensor_read sensor="power" seq=49 value=4.892140333786446 drift_us=1894 jitter_us=796 latency_us=0 elapsed_us=10004308
2026-03-25T16:00:54.128117Z ERROR ThreadId(09) JITTER LIMIT VIOLATED (>1ms) sensor="imu" jitter_us=1921
2026-03-25T16:00:54.128114Z  INFO ThreadId(22) rms_scheduler CPU usage cpu_util_pct=13.247452514881388
2026-03-25T16:00:54.128124Z  INFO ThreadId(09) sensor_read sensor="imu" seq=19 value=-0.056065796370301825 drift_us=1960 jitter_us=1921 latency_us=0 elapsed_us=10004385
2026-03-25T16:00:54.128131Z  INFO ThreadId(22) Task dispatched task="ThermalControl" drift_us=1925
2026-03-25T16:00:54.128148Z  WARN ThreadId(20) JITTER EXCEEDED 1ms limit sensor="thermal" jitter_us=1385 consecutive_miss=1 limit_us=1000 elapsed_us=10004405
2026-03-25T16:00:54.128168Z  INFO ThreadId(20) sensor_read sensor="thermal" seq=99 value=75.12997655142118 drift_us=2009 jitter_us=1385 latency_us=0 elapsed_us=10004405
2026-03-25T16:00:54.128267Z  INFO ThreadId(21) downlink_tx: sent tx_log_seq=167 sensor=Power sensor_seq=49 queue_latency_us=219 elapsed_us=10004348
2026-03-25T16:00:54.128314Z  INFO ThreadId(21) downlink_tx: sent tx_log_seq=168 sensor=Imu sensor_seq=19 queue_latency_us=199 elapsed_us=10004348
2026-03-25T16:00:54.128340Z  INFO ThreadId(21) downlink_tx: sent tx_log_seq=169 sensor=Thermal sensor_seq=99 queue_latency_us=174 elapsed_us=10004348
2026-03-25T16:00:54.134280Z  INFO ThreadId(23) Task dispatched task="DataCompress" drift_us=8100
2026-03-25T16:00:54.137016Z  WARN ThreadId(21) FAULT INJECTED fault=DelayedSensor severity=2 elapsed_us=10013272
2026-03-25T16:00:54.137045Z  INFO ThreadId(21) satellite state → Fault (fault injection) fault=DelayedSensor elapsed_us=10013272
2026-03-25T16:00:54.137073Z  INFO ThreadId(23) uplink_rx: received cmd=Heartbeat seq=1 dispatch_latency_us=0 elapsed_us=10013331
2026-03-25T16:00:54.137096Z  WARN ThreadId(23) INTERLOCK: command blocked — system in Fault state cmd=Heartbeat reason="interlock_active"
2026-03-25T16:00:54.154847Z  INFO ThreadId(21) Task dispatched task="HealthMonitor" drift_us=28663
2026-03-25T16:00:54.189127Z  INFO ThreadId(21) fault_pkt sent to GCS — awaiting ResetSensor command elapsed_us=10065384
2026-03-25T16:00:54.227267Z  WARN ThreadId(20) JITTER EXCEEDED 1ms limit sensor="thermal" jitter_us=2044 consecutive_miss=2 limit_us=1000 elapsed_us=10103532
2026-03-25T16:00:54.227268Z  INFO ThreadId(21) Task dispatched task="ThermalControl" drift_us=1080
2026-03-25T16:00:54.227288Z  INFO ThreadId(20) sensor_read sensor="thermal" seq=100 value=41.74004072295416 drift_us=1136 jitter_us=2044 latency_us=0 elapsed_us=10103532
2026-03-25T16:00:54.227487Z  INFO ThreadId(23) downlink_tx: sent tx_log_seq=170 sensor=Thermal sensor_seq=100 queue_latency_us=193 elapsed_us=10103575
2026-03-25T16:00:54.245521Z  INFO ThreadId(21) uplink_rx: received cmd=SafeMode seq=2 dispatch_latency_us=0 elapsed_us=10121774
2026-03-25T16:00:54.245546Z  INFO ThreadId(21) command executed cmd=SafeMode
2026-03-25T16:00:54.292403Z  INFO ThreadId(21) uplink_rx: received cmd=ResetSensor seq=3 dispatch_latency_us=0 elapsed_us=10168661
2026-03-25T16:00:54.292422Z  INFO ThreadId(21) command executed cmd=ResetSensor
2026-03-25T16:00:54.299887Z  INFO ThreadId(21) FAULT RECOVERED — satellite state → Nominal recovery_ms=110 elapsed_us=10176148
2026-03-25T16:00:54.327044Z  INFO ThreadId(21) Task dispatched task="ThermalControl" drift_us=859
2026-03-25T16:00:54.327049Z  INFO ThreadId(09) sensor_read sensor="thermal" seq=101 value=30.660384337463427 drift_us=918 jitter_us=655 latency_us=0 elapsed_us=10203314
2026-03-25T16:00:54.327068Z ERROR ThreadId(21) JITTER LIMIT VIOLATED (>1ms) sensor="power" jitter_us=1778
2026-03-25T16:00:54.327071Z  INFO ThreadId(21) sensor_read sensor="power" seq=50 value=1.624916821659324 drift_us=925 jitter_us=1778 latency_us=0 elapsed_us=10203339
2026-03-25T16:00:54.327164Z  INFO ThreadId(20) downlink_tx: sent tx_log_seq=171 sensor=Thermal sensor_seq=101 queue_latency_us=116 elapsed_us=10203335
2026-03-25T16:00:54.327179Z  INFO ThreadId(20) downlink_tx: sent tx_log_seq=172 sensor=Power sensor_seq=50 queue_latency_us=113 elapsed_us=10203335
2026-03-25T16:00:54.426962Z  INFO ThreadId(23) Task dispatched task="ThermalControl" drift_us=770
2026-03-25T16:00:54.426974Z  INFO ThreadId(09) sensor_read sensor="thermal" seq=102 value=54.619223584941295 drift_us=832 jitter_us=132 latency_us=0 elapsed_us=10303228
2026-03-25T16:00:54.427072Z  INFO ThreadId(21) downlink_tx: sent tx_log_seq=173 sensor=Thermal sensor_seq=102 queue_latency_us=110 elapsed_us=10303239
2026-03-25T16:00:54.528232Z  WARN ThreadId(09) JITTER EXCEEDED 1ms limit sensor="thermal" jitter_us=1350 consecutive_miss=1 limit_us=1000 elapsed_us=10404492
2026-03-25T16:00:54.528255Z  INFO ThreadId(09) sensor_read sensor="thermal" seq=103 value=31.684461056765105 drift_us=2096 jitter_us=1350 latency_us=0 elapsed_us=10404492
2026-03-25T16:00:54.528268Z  INFO ThreadId(09) Task dispatched task="ThermalControl" drift_us=2100
2026-03-25T16:00:54.528275Z ERROR ThreadId(23) JITTER LIMIT VIOLATED (>1ms) sensor="power" jitter_us=2149
2026-03-25T16:00:54.528299Z  INFO ThreadId(23) sensor_read sensor="power" seq=51 value=3.1449439986761276 drift_us=2105 jitter_us=2149 latency_us=1 elapsed_us=10404519
2026-03-25T16:00:54.528403Z  INFO ThreadId(21) downlink_tx: sent tx_log_seq=174 sensor=Power sensor_seq=51 queue_latency_us=142 elapsed_us=10404548
2026-03-25T16:00:54.528429Z  INFO ThreadId(21) downlink_tx: sent tx_log_seq=175 sensor=Thermal sensor_seq=103 queue_latency_us=176 elapsed_us=10404548
2026-03-25T16:00:54.627335Z  INFO ThreadId(21) Task dispatched task="ThermalControl" drift_us=1151
2026-03-25T16:00:54.627341Z  WARN ThreadId(22) JITTER EXCEEDED 1ms limit sensor="thermal" jitter_us=2149 consecutive_miss=2 limit_us=1000 elapsed_us=10503607
2026-03-25T16:00:54.627353Z  INFO ThreadId(22) sensor_read sensor="thermal" seq=104 value=25.89864652972893 drift_us=1211 jitter_us=2149 latency_us=0 elapsed_us=10503607
2026-03-25T16:00:54.627359Z ERROR ThreadId(21) JITTER LIMIT VIOLATED (>1ms) sensor="imu" jitter_us=1712
2026-03-25T16:00:54.627362Z  INFO ThreadId(21) sensor_read sensor="imu" seq=20 value=0.0006948293659801291 drift_us=1204 jitter_us=1712 latency_us=0 elapsed_us=10503629
2026-03-25T16:00:54.632879Z  INFO ThreadId(20) Task dispatched task="DataCompress" drift_us=6692
2026-03-25T16:00:54.677721Z  INFO ThreadId(20) downlink_tx: sent tx_log_seq=176 sensor=Imu sensor_seq=20 queue_latency_us=50349 elapsed_us=10553888
2026-03-25T16:00:54.677744Z  INFO ThreadId(20) downlink_tx: sent tx_log_seq=177 sensor=Thermal sensor_seq=104 queue_latency_us=50392 elapsed_us=10553888
2026-03-25T16:00:54.727237Z  INFO ThreadId(22) Task dispatched task="ThermalControl" drift_us=1050
2026-03-25T16:00:54.727242Z  INFO ThreadId(20) sensor_read sensor="thermal" seq=105 value=48.906722265762625 drift_us=1109 jitter_us=783 latency_us=0 elapsed_us=10603505
2026-03-25T16:00:54.727263Z ERROR ThreadId(20) JITTER LIMIT VIOLATED (>1ms) sensor="power" jitter_us=2165
2026-03-25T16:00:54.727267Z  INFO ThreadId(20) sensor_read sensor="power" seq=52 value=1.1974303585252581 drift_us=1120 jitter_us=2165 latency_us=0 elapsed_us=10603534
2026-03-25T16:00:54.727368Z  INFO ThreadId(23) downlink_tx: sent tx_log_seq=178 sensor=Thermal sensor_seq=105 queue_latency_us=130 elapsed_us=10603521
2026-03-25T16:00:54.727389Z  INFO ThreadId(23) downlink_tx: sent tx_log_seq=179 sensor=Power sensor_seq=52 queue_latency_us=126 elapsed_us=10603521
2026-03-25T16:00:54.827473Z  INFO ThreadId(20) Task dispatched task="ThermalControl" drift_us=1288
2026-03-25T16:00:54.827479Z  INFO ThreadId(22) sensor_read sensor="thermal" seq=106 value=44.714708208886826 drift_us=1349 jitter_us=342 latency_us=0 elapsed_us=10703745
2026-03-25T16:00:54.827582Z  INFO ThreadId(21) downlink_tx: sent tx_log_seq=180 sensor=Thermal sensor_seq=106 queue_latency_us=105 elapsed_us=10703758
2026-03-25T16:00:54.927514Z  INFO ThreadId(20) Task dispatched task="ThermalControl" drift_us=1327
2026-03-25T16:00:54.927519Z  INFO ThreadId(23) sensor_read sensor="thermal" seq=107 value=39.06866203401316 drift_us=1387 jitter_us=202 latency_us=0 elapsed_us=10803783
2026-03-25T16:00:54.927528Z ERROR ThreadId(22) JITTER LIMIT VIOLATED (>1ms) sensor="power" jitter_us=1247
2026-03-25T16:00:54.927534Z  INFO ThreadId(22) sensor_read sensor="power" seq=53 value=1.5041620136000655 drift_us=1382 jitter_us=1247 latency_us=0 elapsed_us=10803796
2026-03-25T16:00:54.927661Z  INFO ThreadId(21) downlink_tx: sent tx_log_seq=181 sensor=Power sensor_seq=53 queue_latency_us=133 elapsed_us=10803813
2026-03-25T16:00:54.927679Z  INFO ThreadId(21) downlink_tx: sent tx_log_seq=182 sensor=Thermal sensor_seq=107 queue_latency_us=166 elapsed_us=10803813
2026-03-25T16:00:55.027952Z  INFO ThreadId(20) sensor_read sensor="thermal" seq=108 value=60.45101991533389 drift_us=1818 jitter_us=393 latency_us=0 elapsed_us=10904214
2026-03-25T16:00:55.027990Z  INFO ThreadId(22) Task dispatched task="ThermalControl" drift_us=1801
2026-03-25T16:00:55.077307Z  INFO ThreadId(23) downlink_tx: sent tx_log_seq=183 sensor=Thermal sensor_seq=108 queue_latency_us=49351 elapsed_us=10953464
2026-03-25T16:00:55.127950Z  INFO ThreadId(23) sensor_read sensor="power" seq=54 value=0.8650042050236993 drift_us=1797 jitter_us=153 latency_us=0 elapsed_us=11004211
2026-03-25T16:00:55.127970Z  INFO ThreadId(09) sensor_read sensor="thermal" seq=109 value=60.531396108096786 drift_us=1843 jitter_us=406 latency_us=0 elapsed_us=11004239
2026-03-25T16:00:55.127980Z ERROR ThreadId(23) JITTER LIMIT VIOLATED (>1ms) sensor="imu" jitter_us=1379
2026-03-25T16:00:55.127981Z  INFO ThreadId(23) sensor_read sensor="imu" seq=21 value=-0.029685458675113102 drift_us=1827 jitter_us=1379 latency_us=0 elapsed_us=11004252
2026-03-25T16:00:55.127987Z  INFO ThreadId(09) Task dispatched task="ThermalControl" drift_us=1818
2026-03-25T16:00:55.128059Z  INFO ThreadId(20) downlink_tx: sent tx_log_seq=184 sensor=Power sensor_seq=54 queue_latency_us=116 elapsed_us=11004225
2026-03-25T16:00:55.128073Z  INFO ThreadId(20) downlink_tx: sent tx_log_seq=185 sensor=Imu sensor_seq=21 queue_latency_us=92 elapsed_us=11004225
2026-03-25T16:00:55.128081Z  INFO ThreadId(20) downlink_tx: sent tx_log_seq=186 sensor=Thermal sensor_seq=109 queue_latency_us=115 elapsed_us=11004225
2026-03-25T16:00:55.133709Z  INFO ThreadId(23) Task dispatched task="DataCompress" drift_us=7530
2026-03-25T16:00:55.155657Z  INFO ThreadId(23) Task dispatched task="HealthMonitor" drift_us=29460
2026-03-25T16:00:55.227688Z  INFO ThreadId(23) Task dispatched task="ThermalControl" drift_us=1503
2026-03-25T16:00:55.227693Z  INFO ThreadId(20) sensor_read sensor="thermal" seq=110 value=47.1661046111846 drift_us=1562 jitter_us=306 latency_us=1 elapsed_us=11103958
2026-03-25T16:00:55.227798Z  INFO ThreadId(21) downlink_tx: sent tx_log_seq=187 sensor=Thermal sensor_seq=110 queue_latency_us=108 elapsed_us=11103975
2026-03-25T16:00:55.327237Z  INFO ThreadId(23) Task dispatched task="ThermalControl" drift_us=1050
2026-03-25T16:00:55.327242Z  INFO ThreadId(21) sensor_read sensor="thermal" seq=111 value=47.958262146160656 drift_us=1111 jitter_us=170 latency_us=0 elapsed_us=11203507
2026-03-25T16:00:55.327262Z ERROR ThreadId(21) JITTER LIMIT VIOLATED (>1ms) sensor="power" jitter_us=1093
2026-03-25T16:00:55.327265Z  INFO ThreadId(21) sensor_read sensor="power" seq=55 value=3.3300123528461976 drift_us=1119 jitter_us=1093 latency_us=0 elapsed_us=11203533
2026-03-25T16:00:55.327370Z  INFO ThreadId(23) downlink_tx: sent tx_log_seq=188 sensor=Power sensor_seq=55 queue_latency_us=108 elapsed_us=11203533
2026-03-25T16:00:55.327382Z  INFO ThreadId(23) downlink_tx: sent tx_log_seq=189 sensor=Thermal sensor_seq=111 queue_latency_us=147 elapsed_us=11203533
2026-03-25T16:00:55.427747Z  INFO ThreadId(23) Task dispatched task="ThermalControl" drift_us=1574
2026-03-25T16:00:55.427747Z  INFO ThreadId(09) sensor_read sensor="thermal" seq=112 value=50.45250113011866 drift_us=1613 jitter_us=953 latency_us=0 elapsed_us=11304009
2026-03-25T16:00:55.478368Z  INFO ThreadId(20) downlink_tx: sent tx_log_seq=190 sensor=Thermal sensor_seq=112 queue_latency_us=50616 elapsed_us=11354508
2026-03-25T16:00:55.528449Z ERROR ThreadId(09) JITTER LIMIT VIOLATED (>1ms) sensor="power" jitter_us=1863
2026-03-25T16:00:55.528447Z  INFO ThreadId(20) sensor_read sensor="thermal" seq=113 value=28.543016520975545 drift_us=2311 jitter_us=196 latency_us=0 elapsed_us=11404707
2026-03-25T16:00:55.528467Z  INFO ThreadId(09) sensor_read sensor="power" seq=56 value=3.2000833706134313 drift_us=2304 jitter_us=1863 latency_us=0 elapsed_us=11404718
2026-03-25T16:00:55.528471Z  INFO ThreadId(20) Task dispatched task="ThermalControl" drift_us=2303
2026-03-25T16:00:55.528566Z  INFO ThreadId(21) downlink_tx: sent tx_log_seq=191 sensor=Power sensor_seq=56 queue_latency_us=117 elapsed_us=11404735
2026-03-25T16:00:55.528584Z  INFO ThreadId(21) downlink_tx: sent tx_log_seq=192 sensor=Thermal sensor_seq=113 queue_latency_us=149 elapsed_us=11404735
2026-03-25T16:00:55.627397Z  INFO ThreadId(09) Task dispatched task="ThermalControl" drift_us=1206
2026-03-25T16:00:55.627435Z ERROR ThreadId(09) JITTER LIMIT VIOLATED (>1ms) sensor="imu" jitter_us=1172
2026-03-25T16:00:55.627440Z  INFO ThreadId(09) sensor_read sensor="imu" seq=22 value=0.019980418802010375 drift_us=1278 jitter_us=1172 latency_us=0 elapsed_us=11503703
2026-03-25T16:00:55.627488Z  WARN ThreadId(21) JITTER EXCEEDED 1ms limit sensor="thermal" jitter_us=1672 consecutive_miss=1 limit_us=1000 elapsed_us=11503733
2026-03-25T16:00:55.627518Z  INFO ThreadId(21) sensor_read sensor="thermal" seq=114 value=76.48764745265171 drift_us=1337 jitter_us=1672 latency_us=0 elapsed_us=11503733
2026-03-25T16:00:55.627603Z  INFO ThreadId(09) downlink_tx: sent tx_log_seq=193 sensor=Imu sensor_seq=22 queue_latency_us=168 elapsed_us=11503732
2026-03-25T16:00:55.627633Z  INFO ThreadId(09) downlink_tx: sent tx_log_seq=194 sensor=Thermal sensor_seq=114 queue_latency_us=119 elapsed_us=11503732
2026-03-25T16:00:55.633894Z  INFO ThreadId(20) Task dispatched task="DataCompress" drift_us=7716
2026-03-25T16:00:55.727413Z  INFO ThreadId(20) Task dispatched task="ThermalControl" drift_us=1222
2026-03-25T16:00:55.727469Z  INFO ThreadId(21) sensor_read sensor="thermal" seq=115 value=66.32239214289056 drift_us=1318 jitter_us=955 latency_us=0 elapsed_us=11603714
2026-03-25T16:00:55.727498Z ERROR ThreadId(09) JITTER LIMIT VIOLATED (>1ms) sensor="power" jitter_us=2150
2026-03-25T16:00:55.727562Z  INFO ThreadId(09) sensor_read sensor="power" seq=57 value=3.3183918765768228 drift_us=1339 jitter_us=2150 latency_us=0 elapsed_us=11603753
2026-03-25T16:00:55.727585Z  INFO ThreadId(20) downlink_tx: sent tx_log_seq=195 sensor=Thermal sensor_seq=115 queue_latency_us=140 elapsed_us=11603719
2026-03-25T16:00:55.727609Z  INFO ThreadId(20) downlink_tx: sent tx_log_seq=196 sensor=Power sensor_seq=57 queue_latency_us=127 elapsed_us=11603719
2026-03-25T16:00:55.828342Z  INFO ThreadId(22) sensor_read sensor="thermal" seq=116 value=31.216796299742295 drift_us=2203 jitter_us=904 latency_us=0 elapsed_us=11704599
2026-03-25T16:00:55.828420Z  INFO ThreadId(21) Task dispatched task="ThermalControl" drift_us=2217
2026-03-25T16:00:55.878406Z  INFO ThreadId(22) downlink_tx: sent tx_log_seq=197 sensor=Thermal sensor_seq=116 queue_latency_us=50065 elapsed_us=11754563
2026-03-25T16:00:55.928420Z  INFO ThreadId(22) sensor_read sensor="thermal" seq=117 value=31.569511282835172 drift_us=2284 jitter_us=804 latency_us=0 elapsed_us=11804680
2026-03-25T16:00:55.928453Z ERROR ThreadId(22) JITTER LIMIT VIOLATED (>1ms) sensor="power" jitter_us=1937
2026-03-25T16:00:55.928457Z  INFO ThreadId(22) sensor_read sensor="power" seq=58 value=3.8543739881455026 drift_us=2311 jitter_us=1937 latency_us=0 elapsed_us=11804725
2026-03-25T16:00:55.928465Z  INFO ThreadId(22) Task dispatched task="ThermalControl" drift_us=2296
2026-03-25T16:00:55.928529Z  INFO ThreadId(20) downlink_tx: sent tx_log_seq=198 sensor=Thermal sensor_seq=117 queue_latency_us=115 elapsed_us=11804696
2026-03-25T16:00:55.928556Z  INFO ThreadId(20) downlink_tx: sent tx_log_seq=199 sensor=Power sensor_seq=58 queue_latency_us=103 elapsed_us=11804696
2026-03-25T16:00:56.028333Z  INFO ThreadId(22) sensor_read sensor="thermal" seq=118 value=44.1579801477391 drift_us=2189 jitter_us=176 latency_us=0 elapsed_us=11904585
2026-03-25T16:00:56.028355Z  INFO ThreadId(09) Task dispatched task="ThermalControl" drift_us=2163
2026-03-25T16:00:56.077218Z  INFO ThreadId(09) downlink_tx: sent tx_log_seq=200 sensor=Thermal sensor_seq=118 queue_latency_us=48889 elapsed_us=11953352
2026-03-25T16:00:56.127168Z  INFO ThreadId(21) Task dispatched task="ThermalControl" drift_us=983
2026-03-25T16:00:56.127173Z ERROR ThreadId(09) JITTER LIMIT VIOLATED (>1ms) sensor="power" jitter_us=2259
2026-03-25T16:00:56.127185Z  INFO ThreadId(09) sensor_read sensor="power" seq=59 value=4.238229496828765 drift_us=1024 jitter_us=2259 latency_us=0 elapsed_us=12003438
2026-03-25T16:00:56.127187Z  WARN ThreadId(22) JITTER EXCEEDED 1ms limit sensor="thermal" jitter_us=1036 consecutive_miss=1 limit_us=1000 elapsed_us=12003454
2026-03-25T16:00:56.127193Z  INFO ThreadId(22) sensor_read sensor="thermal" seq=119 value=54.836419449860365 drift_us=1058 jitter_us=1036 latency_us=0 elapsed_us=12003454
2026-03-25T16:00:56.127193Z  INFO ThreadId(20) sensor_read sensor="imu" seq=23 value=0.0032570105603456356 drift_us=1037 jitter_us=308 latency_us=0 elapsed_us=12003462
2026-03-25T16:00:56.127289Z  INFO ThreadId(21) downlink_tx: sent tx_log_seq=201 sensor=Power sensor_seq=59 queue_latency_us=122 elapsed_us=12003460
2026-03-25T16:00:56.127303Z  INFO ThreadId(21) downlink_tx: sent tx_log_seq=202 sensor=Imu sensor_seq=23 queue_latency_us=113 elapsed_us=12003460
2026-03-25T16:00:56.127316Z  INFO ThreadId(21) downlink_tx: sent tx_log_seq=203 sensor=Thermal sensor_seq=119 queue_latency_us=123 elapsed_us=12003460
2026-03-25T16:00:56.134499Z  INFO ThreadId(09) Task dispatched task="DataCompress" drift_us=8326
2026-03-25T16:00:56.156500Z  INFO ThreadId(09) Task dispatched task="HealthMonitor" drift_us=30315
2026-03-25T16:00:56.228358Z  WARN ThreadId(23) JITTER EXCEEDED 1ms limit sensor="thermal" jitter_us=2288 consecutive_miss=2 limit_us=1000 elapsed_us=12104611
2026-03-25T16:00:56.228383Z  INFO ThreadId(22) Task dispatched task="ThermalControl" drift_us=2200
2026-03-25T16:00:56.228391Z  INFO ThreadId(23) sensor_read sensor="thermal" seq=120 value=78.87984306422096 drift_us=2215 jitter_us=2288 latency_us=1 elapsed_us=12104611
2026-03-25T16:00:56.277043Z  INFO ThreadId(20) downlink_tx: sent tx_log_seq=204 sensor=Thermal sensor_seq=120 queue_latency_us=48641 elapsed_us=12153196
2026-03-25T16:00:56.328212Z  WARN ThreadId(20) JITTER EXCEEDED 1ms limit sensor="thermal" jitter_us=1308 consecutive_miss=3 limit_us=1000 elapsed_us=12204460
2026-03-25T16:00:56.328248Z  INFO ThreadId(20) sensor_read sensor="thermal" seq=121 value=37.76816862569068 drift_us=2064 jitter_us=1308 latency_us=0 elapsed_us=12204460
2026-03-25T16:00:56.328255Z ERROR ThreadId(22) JITTER LIMIT VIOLATED (>1ms) sensor="power" jitter_us=2361
2026-03-25T16:00:56.328272Z  INFO ThreadId(22) sensor_read sensor="power" seq=60 value=4.862371614392315 drift_us=2098 jitter_us=2361 latency_us=0 elapsed_us=12204512
2026-03-25T16:00:56.328279Z  INFO ThreadId(20) Task dispatched task="ThermalControl" drift_us=2110
2026-03-25T16:00:56.328365Z  INFO ThreadId(09) downlink_tx: sent tx_log_seq=205 sensor=Power sensor_seq=60 queue_latency_us=113 elapsed_us=12204524
2026-03-25T16:00:56.328392Z  INFO ThreadId(09) downlink_tx: sent tx_log_seq=206 sensor=Thermal sensor_seq=121 queue_latency_us=146 elapsed_us=12204524
2026-03-25T16:00:56.428372Z  INFO ThreadId(21) sensor_read sensor="thermal" seq=122 value=44.196620437241464 drift_us=2227 jitter_us=314 latency_us=0 elapsed_us=12304623
2026-03-25T16:00:56.428394Z  INFO ThreadId(22) Task dispatched task="ThermalControl" drift_us=2203
2026-03-25T16:00:56.478450Z  INFO ThreadId(20) downlink_tx: sent tx_log_seq=207 sensor=Thermal sensor_seq=122 queue_latency_us=50077 elapsed_us=12354519
2026-03-25T16:00:56.527207Z  INFO ThreadId(21) Task dispatched task="ThermalControl" drift_us=1022
2026-03-25T16:00:56.527215Z  WARN ThreadId(20) JITTER EXCEEDED 1ms limit sensor="thermal" jitter_us=1305 consecutive_miss=1 limit_us=1000 elapsed_us=12403481
2026-03-25T16:00:56.527227Z  INFO ThreadId(20) sensor_read sensor="thermal" seq=123 value=77.57043385327162 drift_us=1085 jitter_us=1305 latency_us=0 elapsed_us=12403481
2026-03-25T16:00:56.527227Z ERROR ThreadId(22) JITTER LIMIT VIOLATED (>1ms) sensor="power" jitter_us=2091
2026-03-25T16:00:56.527236Z  INFO ThreadId(22) sensor_read sensor="power" seq=61 value=3.9386389347658533 drift_us=1081 jitter_us=2091 latency_us=0 elapsed_us=12403495
2026-03-25T16:00:56.527332Z  INFO ThreadId(21) downlink_tx: sent tx_log_seq=208 sensor=Power sensor_seq=61 queue_latency_us=108 elapsed_us=12403502
2026-03-25T16:00:56.527347Z  INFO ThreadId(21) downlink_tx: sent tx_log_seq=209 sensor=Thermal sensor_seq=123 queue_latency_us=122 elapsed_us=12403502
2026-03-25T16:00:56.628073Z  WARN ThreadId(09) JITTER EXCEEDED 1ms limit sensor="thermal" jitter_us=1986 consecutive_miss=2 limit_us=1000 elapsed_us=12504325
2026-03-25T16:00:56.628107Z  INFO ThreadId(09) sensor_read sensor="thermal" seq=124 value=20.49340746269951 drift_us=1929 jitter_us=1986 latency_us=0 elapsed_us=12504325
2026-03-25T16:00:56.628108Z  INFO ThreadId(22) Task dispatched task="ThermalControl" drift_us=1933
2026-03-25T16:00:56.628191Z ERROR ThreadId(21) JITTER LIMIT VIOLATED (>1ms) sensor="imu" jitter_us=1197
2026-03-25T16:00:56.628203Z  INFO ThreadId(21) sensor_read sensor="imu" seq=24 value=-0.047654893341540695 drift_us=1993 jitter_us=1197 latency_us=1 elapsed_us=12504418
2026-03-25T16:00:56.634723Z  INFO ThreadId(22) Task dispatched task="DataCompress" drift_us=8541
2026-03-25T16:00:56.677249Z  INFO ThreadId(22) downlink_tx: sent tx_log_seq=210 sensor=Imu sensor_seq=24 queue_latency_us=49086 elapsed_us=12553390
2026-03-25T16:00:56.677275Z  INFO ThreadId(22) downlink_tx: sent tx_log_seq=211 sensor=Thermal sensor_seq=124 queue_latency_us=49172 elapsed_us=12553390
2026-03-25T16:00:56.728349Z  INFO ThreadId(22) sensor_read sensor="thermal" seq=125 value=64.75512287228473 drift_us=2213 jitter_us=560 latency_us=0 elapsed_us=12604609
2026-03-25T16:00:56.728382Z ERROR ThreadId(22) JITTER LIMIT VIOLATED (>1ms) sensor="power" jitter_us=2176
2026-03-25T16:00:56.728385Z  INFO ThreadId(22) sensor_read sensor="power" seq=62 value=3.3164515520858986 drift_us=2240 jitter_us=2176 latency_us=0 elapsed_us=12604654
2026-03-25T16:00:56.728383Z  INFO ThreadId(09) Task dispatched task="ThermalControl" drift_us=2211
2026-03-25T16:00:56.728532Z  INFO ThreadId(23) downlink_tx: sent tx_log_seq=212 sensor=Thermal sensor_seq=125 queue_latency_us=185 elapsed_us=12604637
2026-03-25T16:00:56.728577Z  INFO ThreadId(23) downlink_tx: sent tx_log_seq=213 sensor=Power sensor_seq=62 queue_latency_us=193 elapsed_us=12604637
2026-03-25T16:00:56.827999Z  INFO ThreadId(20) Task dispatched task="ThermalControl" drift_us=1823
2026-03-25T16:00:56.827994Z  INFO ThreadId(09) sensor_read sensor="thermal" seq=126 value=50.07607090313284 drift_us=1859 jitter_us=638 latency_us=0 elapsed_us=12704255
2026-03-25T16:00:56.878129Z  INFO ThreadId(22) downlink_tx: sent tx_log_seq=214 sensor=Thermal sensor_seq=126 queue_latency_us=50133 elapsed_us=12754285
2026-03-25T16:00:56.927084Z  INFO ThreadId(09) Task dispatched task="ThermalControl" drift_us=896
2026-03-25T16:00:56.927132Z ERROR ThreadId(09) JITTER LIMIT VIOLATED (>1ms) sensor="power" jitter_us=2412
2026-03-25T16:00:56.927136Z  INFO ThreadId(09) sensor_read sensor="power" seq=63 value=3.8948353323611116 drift_us=987 jitter_us=2412 latency_us=0 elapsed_us=12803401
2026-03-25T16:00:56.927149Z  INFO ThreadId(22) sensor_read sensor="thermal" seq=127 value=48.18329128429609 drift_us=997 jitter_us=508 latency_us=0 elapsed_us=12803393
2026-03-25T16:00:56.977448Z  INFO ThreadId(20) downlink_tx: sent tx_log_seq=215 sensor=Power sensor_seq=63 queue_latency_us=50305 elapsed_us=12853534
2026-03-25T16:00:56.977476Z  INFO ThreadId(20) downlink_tx: sent tx_log_seq=216 sensor=Thermal sensor_seq=127 queue_latency_us=50353 elapsed_us=12853534
2026-03-25T16:00:57.027925Z  WARN ThreadId(20) JITTER EXCEEDED 1ms limit sensor="thermal" jitter_us=1657 consecutive_miss=1 limit_us=1000 elapsed_us=12904188
2026-03-25T16:00:57.027925Z  INFO ThreadId(22) Task dispatched task="ThermalControl" drift_us=1753
2026-03-25T16:00:57.027948Z  INFO ThreadId(20) sensor_read sensor="thermal" seq=128 value=52.24722292681302 drift_us=1792 jitter_us=1657 latency_us=0 elapsed_us=12904188
2026-03-25T16:00:57.077218Z  INFO ThreadId(23) downlink_tx: sent tx_log_seq=217 sensor=Thermal sensor_seq=128 queue_latency_us=49258 elapsed_us=12953370
2026-03-25T16:00:57.127217Z  INFO ThreadId(20) Task dispatched task="ThermalControl" drift_us=1031
2026-03-25T16:00:57.127229Z ERROR ThreadId(23) JITTER LIMIT VIOLATED (>1ms) sensor="power" jitter_us=1346
2026-03-25T16:00:57.127235Z  INFO ThreadId(23) sensor_read sensor="power" seq=64 value=1.291589504939929 drift_us=1080 jitter_us=1346 latency_us=0 elapsed_us=13003494
2026-03-25T16:00:57.127245Z  WARN ThreadId(22) JITTER EXCEEDED 1ms limit sensor="thermal" jitter_us=1471 consecutive_miss=2 limit_us=1000 elapsed_us=13003512
2026-03-25T16:00:57.127249Z ERROR ThreadId(23) JITTER LIMIT VIOLATED (>1ms) sensor="imu" jitter_us=1853
2026-03-25T16:00:57.127251Z  INFO ThreadId(23) sensor_read sensor="imu" seq=25 value=0.08999816450641296 drift_us=1096 jitter_us=1853 latency_us=0 elapsed_us=13003521
2026-03-25T16:00:57.127253Z  INFO ThreadId(22) sensor_read sensor="thermal" seq=129 value=30.24103843922736 drift_us=1116 jitter_us=1471 latency_us=0 elapsed_us=13003512
2026-03-25T16:00:57.127336Z  INFO ThreadId(20) downlink_tx: sent tx_log_seq=218 sensor=Power sensor_seq=64 queue_latency_us=113 elapsed_us=13003511
2026-03-25T16:00:57.127351Z  INFO ThreadId(20) downlink_tx: sent tx_log_seq=219 sensor=Imu sensor_seq=25 queue_latency_us=102 elapsed_us=13003511
2026-03-25T16:00:57.127369Z  INFO ThreadId(20) downlink_tx: sent tx_log_seq=220 sensor=Thermal sensor_seq=129 queue_latency_us=117 elapsed_us=13003511
2026-03-25T16:00:57.133290Z  INFO ThreadId(23) Task dispatched task="DataCompress" drift_us=7112
2026-03-25T16:00:57.154729Z  INFO ThreadId(23) Task dispatched task="HealthMonitor" drift_us=28541
2026-03-25T16:00:57.228528Z  WARN ThreadId(09) JITTER EXCEEDED 1ms limit sensor="thermal" jitter_us=1955 consecutive_miss=3 limit_us=1000 elapsed_us=13104791
2026-03-25T16:00:57.228535Z  INFO ThreadId(22) Task dispatched task="ThermalControl" drift_us=2361
2026-03-25T16:00:57.228550Z  INFO ThreadId(09) sensor_read sensor="thermal" seq=130 value=71.73601937545826 drift_us=2395 jitter_us=1955 latency_us=1 elapsed_us=13104791
2026-03-25T16:00:57.277319Z  INFO ThreadId(20) downlink_tx: sent tx_log_seq=221 sensor=Thermal sensor_seq=130 queue_latency_us=48751 elapsed_us=13153450
2026-03-25T16:00:57.327924Z  WARN ThreadId(20) JITTER EXCEEDED 1ms limit sensor="thermal" jitter_us=1883 consecutive_miss=4 limit_us=1000 elapsed_us=13204187
2026-03-25T16:00:57.327938Z  INFO ThreadId(22) sensor_read sensor="power" seq=65 value=2.98689484356366 drift_us=1790 jitter_us=617 latency_us=1 elapsed_us=13204204
2026-03-25T16:00:57.327946Z  INFO ThreadId(20) sensor_read sensor="thermal" seq=131 value=22.75167382986565 drift_us=1791 jitter_us=1883 latency_us=0 elapsed_us=13204187
2026-03-25T16:00:57.327956Z  INFO ThreadId(22) Task dispatched task="ThermalControl" drift_us=1787
2026-03-25T16:00:57.328057Z  INFO ThreadId(23) downlink_tx: sent tx_log_seq=222 sensor=Power sensor_seq=65 queue_latency_us=121 elapsed_us=13204222
2026-03-25T16:00:57.328072Z  INFO ThreadId(23) downlink_tx: sent tx_log_seq=223 sensor=Thermal sensor_seq=131 queue_latency_us=126 elapsed_us=13204222
2026-03-25T16:00:57.427996Z  INFO ThreadId(21) Task dispatched task="ThermalControl" drift_us=1824
2026-03-25T16:00:57.427996Z  INFO ThreadId(20) sensor_read sensor="thermal" seq=132 value=73.05958973056475 drift_us=1861 jitter_us=674 latency_us=0 elapsed_us=13304257
2026-03-25T16:00:57.477833Z  INFO ThreadId(20) downlink_tx: sent tx_log_seq=224 sensor=Thermal sensor_seq=132 queue_latency_us=49835 elapsed_us=13353989
2026-03-25T16:00:57.527212Z  INFO ThreadId(22) Task dispatched task="ThermalControl" drift_us=1023
2026-03-25T16:00:57.527238Z ERROR ThreadId(22) JITTER LIMIT VIOLATED (>1ms) sensor="power" jitter_us=1406
2026-03-25T16:00:57.527242Z  INFO ThreadId(22) sensor_read sensor="power" seq=66 value=3.0804699134875095 drift_us=1094 jitter_us=1406 latency_us=0 elapsed_us=13403508
2026-03-25T16:00:57.527291Z  INFO ThreadId(20) sensor_read sensor="thermal" seq=133 value=74.75193034012543 drift_us=1139 jitter_us=792 latency_us=0 elapsed_us=13403535
2026-03-25T16:00:57.527356Z  INFO ThreadId(22) downlink_tx: sent tx_log_seq=225 sensor=Power sensor_seq=66 queue_latency_us=119 elapsed_us=13403529
2026-03-25T16:00:57.527371Z  INFO ThreadId(22) downlink_tx: sent tx_log_seq=226 sensor=Thermal sensor_seq=133 queue_latency_us=106 elapsed_us=13403529
2026-03-25T16:00:57.627696Z  INFO ThreadId(21) Task dispatched task="ThermalControl" drift_us=1511
2026-03-25T16:00:57.627721Z ERROR ThreadId(21) JITTER LIMIT VIOLATED (>1ms) sensor="imu" jitter_us=1367
2026-03-25T16:00:57.627724Z  INFO ThreadId(21) sensor_read sensor="imu" seq=26 value=0.09533173717279428 drift_us=1566 jitter_us=1367 latency_us=0 elapsed_us=13503991
2026-03-25T16:00:57.627776Z  WARN ThreadId(20) JITTER EXCEEDED 1ms limit sensor="thermal" jitter_us=1208 consecutive_miss=1 limit_us=1000 elapsed_us=13504021
2026-03-25T16:00:57.627802Z  INFO ThreadId(20) sensor_read sensor="thermal" seq=134 value=61.70420062756976 drift_us=1625 jitter_us=1208 latency_us=0 elapsed_us=13504021
2026-03-25T16:00:57.627838Z  INFO ThreadId(21) downlink_tx: sent tx_log_seq=227 sensor=Imu sensor_seq=26 queue_latency_us=118 elapsed_us=13504009
2026-03-25T16:00:57.627851Z  INFO ThreadId(21) downlink_tx: sent tx_log_seq=228 sensor=Thermal sensor_seq=134 queue_latency_us=51 elapsed_us=13504009
2026-03-25T16:00:57.634679Z  INFO ThreadId(20) Task dispatched task="DataCompress" drift_us=8503
2026-03-25T16:00:57.727046Z  INFO ThreadId(21) Task dispatched task="ThermalControl" drift_us=853
2026-03-25T16:00:57.727073Z  WARN ThreadId(20) JITTER EXCEEDED 1ms limit sensor="thermal" jitter_us=1186 consecutive_miss=2 limit_us=1000 elapsed_us=13603321
2026-03-25T16:00:57.727089Z  INFO ThreadId(22) sensor_read sensor="power" seq=67 value=3.935515804966908 drift_us=933 jitter_us=535 latency_us=0 elapsed_us=13603347
2026-03-25T16:00:57.727096Z  INFO ThreadId(20) sensor_read sensor="thermal" seq=135 value=72.48971038756478 drift_us=925 jitter_us=1186 latency_us=0 elapsed_us=13603321
2026-03-25T16:00:57.727243Z  INFO ThreadId(21) downlink_tx: sent tx_log_seq=229 sensor=Power sensor_seq=67 queue_latency_us=164 elapsed_us=13603355
2026-03-25T16:00:57.727282Z  INFO ThreadId(21) downlink_tx: sent tx_log_seq=230 sensor=Thermal sensor_seq=135 queue_latency_us=188 elapsed_us=13603355
2026-03-25T16:00:57.827721Z  INFO ThreadId(22) Task dispatched task="ThermalControl" drift_us=1521
2026-03-25T16:00:57.827798Z  WARN ThreadId(23) JITTER EXCEEDED 1ms limit sensor="thermal" jitter_us=1414 consecutive_miss=3 limit_us=1000 elapsed_us=13704035
2026-03-25T16:00:57.827829Z  INFO ThreadId(23) sensor_read sensor="thermal" seq=136 value=54.26311830164736 drift_us=1639 jitter_us=1414 latency_us=1 elapsed_us=13704035
2026-03-25T16:00:57.878072Z  INFO ThreadId(23) downlink_tx: sent tx_log_seq=231 sensor=Thermal sensor_seq=136 queue_latency_us=50232 elapsed_us=13754223
2026-03-25T16:00:57.927259Z  INFO ThreadId(20) Task dispatched task="ThermalControl" drift_us=1062
2026-03-25T16:00:57.927297Z  WARN ThreadId(23) JITTER EXCEEDED 1ms limit sensor="thermal" jitter_us=1197 consecutive_miss=4 limit_us=1000 elapsed_us=13803552
2026-03-25T16:00:57.927320Z  INFO ThreadId(23) sensor_read sensor="thermal" seq=137 value=72.00937156248133 drift_us=1156 jitter_us=1197 latency_us=0 elapsed_us=13803552
2026-03-25T16:00:57.927338Z  INFO ThreadId(22) sensor_read sensor="power" seq=68 value=4.8848182531912645 drift_us=1184 jitter_us=412 latency_us=0 elapsed_us=13803598
2026-03-25T16:00:57.977357Z  INFO ThreadId(23) downlink_tx: sent tx_log_seq=232 sensor=Power sensor_seq=68 queue_latency_us=50011 elapsed_us=13853444
2026-03-25T16:00:57.977395Z  INFO ThreadId(23) downlink_tx: sent tx_log_seq=233 sensor=Thermal sensor_seq=137 queue_latency_us=50079 elapsed_us=13853444
2026-03-25T16:00:58.027221Z  INFO ThreadId(20) Task dispatched task="ThermalControl" drift_us=1012
2026-03-25T16:00:58.027254Z  INFO ThreadId(21) sensor_read sensor="thermal" seq=138 value=37.82601164617033 drift_us=1103 jitter_us=430 latency_us=0 elapsed_us=13903499
2026-03-25T16:00:58.027417Z  INFO ThreadId(23) downlink_tx: sent tx_log_seq=234 sensor=Thermal sensor_seq=138 queue_latency_us=178 elapsed_us=13903531
2026-03-25T16:00:58.127819Z  INFO ThreadId(20) sensor_read sensor="power" seq=69 value=3.7256552076596963 drift_us=1658 jitter_us=223 latency_us=0 elapsed_us=14004072
2026-03-25T16:00:58.127849Z  INFO ThreadId(21) sensor_read sensor="imu" seq=27 value=-0.026326610910335904 drift_us=1677 jitter_us=359 latency_us=1 elapsed_us=14004102
2026-03-25T16:00:58.127868Z  INFO ThreadId(20) Task dispatched task="ThermalControl" drift_us=1697
2026-03-25T16:00:58.127873Z  INFO ThreadId(21) sensor_read sensor="thermal" seq=139 value=31.231641488248997 drift_us=1748 jitter_us=698 latency_us=0 elapsed_us=14004144
2026-03-25T16:00:58.128040Z  INFO ThreadId(23) downlink_tx: sent tx_log_seq=235 sensor=Imu sensor_seq=27 queue_latency_us=198 elapsed_us=14004137
2026-03-25T16:00:58.128087Z  INFO ThreadId(23) downlink_tx: sent tx_log_seq=236 sensor=Power sensor_seq=69 queue_latency_us=284 elapsed_us=14004137
2026-03-25T16:00:58.128114Z  INFO ThreadId(23) downlink_tx: sent tx_log_seq=237 sensor=Thermal sensor_seq=139 queue_latency_us=241 elapsed_us=14004137
2026-03-25T16:00:58.133723Z  INFO ThreadId(09) Task dispatched task="DataCompress" drift_us=7544
2026-03-25T16:00:58.155012Z  INFO ThreadId(09) Task dispatched task="HealthMonitor" drift_us=28827
2026-03-25T16:00:58.228353Z  INFO ThreadId(21) Task dispatched task="ThermalControl" drift_us=2171
2026-03-25T16:00:58.228344Z  INFO ThreadId(23) sensor_read sensor="thermal" seq=140 value=49.93530623736595 drift_us=2193 jitter_us=200 latency_us=0 elapsed_us=14104589
2026-03-25T16:00:58.277591Z  INFO ThreadId(20) downlink_tx: sent tx_log_seq=238 sensor=Thermal sensor_seq=140 queue_latency_us=49253 elapsed_us=14153659
2026-03-25T16:00:58.328467Z  INFO ThreadId(20) sensor_read sensor="thermal" seq=141 value=41.21617837297825 drift_us=2314 jitter_us=324 latency_us=0 elapsed_us=14204710
2026-03-25T16:00:58.328530Z  INFO ThreadId(20) Task dispatched task="ThermalControl" drift_us=2359
2026-03-25T16:00:58.328532Z  INFO ThreadId(09) sensor_read sensor="power" seq=70 value=3.8517575812118467 drift_us=2374 jitter_us=242 latency_us=0 elapsed_us=14204788
2026-03-25T16:00:58.328954Z  INFO ThreadId(21) downlink_tx: sent tx_log_seq=239 sensor=Thermal sensor_seq=141 queue_latency_us=196 elapsed_us=14204735
2026-03-25T16:00:58.329063Z  INFO ThreadId(21) downlink_tx: sent tx_log_seq=240 sensor=Power sensor_seq=70 queue_latency_us=544 elapsed_us=14204735
2026-03-25T16:00:58.427954Z  INFO ThreadId(09) sensor_read sensor="thermal" seq=142 value=78.98338424273257 drift_us=1814 jitter_us=621 latency_us=0 elapsed_us=14304210
2026-03-25T16:00:58.427996Z  INFO ThreadId(21) Task dispatched task="ThermalControl" drift_us=1812
2026-03-25T16:00:58.478064Z  INFO ThreadId(21) downlink_tx: sent tx_log_seq=241 sensor=Thermal sensor_seq=142 queue_latency_us=50104 elapsed_us=14354171
2026-03-25T16:00:58.527530Z  INFO ThreadId(09) Task dispatched task="ThermalControl" drift_us=1346
2026-03-25T16:00:58.527537Z  INFO ThreadId(20) sensor_read sensor="thermal" seq=143 value=66.80706380918156 drift_us=1405 jitter_us=91 latency_us=0 elapsed_us=14403801
2026-03-25T16:00:58.527547Z ERROR ThreadId(21) JITTER LIMIT VIOLATED (>1ms) sensor="power" jitter_us=1690
2026-03-25T16:00:58.527554Z  INFO ThreadId(21) sensor_read sensor="power" seq=71 value=3.7158957761692957 drift_us=1400 jitter_us=1690 latency_us=0 elapsed_us=14403814
2026-03-25T16:00:58.527660Z  INFO ThreadId(22) downlink_tx: sent tx_log_seq=242 sensor=Power sensor_seq=71 queue_latency_us=113 elapsed_us=14403830
2026-03-25T16:00:58.527677Z  INFO ThreadId(22) downlink_tx: sent tx_log_seq=243 sensor=Thermal sensor_seq=143 queue_latency_us=147 elapsed_us=14403830
2026-03-25T16:00:58.627215Z  INFO ThreadId(09) Task dispatched task="ThermalControl" drift_us=1030
2026-03-25T16:00:58.627223Z  INFO ThreadId(23) sensor_read sensor="thermal" seq=144 value=59.48878530406867 drift_us=1092 jitter_us=96 latency_us=0 elapsed_us=14503488
2026-03-25T16:00:58.627238Z  INFO ThreadId(23) sensor_read sensor="imu" seq=28 value=-0.07464468483174956 drift_us=1084 jitter_us=704 latency_us=0 elapsed_us=14503509
2026-03-25T16:00:58.627334Z  INFO ThreadId(09) downlink_tx: sent tx_log_seq=244 sensor=Imu sensor_seq=28 queue_latency_us=96 elapsed_us=14503510
2026-03-25T16:00:58.627349Z  INFO ThreadId(09) downlink_tx: sent tx_log_seq=245 sensor=Thermal sensor_seq=144 queue_latency_us=132 elapsed_us=14503510
2026-03-25T16:00:58.633832Z  INFO ThreadId(21) Task dispatched task="DataCompress" drift_us=7650
2026-03-25T16:00:58.727417Z  INFO ThreadId(09) Task dispatched task="ThermalControl" drift_us=1233
2026-03-25T16:00:58.727425Z  INFO ThreadId(21) sensor_read sensor="thermal" seq=145 value=67.26710415478935 drift_us=1295 jitter_us=516 latency_us=0 elapsed_us=14603691
2026-03-25T16:00:58.727435Z  INFO ThreadId(23) sensor_read sensor="power" seq=72 value=1.303726372516664 drift_us=1288 jitter_us=862 latency_us=0 elapsed_us=14603702
2026-03-25T16:00:58.727533Z  INFO ThreadId(09) downlink_tx: sent tx_log_seq=246 sensor=Power sensor_seq=72 queue_latency_us=102 elapsed_us=14603710
2026-03-25T16:00:58.727548Z  INFO ThreadId(09) downlink_tx: sent tx_log_seq=247 sensor=Thermal sensor_seq=145 queue_latency_us=128 elapsed_us=14603710
2026-03-25T16:00:58.828187Z  INFO ThreadId(20) sensor_read sensor="thermal" seq=146 value=47.225444511771414 drift_us=2050 jitter_us=552 latency_us=0 elapsed_us=14704446
2026-03-25T16:00:58.828203Z  INFO ThreadId(21) Task dispatched task="ThermalControl" drift_us=2023
2026-03-25T16:00:58.877246Z  INFO ThreadId(21) downlink_tx: sent tx_log_seq=248 sensor=Thermal sensor_seq=146 queue_latency_us=49058 elapsed_us=14753415
2026-03-25T16:00:58.927272Z  INFO ThreadId(09) Task dispatched task="ThermalControl" drift_us=1079
2026-03-25T16:00:58.927284Z  WARN ThreadId(20) JITTER EXCEEDED 1ms limit sensor="thermal" jitter_us=1662 consecutive_miss=1 limit_us=1000 elapsed_us=14803539
2026-03-25T16:00:58.927304Z  INFO ThreadId(20) sensor_read sensor="thermal" seq=147 value=21.719692657433562 drift_us=1143 jitter_us=1662 latency_us=0 elapsed_us=14803539
2026-03-25T16:00:58.927313Z  INFO ThreadId(21) sensor_read sensor="power" seq=73 value=1.5577845449853842 drift_us=1155 jitter_us=21 latency_us=0 elapsed_us=14803569
2026-03-25T16:00:58.927453Z  INFO ThreadId(09) downlink_tx: sent tx_log_seq=249 sensor=Power sensor_seq=73 queue_latency_us=151 elapsed_us=14803580
2026-03-25T16:00:58.927490Z  INFO ThreadId(09) downlink_tx: sent tx_log_seq=250 sensor=Thermal sensor_seq=147 queue_latency_us=187 elapsed_us=14803580
2026-03-25T16:00:59.028240Z  INFO ThreadId(21) Task dispatched task="ThermalControl" drift_us=2060
2026-03-25T16:00:59.028255Z  WARN ThreadId(20) JITTER EXCEEDED 1ms limit sensor="thermal" jitter_us=1884 consecutive_miss=2 limit_us=1000 elapsed_us=14904516
2026-03-25T16:00:59.028269Z  INFO ThreadId(20) sensor_read sensor="thermal" seq=148 value=35.0178428023662 drift_us=2120 jitter_us=1884 latency_us=1 elapsed_us=14904516
2026-03-25T16:00:59.077241Z  INFO ThreadId(21) downlink_tx: sent tx_log_seq=251 sensor=Thermal sensor_seq=148 queue_latency_us=48959 elapsed_us=14953383
2026-03-25T16:00:59.128040Z  INFO ThreadId(21) sensor_read sensor="power" seq=74 value=3.8764849307369893 drift_us=1876 jitter_us=854 latency_us=0 elapsed_us=15004290
2026-03-25T16:00:59.128090Z ERROR ThreadId(21) JITTER LIMIT VIOLATED (>1ms) sensor="imu" jitter_us=1444
2026-03-25T16:00:59.128097Z  INFO ThreadId(21) sensor_read sensor="imu" seq=29 value=-0.09610266630326461 drift_us=1935 jitter_us=1444 latency_us=0 elapsed_us=15004360
2026-03-25T16:00:59.128091Z  INFO ThreadId(23) Task dispatched task="ThermalControl" drift_us=1915
2026-03-25T16:00:59.128102Z  WARN ThreadId(22) JITTER EXCEEDED 1ms limit sensor="thermal" jitter_us=1123 consecutive_miss=3 limit_us=1000 elapsed_us=15004370
2026-03-25T16:00:59.128110Z  INFO ThreadId(22) sensor_read sensor="thermal" seq=149 value=32.0084880571389 drift_us=1974 jitter_us=1123 latency_us=0 elapsed_us=15004370
2026-03-25T16:00:59.128227Z  INFO ThreadId(09) downlink_tx: sent tx_log_seq=252 sensor=Power sensor_seq=74 queue_latency_us=197 elapsed_us=15004326
2026-03-25T16:00:59.128274Z  INFO ThreadId(09) downlink_tx: sent tx_log_seq=253 sensor=Imu sensor_seq=29 queue_latency_us=184 elapsed_us=15004326
2026-03-25T16:00:59.128298Z  INFO ThreadId(09) downlink_tx: sent tx_log_seq=254 sensor=Thermal sensor_seq=149 queue_latency_us=188 elapsed_us=15004326
2026-03-25T16:00:59.134160Z  INFO ThreadId(21) Task dispatched task="DataCompress" drift_us=7969
2026-03-25T16:00:59.145483Z  INFO ThreadId(21) uplink_rx: received cmd=Heartbeat seq=4 dispatch_latency_us=0 elapsed_us=15021742
2026-03-25T16:00:59.145505Z  INFO ThreadId(21) command executed cmd=Heartbeat
2026-03-25T16:00:59.155299Z  INFO ThreadId(21) Task dispatched task="HealthMonitor" drift_us=29115
2026-03-25T16:00:59.227336Z  INFO ThreadId(21) Task dispatched task="ThermalControl" drift_us=1151
2026-03-25T16:00:59.227347Z  INFO ThreadId(09) sensor_read sensor="thermal" seq=150 value=29.218758129406464 drift_us=1215 jitter_us=613 latency_us=0 elapsed_us=15103611
2026-03-25T16:00:59.227463Z  INFO ThreadId(24) downlink_tx: sent tx_log_seq=255 sensor=Thermal sensor_seq=150 queue_latency_us=119 elapsed_us=15103628
2026-03-25T16:00:59.327240Z  INFO ThreadId(09) Task dispatched task="ThermalControl" drift_us=1051
2026-03-25T16:00:59.327283Z ERROR ThreadId(09) JITTER LIMIT VIOLATED (>1ms) sensor="power" jitter_us=1458
2026-03-25T16:00:59.327286Z  INFO ThreadId(09) sensor_read sensor="power" seq=75 value=2.8330597443182626 drift_us=1139 jitter_us=1458 latency_us=0 elapsed_us=15203553
2026-03-25T16:00:59.327291Z  INFO ThreadId(21) sensor_read sensor="thermal" seq=151 value=32.6286280554308 drift_us=1152 jitter_us=696 latency_us=0 elapsed_us=15203548
2026-03-25T16:00:59.377922Z  INFO ThreadId(22) downlink_tx: sent tx_log_seq=256 sensor=Power sensor_seq=75 queue_latency_us=50626 elapsed_us=15254068
2026-03-25T16:00:59.377948Z  INFO ThreadId(22) downlink_tx: sent tx_log_seq=257 sensor=Thermal sensor_seq=151 queue_latency_us=50671 elapsed_us=15254068
2026-03-25T16:00:59.427074Z  INFO ThreadId(09) Task dispatched task="ThermalControl" drift_us=889
2026-03-25T16:00:59.427082Z  INFO ThreadId(22) sensor_read sensor="thermal" seq=152 value=58.43493362022171 drift_us=951 jitter_us=138 latency_us=0 elapsed_us=15303347
2026-03-25T16:00:59.427215Z  INFO ThreadId(21) downlink_tx: sent tx_log_seq=258 sensor=Thermal sensor_seq=152 queue_latency_us=135 elapsed_us=15303362
2026-03-25T16:00:59.527857Z  INFO ThreadId(09) sensor_read sensor="thermal" seq=153 value=26.74615908875709 drift_us=1722 jitter_us=972 latency_us=0 elapsed_us=15404118
2026-03-25T16:00:59.527880Z  INFO ThreadId(21) Task dispatched task="ThermalControl" drift_us=1706
2026-03-25T16:00:59.527892Z ERROR ThreadId(09) JITTER LIMIT VIOLATED (>1ms) sensor="power" jitter_us=1347
2026-03-25T16:00:59.527895Z  INFO ThreadId(09) sensor_read sensor="power" seq=76 value=3.704867412236254 drift_us=1749 jitter_us=1347 latency_us=0 elapsed_us=15404163
2026-03-25T16:00:59.527956Z  INFO ThreadId(24) downlink_tx: sent tx_log_seq=259 sensor=Thermal sensor_seq=153 queue_latency_us=107 elapsed_us=15404133
2026-03-25T16:00:59.527974Z  INFO ThreadId(24) downlink_tx: sent tx_log_seq=260 sensor=Power sensor_seq=76 queue_latency_us=82 elapsed_us=15404133
2026-03-25T16:00:59.628137Z  INFO ThreadId(21) sensor_read sensor="thermal" seq=154 value=53.572712846274044 drift_us=1997 jitter_us=496 latency_us=0 elapsed_us=15504393
2026-03-25T16:00:59.628175Z  INFO ThreadId(21) Task dispatched task="ThermalControl" drift_us=2006
2026-03-25T16:00:59.628190Z  INFO ThreadId(09) sensor_read sensor="imu" seq=30 value=0.016366706427863018 drift_us=2014 jitter_us=772 latency_us=0 elapsed_us=15504439
2026-03-25T16:00:59.628263Z  INFO ThreadId(23) downlink_tx: sent tx_log_seq=261 sensor=Imu sensor_seq=30 queue_latency_us=90 elapsed_us=15504452
2026-03-25T16:00:59.628283Z  INFO ThreadId(23) downlink_tx: sent tx_log_seq=262 sensor=Thermal sensor_seq=154 queue_latency_us=160 elapsed_us=15504452
2026-03-25T16:00:59.634602Z  INFO ThreadId(21) Task dispatched task="DataCompress" drift_us=8420
2026-03-25T16:00:59.727211Z  INFO ThreadId(21) Task dispatched task="ThermalControl" drift_us=1020
2026-03-25T16:00:59.727232Z  WARN ThreadId(23) JITTER EXCEEDED 1ms limit sensor="thermal" jitter_us=1178 consecutive_miss=1 limit_us=1000 elapsed_us=15603490
2026-03-25T16:00:59.727251Z  INFO ThreadId(23) sensor_read sensor="thermal" seq=155 value=73.70207401378438 drift_us=1094 jitter_us=1178 latency_us=0 elapsed_us=15603490
2026-03-25T16:00:59.727297Z ERROR ThreadId(09) JITTER LIMIT VIOLATED (>1ms) sensor="power" jitter_us=1232
2026-03-25T16:00:59.727320Z  INFO ThreadId(09) sensor_read sensor="power" seq=77 value=1.8547384015868904 drift_us=1127 jitter_us=1232 latency_us=0 elapsed_us=15603541
2026-03-25T16:00:59.778353Z  INFO ThreadId(21) downlink_tx: sent tx_log_seq=263 sensor=Power sensor_seq=77 queue_latency_us=51069 elapsed_us=15654511
2026-03-25T16:00:59.778378Z  INFO ThreadId(21) downlink_tx: sent tx_log_seq=264 sensor=Thermal sensor_seq=155 queue_latency_us=51129 elapsed_us=15654511
2026-03-25T16:00:59.827874Z  WARN ThreadId(23) JITTER EXCEEDED 1ms limit sensor="thermal" jitter_us=1551 consecutive_miss=2 limit_us=1000 elapsed_us=15704138
2026-03-25T16:00:59.827877Z  INFO ThreadId(21) Task dispatched task="ThermalControl" drift_us=1693
2026-03-25T16:00:59.827904Z  INFO ThreadId(23) sensor_read sensor="thermal" seq=156 value=31.06940992271224 drift_us=1742 jitter_us=1551 latency_us=0 elapsed_us=15704138
2026-03-25T16:00:59.878321Z  INFO ThreadId(21) downlink_tx: sent tx_log_seq=265 sensor=Thermal sensor_seq=156 queue_latency_us=50405 elapsed_us=15754479
2026-03-25T16:00:59.927359Z  INFO ThreadId(09) Task dispatched task="ThermalControl" drift_us=1166
2026-03-25T16:00:59.927367Z  WARN ThreadId(21) JITTER EXCEEDED 1ms limit sensor="thermal" jitter_us=1163 consecutive_miss=3 limit_us=1000 elapsed_us=15803623
2026-03-25T16:00:59.927374Z  INFO ThreadId(23) sensor_read sensor="power" seq=78 value=2.7811152787859115 drift_us=1225 jitter_us=720 latency_us=1 elapsed_us=15803639
2026-03-25T16:00:59.927390Z  INFO ThreadId(21) sensor_read sensor="thermal" seq=157 value=34.94401711111517 drift_us=1227 jitter_us=1163 latency_us=0 elapsed_us=15803623
2026-03-25T16:00:59.927560Z  INFO ThreadId(09) downlink_tx: sent tx_log_seq=266 sensor=Power sensor_seq=78 queue_latency_us=188 elapsed_us=15803670
2026-03-25T16:00:59.927599Z  INFO ThreadId(09) downlink_tx: sent tx_log_seq=267 sensor=Thermal sensor_seq=157 queue_latency_us=208 elapsed_us=15803670
2026-03-25T16:01:00.027136Z  INFO ThreadId(23) Task dispatched task="ThermalControl" drift_us=946
2026-03-25T16:01:00.027173Z  INFO ThreadId(21) sensor_read sensor="thermal" seq=158 value=35.48180419746539 drift_us=1028 jitter_us=316 latency_us=0 elapsed_us=15903424
2026-03-25T16:01:00.027365Z  INFO ThreadId(22) downlink_tx: sent tx_log_seq=268 sensor=Thermal sensor_seq=158 queue_latency_us=200 elapsed_us=15903461
2026-03-25T16:01:00.128003Z  INFO ThreadId(23) sensor_read sensor="power" seq=79 value=4.655268635610677 drift_us=1848 jitter_us=525 latency_us=0 elapsed_us=16004262
2026-03-25T16:01:00.128032Z  INFO ThreadId(23) sensor_read sensor="imu" seq=31 value=0.039019697174272894 drift_us=1877 jitter_us=216 latency_us=0 elapsed_us=16004302
2026-03-25T16:01:00.128043Z  WARN ThreadId(23) JITTER EXCEEDED 1ms limit sensor="thermal" jitter_us=1090 consecutive_miss=1 limit_us=1000 elapsed_us=16004315
2026-03-25T16:01:00.128047Z  INFO ThreadId(23) sensor_read sensor="thermal" seq=159 value=24.792976462679984 drift_us=1919 jitter_us=1090 latency_us=0 elapsed_us=16004315
2026-03-25T16:01:00.128048Z  INFO ThreadId(22) Task dispatched task="ThermalControl" drift_us=1872
2026-03-25T16:01:00.128124Z  INFO ThreadId(09) downlink_tx: sent tx_log_seq=269 sensor=Power sensor_seq=79 queue_latency_us=128 elapsed_us=16004280
2026-03-25T16:01:00.128143Z  INFO ThreadId(09) downlink_tx: sent tx_log_seq=270 sensor=Imu sensor_seq=31 queue_latency_us=114 elapsed_us=16004280
2026-03-25T16:01:00.128154Z  INFO ThreadId(09) downlink_tx: sent tx_log_seq=271 sensor=Thermal sensor_seq=159 queue_latency_us=107 elapsed_us=16004280
2026-03-25T16:01:00.134368Z  INFO ThreadId(24) Task dispatched task="DataCompress" drift_us=8190
2026-03-25T16:01:00.155555Z  INFO ThreadId(24) Task dispatched task="HealthMonitor" drift_us=29370
2026-03-25T16:01:00.227035Z  INFO ThreadId(24) Task dispatched task="ThermalControl" drift_us=849
2026-03-25T16:01:00.227038Z  WARN ThreadId(09) JITTER EXCEEDED 1ms limit sensor="thermal" jitter_us=1901 consecutive_miss=2 limit_us=1000 elapsed_us=16103305
2026-03-25T16:01:00.227056Z  INFO ThreadId(09) sensor_read sensor="thermal" seq=160 value=30.6319440097244 drift_us=909 jitter_us=1901 latency_us=0 elapsed_us=16103305
2026-03-25T16:01:00.227227Z  INFO ThreadId(22) downlink_tx: sent tx_log_seq=272 sensor=Thermal sensor_seq=160 queue_latency_us=163 elapsed_us=16103339
2026-03-25T16:01:00.328403Z  WARN ThreadId(24) JITTER EXCEEDED 1ms limit sensor="thermal" jitter_us=2357 consecutive_miss=3 limit_us=1000 elapsed_us=16204652
2026-03-25T16:01:00.328441Z  INFO ThreadId(24) sensor_read sensor="thermal" seq=161 value=74.85811895337321 drift_us=2256 jitter_us=2357 latency_us=1 elapsed_us=16204652
2026-03-25T16:01:00.328460Z  INFO ThreadId(09) Task dispatched task="ThermalControl" drift_us=2269
2026-03-25T16:01:00.328504Z  INFO ThreadId(22) sensor_read sensor="power" seq=80 value=0.6896586223900264 drift_us=2345 jitter_us=126 latency_us=0 elapsed_us=16204759
2026-03-25T16:01:00.377143Z  INFO ThreadId(24) downlink_tx: sent tx_log_seq=273 sensor=Power sensor_seq=80 queue_latency_us=48642 elapsed_us=16253298
2026-03-25T16:01:00.377169Z  INFO ThreadId(24) downlink_tx: sent tx_log_seq=274 sensor=Thermal sensor_seq=161 queue_latency_us=48731 elapsed_us=16253298
2026-03-25T16:01:00.427179Z  INFO ThreadId(22) Task dispatched task="ThermalControl" drift_us=981
2026-03-25T16:01:00.427282Z  WARN ThreadId(24) JITTER EXCEEDED 1ms limit sensor="thermal" jitter_us=2488 consecutive_miss=4 limit_us=1000 elapsed_us=16303511
2026-03-25T16:01:00.427366Z  INFO ThreadId(24) sensor_read sensor="thermal" seq=162 value=48.1844000649282 drift_us=1115 jitter_us=2488 latency_us=0 elapsed_us=16303511
2026-03-25T16:01:00.477224Z  INFO ThreadId(22) downlink_tx: sent tx_log_seq=275 sensor=Thermal sensor_seq=162 queue_latency_us=49855 elapsed_us=16353380
2026-03-25T16:01:00.528241Z  WARN ThreadId(22) JITTER EXCEEDED 1ms limit sensor="thermal" jitter_us=2133 consecutive_miss=5 limit_us=1000 elapsed_us=16404503
2026-03-25T16:01:00.528264Z  INFO ThreadId(22) sensor_read sensor="thermal" seq=163 value=64.99867391225979 drift_us=2107 jitter_us=2133 latency_us=0 elapsed_us=16404503
2026-03-25T16:01:00.528279Z  INFO ThreadId(22) sensor_read sensor="power" seq=81 value=4.335655772218505 drift_us=2138 jitter_us=704 latency_us=0 elapsed_us=16404552
2026-03-25T16:01:00.528288Z  INFO ThreadId(22) Task dispatched task="ThermalControl" drift_us=2120
2026-03-25T16:01:00.528431Z  INFO ThreadId(24) downlink_tx: sent tx_log_seq=276 sensor=Power sensor_seq=81 queue_latency_us=149 elapsed_us=16404574
2026-03-25T16:01:00.528445Z  INFO ThreadId(24) downlink_tx: sent tx_log_seq=277 sensor=Thermal sensor_seq=163 queue_latency_us=183 elapsed_us=16404574
2026-03-25T16:01:00.628113Z  WARN ThreadId(24) JITTER EXCEEDED 1ms limit sensor="thermal" jitter_us=1129 consecutive_miss=6 limit_us=1000 elapsed_us=16504366
2026-03-25T16:01:00.628155Z  INFO ThreadId(24) sensor_read sensor="thermal" seq=164 value=68.25423531955121 drift_us=1970 jitter_us=1129 latency_us=0 elapsed_us=16504366
2026-03-25T16:01:00.628185Z  INFO ThreadId(24) Task dispatched task="ThermalControl" drift_us=2013
2026-03-25T16:01:00.628174Z  INFO ThreadId(09) sensor_read sensor="imu" seq=32 value=0.07261946123265611 drift_us=1994 jitter_us=254 latency_us=1 elapsed_us=16504419
2026-03-25T16:01:00.628410Z  INFO ThreadId(21) downlink_tx: sent tx_log_seq=278 sensor=Imu sensor_seq=32 queue_latency_us=254 elapsed_us=16504457
2026-03-25T16:01:00.628440Z  INFO ThreadId(21) downlink_tx: sent tx_log_seq=279 sensor=Thermal sensor_seq=164 queue_latency_us=289 elapsed_us=16504457
2026-03-25T16:01:00.634650Z  INFO ThreadId(24) Task dispatched task="DataCompress" drift_us=8471
2026-03-25T16:01:00.728298Z  INFO ThreadId(21) sensor_read sensor="thermal" seq=165 value=29.457842976261574 drift_us=2154 jitter_us=321 latency_us=0 elapsed_us=16604550
2026-03-25T16:01:00.728362Z  INFO ThreadId(09) sensor_read sensor="power" seq=82 value=3.6000170027921423 drift_us=2196 jitter_us=265 latency_us=0 elapsed_us=16604610
2026-03-25T16:01:00.728406Z  INFO ThreadId(23) Task dispatched task="ThermalControl" drift_us=2223
2026-03-25T16:01:00.728485Z  INFO ThreadId(21) downlink_tx: sent tx_log_seq=280 sensor=Power sensor_seq=82 queue_latency_us=143 elapsed_us=16604625
2026-03-25T16:01:00.728515Z  INFO ThreadId(21) downlink_tx: sent tx_log_seq=281 sensor=Thermal sensor_seq=165 queue_latency_us=234 elapsed_us=16604625
2026-03-25T16:01:00.828245Z  INFO ThreadId(23) Task dispatched task="ThermalControl" drift_us=2055
2026-03-25T16:01:00.828238Z  INFO ThreadId(09) sensor_read sensor="thermal" seq=166 value=45.30208127174027 drift_us=2096 jitter_us=242 latency_us=1 elapsed_us=16704492
2026-03-25T16:01:00.878433Z  INFO ThreadId(23) downlink_tx: sent tx_log_seq=282 sensor=Thermal sensor_seq=166 queue_latency_us=50199 elapsed_us=16754607
2026-03-25T16:01:00.928569Z  INFO ThreadId(23) sensor_read sensor="thermal" seq=167 value=30.80973653372107 drift_us=2418 jitter_us=380 latency_us=1 elapsed_us=16804814
2026-03-25T16:01:00.928626Z  INFO ThreadId(23) sensor_read sensor="power" seq=83 value=4.529194994724009 drift_us=2482 jitter_us=228 latency_us=0 elapsed_us=16804896
2026-03-25T16:01:00.928676Z  INFO ThreadId(21) Task dispatched task="ThermalControl" drift_us=2489
2026-03-25T16:01:00.928773Z  INFO ThreadId(09) downlink_tx: sent tx_log_seq=283 sensor=Thermal sensor_seq=167 queue_latency_us=219 elapsed_us=16804873
2026-03-25T16:01:00.928819Z  INFO ThreadId(09) downlink_tx: sent tx_log_seq=284 sensor=Power sensor_seq=83 queue_latency_us=193 elapsed_us=16804873
2026-03-25T16:01:01.028020Z  INFO ThreadId(09) Task dispatched task="ThermalControl" drift_us=1833
2026-03-25T16:01:01.028030Z  INFO ThreadId(21) sensor_read sensor="thermal" seq=168 value=29.006772909624242 drift_us=1894 jitter_us=846 latency_us=0 elapsed_us=16904290
2026-03-25T16:01:01.077255Z  INFO ThreadId(24) downlink_tx: sent tx_log_seq=285 sensor=Thermal sensor_seq=168 queue_latency_us=49221 elapsed_us=16953392
2026-03-25T16:01:01.128338Z  INFO ThreadId(24) sensor_read sensor="power" seq=84 value=3.6074451072487057 drift_us=2180 jitter_us=588 latency_us=0 elapsed_us=17004594
2026-03-25T16:01:01.128387Z  INFO ThreadId(24) sensor_read sensor="imu" seq=33 value=0.05663277027958885 drift_us=2232 jitter_us=121 latency_us=0 elapsed_us=17004657
2026-03-25T16:01:01.128387Z  INFO ThreadId(23) Task dispatched task="ThermalControl" drift_us=2207
2026-03-25T16:01:01.128402Z  INFO ThreadId(24) sensor_read sensor="thermal" seq=169 value=41.44915705574152 drift_us=2277 jitter_us=907 latency_us=0 elapsed_us=17004673
2026-03-25T16:01:01.128498Z  INFO ThreadId(09) downlink_tx: sent tx_log_seq=286 sensor=Power sensor_seq=84 queue_latency_us=167 elapsed_us=17004621
2026-03-25T16:01:01.128534Z  INFO ThreadId(09) downlink_tx: sent tx_log_seq=287 sensor=Imu sensor_seq=33 queue_latency_us=148 elapsed_us=17004621
2026-03-25T16:01:01.128553Z  INFO ThreadId(09) downlink_tx: sent tx_log_seq=288 sensor=Thermal sensor_seq=169 queue_latency_us=152 elapsed_us=17004621
2026-03-25T16:01:01.134612Z  INFO ThreadId(23) Task dispatched task="DataCompress" drift_us=8430
2026-03-25T16:01:01.155433Z  INFO ThreadId(23) Task dispatched task="HealthMonitor" drift_us=29249
2026-03-25T16:01:01.228340Z  INFO ThreadId(09) sensor_read sensor="thermal" seq=170 value=32.68405538630172 drift_us=2204 jitter_us=456 latency_us=0 elapsed_us=17104600
2026-03-25T16:01:01.228365Z  INFO ThreadId(22) Task dispatched task="ThermalControl" drift_us=2189
2026-03-25T16:01:01.278067Z  INFO ThreadId(09) downlink_tx: sent tx_log_seq=289 sensor=Thermal sensor_seq=170 queue_latency_us=49723 elapsed_us=17154202
2026-03-25T16:01:01.328380Z  INFO ThreadId(09) sensor_read sensor="thermal" seq=171 value=79.62140071732723 drift_us=2234 jitter_us=103 latency_us=0 elapsed_us=17204630
2026-03-25T16:01:01.328402Z  INFO ThreadId(23) Task dispatched task="ThermalControl" drift_us=2229
2026-03-25T16:01:01.328418Z  INFO ThreadId(23) sensor_read sensor="power" seq=85 value=3.4821749673551494 drift_us=2277 jitter_us=399 latency_us=0 elapsed_us=17204691
2026-03-25T16:01:01.328523Z  INFO ThreadId(24) downlink_tx: sent tx_log_seq=290 sensor=Thermal sensor_seq=171 queue_latency_us=147 elapsed_us=17204658
2026-03-25T16:01:01.328556Z  INFO ThreadId(24) downlink_tx: sent tx_log_seq=291 sensor=Power sensor_seq=85 queue_latency_us=136 elapsed_us=17204658
2026-03-25T16:01:01.428480Z  INFO ThreadId(09) Task dispatched task="ThermalControl" drift_us=2307
2026-03-25T16:01:01.428471Z  INFO ThreadId(21) sensor_read sensor="thermal" seq=172 value=24.404994199268533 drift_us=2333 jitter_us=69 latency_us=0 elapsed_us=17304729
2026-03-25T16:01:01.477123Z  INFO ThreadId(23) downlink_tx: sent tx_log_seq=292 sensor=Thermal sensor_seq=172 queue_latency_us=48652 elapsed_us=17353289
2026-03-25T16:01:01.527016Z  INFO ThreadId(21) Task dispatched task="ThermalControl" drift_us=828
2026-03-25T16:01:01.527065Z ERROR ThreadId(21) JITTER LIMIT VIOLATED (>1ms) sensor="power" jitter_us=1453
2026-03-25T16:01:01.527070Z  INFO ThreadId(21) sensor_read sensor="power" seq=86 value=2.09954783692047 drift_us=921 jitter_us=1453 latency_us=1 elapsed_us=17403335
2026-03-25T16:01:01.527097Z  WARN ThreadId(23) JITTER EXCEEDED 1ms limit sensor="thermal" jitter_us=1486 consecutive_miss=1 limit_us=1000 elapsed_us=17403342
2026-03-25T16:01:01.527133Z  INFO ThreadId(23) sensor_read sensor="thermal" seq=173 value=62.88564309504434 drift_us=946 jitter_us=1486 latency_us=0 elapsed_us=17403342
2026-03-25T16:01:01.577249Z  INFO ThreadId(09) downlink_tx: sent tx_log_seq=293 sensor=Power sensor_seq=86 queue_latency_us=50173 elapsed_us=17453397
2026-03-25T16:01:01.577276Z  INFO ThreadId(09) downlink_tx: sent tx_log_seq=294 sensor=Thermal sensor_seq=173 queue_latency_us=50146 elapsed_us=17453397
2026-03-25T16:01:01.627043Z  INFO ThreadId(21) Task dispatched task="ThermalControl" drift_us=857
2026-03-25T16:01:01.627050Z  WARN ThreadId(09) JITTER EXCEEDED 1ms limit sensor="thermal" jitter_us=1361 consecutive_miss=2 limit_us=1000 elapsed_us=17503316
2026-03-25T16:01:01.627062Z  INFO ThreadId(09) sensor_read sensor="thermal" seq=174 value=33.370721945898225 drift_us=920 jitter_us=1361 latency_us=1 elapsed_us=17503316
2026-03-25T16:01:01.627067Z ERROR ThreadId(21) JITTER LIMIT VIOLATED (>1ms) sensor="imu" jitter_us=1558
2026-03-25T16:01:01.627068Z  INFO ThreadId(21) sensor_read sensor="imu" seq=34 value=0.08789253549606602 drift_us=912 jitter_us=1558 latency_us=0 elapsed_us=17503337
2026-03-25T16:01:01.627171Z  INFO ThreadId(23) downlink_tx: sent tx_log_seq=295 sensor=Thermal sensor_seq=174 queue_latency_us=106 elapsed_us=17503335
2026-03-25T16:01:01.627187Z  INFO ThreadId(23) downlink_tx: sent tx_log_seq=296 sensor=Imu sensor_seq=34 queue_latency_us=121 elapsed_us=17503335
2026-03-25T16:01:01.633666Z  INFO ThreadId(22) Task dispatched task="DataCompress" drift_us=7472
2026-03-25T16:01:01.726913Z  INFO ThreadId(22) Task dispatched task="ThermalControl" drift_us=720
2026-03-25T16:01:01.726920Z  INFO ThreadId(21) sensor_read sensor="thermal" seq=175 value=37.112973813142176 drift_us=778 jitter_us=116 latency_us=0 elapsed_us=17603174
2026-03-25T16:01:01.726972Z ERROR ThreadId(09) JITTER LIMIT VIOLATED (>1ms) sensor="power" jitter_us=1249
2026-03-25T16:01:01.726991Z  INFO ThreadId(09) sensor_read sensor="power" seq=87 value=2.889888429548769 drift_us=814 jitter_us=1249 latency_us=0 elapsed_us=17603228
2026-03-25T16:01:01.727049Z  INFO ThreadId(21) downlink_tx: sent tx_log_seq=297 sensor=Thermal sensor_seq=175 queue_latency_us=144 elapsed_us=17603222
2026-03-25T16:01:01.727062Z  INFO ThreadId(21) downlink_tx: sent tx_log_seq=298 sensor=Power sensor_seq=87 queue_latency_us=104 elapsed_us=17603222
2026-03-25T16:01:01.827923Z  WARN ThreadId(23) JITTER EXCEEDED 1ms limit sensor="thermal" jitter_us=1154 consecutive_miss=1 limit_us=1000 elapsed_us=17704186
2026-03-25T16:01:01.827923Z  INFO ThreadId(09) Task dispatched task="ThermalControl" drift_us=1750
2026-03-25T16:01:01.827945Z  INFO ThreadId(23) sensor_read sensor="thermal" seq=176 value=31.550812709978135 drift_us=1790 jitter_us=1154 latency_us=0 elapsed_us=17704186
2026-03-25T16:01:01.877024Z  INFO ThreadId(21) downlink_tx: sent tx_log_seq=299 sensor=Thermal sensor_seq=176 queue_latency_us=49068 elapsed_us=17753192
2026-03-25T16:01:01.927342Z  INFO ThreadId(23) Task dispatched task="ThermalControl" drift_us=1152
2026-03-25T16:01:01.927380Z  INFO ThreadId(23) sensor_read sensor="power" seq=88 value=4.2555128577542085 drift_us=1236 jitter_us=529 latency_us=0 elapsed_us=17803650
2026-03-25T16:01:01.927389Z  WARN ThreadId(21) JITTER EXCEEDED 1ms limit sensor="thermal" jitter_us=1540 consecutive_miss=2 limit_us=1000 elapsed_us=17803658
2026-03-25T16:01:01.927399Z  INFO ThreadId(21) sensor_read sensor="thermal" seq=177 value=34.50069392670959 drift_us=1262 jitter_us=1540 latency_us=0 elapsed_us=17803658
2026-03-25T16:01:01.977116Z  INFO ThreadId(09) downlink_tx: sent tx_log_seq=300 sensor=Power sensor_seq=88 queue_latency_us=49723 elapsed_us=17853265
2026-03-25T16:01:01.977144Z  INFO ThreadId(09) downlink_tx: sent tx_log_seq=301 sensor=Thermal sensor_seq=177 queue_latency_us=49746 elapsed_us=17853265
2026-03-25T16:01:02.027499Z  INFO ThreadId(23) Task dispatched task="ThermalControl" drift_us=1313
2026-03-25T16:01:02.027506Z  INFO ThreadId(09) sensor_read sensor="thermal" seq=178 value=33.98218824967729 drift_us=1375 jitter_us=641 latency_us=0 elapsed_us=17903771
2026-03-25T16:01:02.027624Z  INFO ThreadId(21) downlink_tx: sent tx_log_seq=302 sensor=Thermal sensor_seq=178 queue_latency_us=121 elapsed_us=17903785
2026-03-25T16:01:02.127027Z  INFO ThreadId(23) Task dispatched task="ThermalControl" drift_us=836
2026-03-25T16:01:02.127063Z  INFO ThreadId(23) sensor_read sensor="thermal" seq=179 value=75.94546667322058 drift_us=934 jitter_us=554 latency_us=0 elapsed_us=18003330
2026-03-25T16:01:02.127063Z  INFO ThreadId(01) Simulation timer expired. Shutting down.
2026-03-25T16:01:02.127084Z  INFO ThreadId(23) thermal_sensor: cancelled
2026-03-25T16:01:02.127090Z  INFO ThreadId(23) thermal_sensor final jitter stats sensor="thermal" p50=638 p99=2489 max=2509
2026-03-25T16:01:02.127095Z  INFO ThreadId(22) sensor_read sensor="power" seq=89 value=4.911412539841143 drift_us=937 jitter_us=721 latency_us=0 elapsed_us=18003351
2026-03-25T16:01:02.127130Z  INFO ThreadId(23) downlink_tx final queue latency stats p50=163 p99=51007
2026-03-25T16:01:02.127183Z ERROR ThreadId(09) JITTER LIMIT VIOLATED (>1ms) sensor="imu" jitter_us=1421
2026-03-25T16:01:02.127202Z  INFO ThreadId(09) sensor_read sensor="imu" seq=35 value=0.025139922412254656 drift_us=1013 jitter_us=1421 latency_us=1 elapsed_us=18003438
2026-03-25T16:01:02.133192Z  INFO ThreadId(24) Task dispatched task="DataCompress" drift_us=7008
2026-03-25T16:01:02.154416Z  INFO ThreadId(23) Task dispatched task="HealthMonitor" drift_us=28232
2026-03-25T16:01:04.311801Z  WARN ThreadId(23) FAULT INJECTED fault=CorruptedData severity=2 elapsed_us=20187989
2026-03-25T16:01:04.311826Z  INFO ThreadId(23) satellite state → Fault (fault injection) fault=CorruptedData elapsed_us=20187989
2026-03-25T16:01:04.464433Z  INFO ThreadId(23) fault_pkt sent to GCS — awaiting ResetSensor command elapsed_us=20340682
2026-03-25T16:01:04.464477Z  INFO ThreadId(23) FAULT RECOVERED — satellite state → Nominal recovery_ms=0 elapsed_us=20340748
2026-03-25T16:01:14.478838Z  WARN ThreadId(23) FAULT INJECTED fault=DelayedSensor severity=2 elapsed_us=30355093
2026-03-25T16:01:14.530678Z  INFO ThreadId(23) fault_pkt sent to GCS — awaiting ResetSensor command elapsed_us=30406933
2026-03-25T16:01:14.732103Z ERROR ThreadId(23) RECOVERY EXCEEDED 200ms — MISSION ABORT recovery_ms=201 elapsed_us=30608362 limit_ms=200
2026-03-25T16:01:15.734351Z  INFO ThreadId(23) Circuit is OPEN (MissionAbort) - stopping fault injector
2026-03-25T16:01:15.734386Z  INFO ThreadId(23) fault_injector final stats total_faults=3 total_recoveries=2 max_recovery_ms=201
2026-03-25T16:01:15.734534Z  INFO ThreadId(01) === SATELLITE SIMULATION COMPLETE === total_thermal_packets=303 total_dropped_packets=0 peak_buffer_fill=3 thermal_jitter_p50_us=638 thermal_jitter_p99_us=2489 thermal_jitter_max_us=2509 downlink_queue_latency_p50_us=163 downlink_queue_latency_p99_us=51007 rms_thermal_violations=0 rms_compress_violations=0 rms_health_violations=0 cpu_util_pct=13.247452514881388 total_faults_injected=3 max_recovery_ms=201 mission_aborts=1
2026-03-25T16:07:08.557206Z  INFO ThreadId(01) Starting Satellite OCS Simulation (TCP MODE)
2026-03-25T16:07:08.557233Z  INFO ThreadId(01) Connecting to Ground Control at 127.0.0.1:8888...
2026-03-25T16:07:08.558712Z  INFO ThreadId(01) Connected to Ground Control Station.
2026-03-25T16:07:08.568875Z  INFO ThreadId(02) uplink_rx: received cmd=Heartbeat seq=0 dispatch_latency_us=0 elapsed_us=12473
2026-03-25T16:07:08.568898Z  INFO ThreadId(02) command executed cmd=Heartbeat
2026-03-25T16:07:08.660547Z  INFO ThreadId(10) Task dispatched task="ThermalControl" drift_us=1687
2026-03-25T16:07:08.660722Z  INFO ThreadId(21) sensor_read sensor="thermal" seq=0 value=24.2503047030463 drift_us=1713 jitter_us=0 latency_us=0 elapsed_us=104153
2026-03-25T16:07:08.710701Z  INFO ThreadId(24) downlink_tx: sent tx_log_seq=0 sensor=Thermal sensor_seq=0 queue_latency_us=49969 elapsed_us=154144
2026-03-25T16:07:08.760365Z  INFO ThreadId(21) Task dispatched task="ThermalControl" drift_us=1516
2026-03-25T16:07:08.760401Z  INFO ThreadId(24) sensor_read sensor="thermal" seq=1 value=27.936049310155898 drift_us=1542 jitter_us=171 latency_us=0 elapsed_us=203982
2026-03-25T16:07:08.760400Z  INFO ThreadId(02) sensor_read sensor="power" seq=0 value=2.4308837587196193 drift_us=1581 jitter_us=0 latency_us=0 elapsed_us=204012
2026-03-25T16:07:08.810567Z  INFO ThreadId(10) downlink_tx: sent tx_log_seq=1 sensor=Power sensor_seq=0 queue_latency_us=50151 elapsed_us=253964
2026-03-25T16:07:08.810627Z  INFO ThreadId(10) downlink_tx: sent tx_log_seq=2 sensor=Thermal sensor_seq=1 queue_latency_us=50230 elapsed_us=253964
2026-03-25T16:07:08.860332Z  INFO ThreadId(02) Task dispatched task="ThermalControl" drift_us=1485
2026-03-25T16:07:08.860355Z  INFO ThreadId(02) sensor_read sensor="thermal" seq=2 value=77.08358206642677 drift_us=1531 jitter_us=160 latency_us=0 elapsed_us=303971
2026-03-25T16:07:08.860462Z  INFO ThreadId(02) downlink_tx: sent tx_log_seq=3 sensor=Thermal sensor_seq=2 queue_latency_us=108 elapsed_us=303987
2026-03-25T16:07:08.960355Z  INFO ThreadId(10) Task dispatched task="ThermalControl" drift_us=1500
2026-03-25T16:07:08.960391Z  INFO ThreadId(02) sensor_read sensor="thermal" seq=3 value=62.96262352739947 drift_us=1544 jitter_us=24 latency_us=0 elapsed_us=403984
2026-03-25T16:07:08.960451Z  INFO ThreadId(24) sensor_read sensor="power" seq=1 value=3.1741977243591366 drift_us=1623 jitter_us=42 latency_us=0 elapsed_us=404054
2026-03-25T16:07:08.960578Z  INFO ThreadId(25) downlink_tx: sent tx_log_seq=4 sensor=Thermal sensor_seq=3 queue_latency_us=206 elapsed_us=404005
2026-03-25T16:07:08.960605Z  INFO ThreadId(25) downlink_tx: sent tx_log_seq=5 sensor=Power sensor_seq=1 queue_latency_us=167 elapsed_us=404005
2026-03-25T16:07:09.060753Z  INFO ThreadId(25) sensor_read sensor="thermal" seq=4 value=37.78368388303498 drift_us=1894 jitter_us=337 latency_us=1 elapsed_us=504334
2026-03-25T16:07:09.060774Z  INFO ThreadId(24) sensor_read sensor="imu" seq=0 value=0.039218867827957166 drift_us=1924 jitter_us=0 latency_us=0 elapsed_us=504369
2026-03-25T16:07:09.060805Z  INFO ThreadId(25) Task dispatched task="ThermalControl" drift_us=1972
2026-03-25T16:07:09.061019Z  INFO ThreadId(21) downlink_tx: sent tx_log_seq=6 sensor=Imu sensor_seq=0 queue_latency_us=252 elapsed_us=504433
2026-03-25T16:07:09.061068Z  INFO ThreadId(21) downlink_tx: sent tx_log_seq=7 sensor=Thermal sensor_seq=4 queue_latency_us=334 elapsed_us=504433
2026-03-25T16:07:09.066649Z  INFO ThreadId(24) Task dispatched task="DataCompress" drift_us=7806
2026-03-25T16:07:09.160248Z  INFO ThreadId(21) Task dispatched task="ThermalControl" drift_us=1400
2026-03-25T16:07:09.160282Z  INFO ThreadId(24) sensor_read sensor="thermal" seq=5 value=79.23152294443813 drift_us=1445 jitter_us=799 latency_us=0 elapsed_us=603885
2026-03-25T16:07:09.160313Z  INFO ThreadId(24) sensor_read sensor="power" seq=2 value=1.6194473717190248 drift_us=1461 jitter_us=204 latency_us=0 elapsed_us=603892
2026-03-25T16:07:09.160477Z  INFO ThreadId(24) downlink_tx: sent tx_log_seq=8 sensor=Power sensor_seq=2 queue_latency_us=203 elapsed_us=603888
2026-03-25T16:07:09.160494Z  INFO ThreadId(24) downlink_tx: sent tx_log_seq=9 sensor=Thermal sensor_seq=5 queue_latency_us=226 elapsed_us=603888
2026-03-25T16:07:09.259697Z  INFO ThreadId(10) Task dispatched task="ThermalControl" drift_us=842
2026-03-25T16:07:09.259718Z  INFO ThreadId(21) sensor_read sensor="thermal" seq=6 value=22.449139567219532 drift_us=877 jitter_us=119 latency_us=0 elapsed_us=703317
2026-03-25T16:07:09.259899Z  INFO ThreadId(24) downlink_tx: sent tx_log_seq=10 sensor=Thermal sensor_seq=6 queue_latency_us=189 elapsed_us=703356
2026-03-25T16:07:09.360663Z  WARN ThreadId(21) JITTER EXCEEDED 1ms limit sensor="thermal" jitter_us=1503 consecutive_miss=1 limit_us=1000 elapsed_us=804252
2026-03-25T16:07:09.360669Z  INFO ThreadId(25) sensor_read sensor="power" seq=3 value=4.659101084787171 drift_us=1848 jitter_us=549 latency_us=0 elapsed_us=804279
2026-03-25T16:07:09.360696Z  INFO ThreadId(21) sensor_read sensor="thermal" seq=7 value=75.13210005884262 drift_us=1812 jitter_us=1503 latency_us=0 elapsed_us=804252
2026-03-25T16:07:09.360705Z  INFO ThreadId(24) Task dispatched task="ThermalControl" drift_us=1860
2026-03-25T16:07:09.410306Z  INFO ThreadId(25) downlink_tx: sent tx_log_seq=11 sensor=Power sensor_seq=3 queue_latency_us=49630 elapsed_us=853781
2026-03-25T16:07:09.410343Z  INFO ThreadId(25) downlink_tx: sent tx_log_seq=12 sensor=Thermal sensor_seq=7 queue_latency_us=49650 elapsed_us=853781
2026-03-25T16:07:09.460673Z  INFO ThreadId(25) sensor_read sensor="thermal" seq=8 value=31.87799157896699 drift_us=1833 jitter_us=914 latency_us=0 elapsed_us=904273
2026-03-25T16:07:09.460726Z  INFO ThreadId(21) Task dispatched task="ThermalControl" drift_us=1870
2026-03-25T16:07:09.510520Z  INFO ThreadId(02) downlink_tx: sent tx_log_seq=13 sensor=Thermal sensor_seq=8 queue_latency_us=49846 elapsed_us=953940
2026-03-25T16:07:09.560785Z  INFO ThreadId(24) Task dispatched task="ThermalControl" drift_us=1935
2026-03-25T16:07:09.560783Z  INFO ThreadId(02) sensor_read sensor="thermal" seq=9 value=55.31111168258788 drift_us=1937 jitter_us=83 latency_us=1 elapsed_us=1004377
2026-03-25T16:07:09.560854Z  INFO ThreadId(24) sensor_read sensor="power" seq=4 value=2.055505322610179 drift_us=2037 jitter_us=198 latency_us=1 elapsed_us=1004468
2026-03-25T16:07:09.560853Z  INFO ThreadId(25) sensor_read sensor="imu" seq=1 value=-0.08449183880469487 drift_us=1995 jitter_us=71 latency_us=0 elapsed_us=1004440
2026-03-25T16:07:09.561101Z  INFO ThreadId(02) downlink_tx: sent tx_log_seq=14 sensor=Imu sensor_seq=1 queue_latency_us=268 elapsed_us=1004442
2026-03-25T16:07:09.561247Z  INFO ThreadId(02) downlink_tx: sent tx_log_seq=15 sensor=Power sensor_seq=4 queue_latency_us=394 elapsed_us=1004442
2026-03-25T16:07:09.561276Z  INFO ThreadId(02) downlink_tx: sent tx_log_seq=16 sensor=Thermal sensor_seq=9 queue_latency_us=513 elapsed_us=1004442
2026-03-25T16:07:09.567169Z  INFO ThreadId(10) Task dispatched task="DataCompress" drift_us=8329
2026-03-25T16:07:09.588308Z  INFO ThreadId(10) Task dispatched task="HealthMonitor" drift_us=29462
2026-03-25T16:07:09.660393Z  INFO ThreadId(10) Task dispatched task="ThermalControl" drift_us=1544
2026-03-25T16:07:09.660450Z  INFO ThreadId(02) sensor_read sensor="thermal" seq=10 value=72.2726138542638 drift_us=1609 jitter_us=432 latency_us=0 elapsed_us=1104049
2026-03-25T16:07:09.710368Z  INFO ThreadId(25) downlink_tx: sent tx_log_seq=17 sensor=Thermal sensor_seq=10 queue_latency_us=49918 elapsed_us=1153848
2026-03-25T16:07:09.760277Z  INFO ThreadId(02) Task dispatched task="ThermalControl" drift_us=1429
2026-03-25T16:07:09.760282Z  INFO ThreadId(25) sensor_read sensor="thermal" seq=11 value=49.02732112827229 drift_us=1454 jitter_us=173 latency_us=1 elapsed_us=1203894
2026-03-25T16:07:09.760315Z  INFO ThreadId(10) sensor_read sensor="power" seq=5 value=2.2187425671334777 drift_us=1481 jitter_us=745 latency_us=0 elapsed_us=1203912
2026-03-25T16:07:09.760439Z  INFO ThreadId(24) downlink_tx: sent tx_log_seq=18 sensor=Power sensor_seq=5 queue_latency_us=120 elapsed_us=1203928
2026-03-25T16:07:09.760484Z  INFO ThreadId(24) downlink_tx: sent tx_log_seq=19 sensor=Thermal sensor_seq=11 queue_latency_us=204 elapsed_us=1203928
2026-03-25T16:07:09.859485Z  INFO ThreadId(25) Task dispatched task="ThermalControl" drift_us=636
2026-03-25T16:07:09.859494Z  INFO ThreadId(21) sensor_read sensor="thermal" seq=12 value=31.045762005467846 drift_us=664 jitter_us=635 latency_us=0 elapsed_us=1303104
2026-03-25T16:07:09.859614Z  INFO ThreadId(10) downlink_tx: sent tx_log_seq=20 sensor=Thermal sensor_seq=12 queue_latency_us=122 elapsed_us=1303119
2026-03-25T16:07:09.960306Z  INFO ThreadId(02) Task dispatched task="ThermalControl" drift_us=1457
2026-03-25T16:07:09.960310Z  WARN ThreadId(25) JITTER EXCEEDED 1ms limit sensor="thermal" jitter_us=1609 consecutive_miss=1 limit_us=1000 elapsed_us=1403923
2026-03-25T16:07:09.960325Z  INFO ThreadId(25) sensor_read sensor="thermal" seq=13 value=52.4242093002632 drift_us=1483 jitter_us=1609 latency_us=0 elapsed_us=1403923
2026-03-25T16:07:09.960333Z  INFO ThreadId(21) sensor_read sensor="power" seq=6 value=0.863412268464443 drift_us=1509 jitter_us=584 latency_us=1 elapsed_us=1403940
2026-03-25T16:07:09.960426Z  INFO ThreadId(02) downlink_tx: sent tx_log_seq=21 sensor=Power sensor_seq=6 queue_latency_us=103 elapsed_us=1403945
2026-03-25T16:07:09.960439Z  INFO ThreadId(02) downlink_tx: sent tx_log_seq=22 sensor=Thermal sensor_seq=13 queue_latency_us=115 elapsed_us=1403945
2026-03-25T16:07:10.060542Z  INFO ThreadId(10) sensor_read sensor="thermal" seq=14 value=26.357295981152372 drift_us=1708 jitter_us=594 latency_us=1 elapsed_us=1504148
2026-03-25T16:07:10.060628Z  INFO ThreadId(21) sensor_read sensor="imu" seq=2 value=-0.061906545343559084 drift_us=1773 jitter_us=293 latency_us=0 elapsed_us=1504218
2026-03-25T16:07:10.060679Z  INFO ThreadId(10) downlink_tx: sent tx_log_seq=23 sensor=Thermal sensor_seq=14 queue_latency_us=146 elapsed_us=1504197
2026-03-25T16:07:10.060680Z  INFO ThreadId(02) Task dispatched task="ThermalControl" drift_us=1835
2026-03-25T16:07:10.060692Z  INFO ThreadId(10) downlink_tx: sent tx_log_seq=24 sensor=Imu sensor_seq=2 queue_latency_us=89 elapsed_us=1504197
2026-03-25T16:07:10.067200Z  INFO ThreadId(21) Task dispatched task="DataCompress" drift_us=8355
2026-03-25T16:07:10.160282Z  INFO ThreadId(02) Task dispatched task="ThermalControl" drift_us=1433
2026-03-25T16:07:10.160289Z  INFO ThreadId(21) sensor_read sensor="thermal" seq=15 value=21.634408952890027 drift_us=1460 jitter_us=473 latency_us=1 elapsed_us=1603900
2026-03-25T16:07:10.160304Z  INFO ThreadId(10) sensor_read sensor="power" seq=7 value=2.374989607609761 drift_us=1488 jitter_us=49 latency_us=0 elapsed_us=1603919
2026-03-25T16:07:10.160412Z  INFO ThreadId(21) downlink_tx: sent tx_log_seq=25 sensor=Power sensor_seq=7 queue_latency_us=110 elapsed_us=1603922
2026-03-25T16:07:10.160428Z  INFO ThreadId(21) downlink_tx: sent tx_log_seq=26 sensor=Thermal sensor_seq=15 queue_latency_us=144 elapsed_us=1603922
2026-03-25T16:07:10.260396Z  INFO ThreadId(10) Task dispatched task="ThermalControl" drift_us=1547
2026-03-25T16:07:10.260422Z  INFO ThreadId(10) sensor_read sensor="thermal" seq=16 value=63.02585220016758 drift_us=1597 jitter_us=385 latency_us=0 elapsed_us=1704037
2026-03-25T16:07:10.260661Z  INFO ThreadId(02) downlink_tx: sent tx_log_seq=27 sensor=Thermal sensor_seq=16 queue_latency_us=219 elapsed_us=1704072
2026-03-25T16:07:10.360386Z  INFO ThreadId(24) Task dispatched task="ThermalControl" drift_us=1536
2026-03-25T16:07:10.360391Z  INFO ThreadId(10) sensor_read sensor="thermal" seq=17 value=63.44845620597738 drift_us=1563 jitter_us=171 latency_us=0 elapsed_us=1804003
2026-03-25T16:07:10.360403Z  INFO ThreadId(02) sensor_read sensor="power" seq=8 value=4.543680458102239 drift_us=1586 jitter_us=119 latency_us=0 elapsed_us=1804017
2026-03-25T16:07:10.360523Z  INFO ThreadId(21) downlink_tx: sent tx_log_seq=28 sensor=Power sensor_seq=8 queue_latency_us=121 elapsed_us=1804033
2026-03-25T16:07:10.360541Z  INFO ThreadId(21) downlink_tx: sent tx_log_seq=29 sensor=Thermal sensor_seq=17 queue_latency_us=155 elapsed_us=1804033
2026-03-25T16:07:10.460353Z  INFO ThreadId(21) Task dispatched task="ThermalControl" drift_us=1504
2026-03-25T16:07:10.460359Z  INFO ThreadId(25) sensor_read sensor="thermal" seq=18 value=20.295048322749857 drift_us=1530 jitter_us=1 latency_us=1 elapsed_us=1903970
2026-03-25T16:07:10.460475Z  INFO ThreadId(24) downlink_tx: sent tx_log_seq=30 sensor=Thermal sensor_seq=18 queue_latency_us=118 elapsed_us=1903986
2026-03-25T16:07:10.560746Z  INFO ThreadId(24) sensor_read sensor="power" seq=9 value=4.507439307643443 drift_us=1921 jitter_us=237 latency_us=0 elapsed_us=2004352
2026-03-25T16:07:10.560769Z  INFO ThreadId(25) Task dispatched task="ThermalControl" drift_us=1933
2026-03-25T16:07:10.560773Z  INFO ThreadId(24) sensor_read sensor="imu" seq=3 value=0.06723501139254182 drift_us=1945 jitter_us=394 latency_us=0 elapsed_us=2004390
2026-03-25T16:07:10.560780Z  INFO ThreadId(25) sensor_read sensor="thermal" seq=19 value=37.56106915204954 drift_us=1957 jitter_us=460 latency_us=0 elapsed_us=2004397
2026-03-25T16:07:10.560865Z  INFO ThreadId(02) downlink_tx: sent tx_log_seq=31 sensor=Power sensor_seq=9 queue_latency_us=126 elapsed_us=2004371
2026-03-25T16:07:10.560883Z  INFO ThreadId(02) downlink_tx: sent tx_log_seq=32 sensor=Imu sensor_seq=3 queue_latency_us=112 elapsed_us=2004371
2026-03-25T16:07:10.560893Z  INFO ThreadId(02) downlink_tx: sent tx_log_seq=33 sensor=Thermal sensor_seq=19 queue_latency_us=114 elapsed_us=2004371
2026-03-25T16:07:10.567711Z  INFO ThreadId(24) Task dispatched task="DataCompress" drift_us=8872
2026-03-25T16:07:10.589365Z  INFO ThreadId(24) Task dispatched task="HealthMonitor" drift_us=30518
2026-03-25T16:07:10.660297Z  INFO ThreadId(25) Task dispatched task="ThermalControl" drift_us=1449
2026-03-25T16:07:10.660304Z  INFO ThreadId(02) sensor_read sensor="thermal" seq=20 value=41.68822327171529 drift_us=1475 jitter_us=909 latency_us=0 elapsed_us=2103915
2026-03-25T16:07:10.660422Z  INFO ThreadId(24) downlink_tx: sent tx_log_seq=34 sensor=Thermal sensor_seq=20 queue_latency_us=121 elapsed_us=2103933
2026-03-25T16:07:10.760368Z  INFO ThreadId(25) Task dispatched task="ThermalControl" drift_us=1513
2026-03-25T16:07:10.760372Z  INFO ThreadId(02) sensor_read sensor="thermal" seq=21 value=41.7804956323721 drift_us=1541 jitter_us=548 latency_us=0 elapsed_us=2203981
2026-03-25T16:07:10.760407Z  INFO ThreadId(24) sensor_read sensor="power" seq=10 value=2.211571150724882 drift_us=1588 jitter_us=668 latency_us=0 elapsed_us=2204019
2026-03-25T16:07:10.760517Z  INFO ThreadId(10) downlink_tx: sent tx_log_seq=35 sensor=Thermal sensor_seq=21 queue_latency_us=149 elapsed_us=2204000
2026-03-25T16:07:10.760535Z  INFO ThreadId(10) downlink_tx: sent tx_log_seq=36 sensor=Power sensor_seq=10 queue_latency_us=133 elapsed_us=2204000
2026-03-25T16:07:10.860290Z  INFO ThreadId(02) Task dispatched task="ThermalControl" drift_us=1440
2026-03-25T16:07:10.860294Z  INFO ThreadId(21) sensor_read sensor="thermal" seq=22 value=36.477547231891975 drift_us=1465 jitter_us=142 latency_us=0 elapsed_us=2303905
2026-03-25T16:07:10.860416Z  INFO ThreadId(10) downlink_tx: sent tx_log_seq=37 sensor=Thermal sensor_seq=22 queue_latency_us=125 elapsed_us=2303922
2026-03-25T16:07:10.960477Z  INFO ThreadId(02) sensor_read sensor="thermal" seq=23 value=27.25370598058925 drift_us=1642 jitter_us=253 latency_us=0 elapsed_us=2404082
2026-03-25T16:07:10.960515Z  INFO ThreadId(02) sensor_read sensor="power" seq=11 value=2.589950726579885 drift_us=1702 jitter_us=447 latency_us=0 elapsed_us=2404133
2026-03-25T16:07:10.960575Z  INFO ThreadId(10) Task dispatched task="ThermalControl" drift_us=1740
2026-03-25T16:07:10.960604Z  INFO ThreadId(21) downlink_tx: sent tx_log_seq=38 sensor=Thermal sensor_seq=23 queue_latency_us=134 elapsed_us=2404101
2026-03-25T16:07:10.960620Z  INFO ThreadId(21) downlink_tx: sent tx_log_seq=39 sensor=Power sensor_seq=11 queue_latency_us=106 elapsed_us=2404101
2026-03-25T16:07:11.060582Z  INFO ThreadId(02) sensor_read sensor="thermal" seq=24 value=35.23720356451661 drift_us=1747 jitter_us=72 latency_us=0 elapsed_us=2504187
2026-03-25T16:07:11.060605Z  INFO ThreadId(24) Task dispatched task="ThermalControl" drift_us=1769
2026-03-25T16:07:11.060617Z  INFO ThreadId(02) sensor_read sensor="imu" seq=4 value=-0.024082083267904952 drift_us=1791 jitter_us=326 latency_us=0 elapsed_us=2504236
2026-03-25T16:07:11.060709Z  INFO ThreadId(10) downlink_tx: sent tx_log_seq=40 sensor=Thermal sensor_seq=24 queue_latency_us=135 elapsed_us=2504203
2026-03-25T16:07:11.060724Z  INFO ThreadId(10) downlink_tx: sent tx_log_seq=41 sensor=Imu sensor_seq=4 queue_latency_us=106 elapsed_us=2504203
2026-03-25T16:07:11.066733Z  INFO ThreadId(24) Task dispatched task="DataCompress" drift_us=7897
2026-03-25T16:07:11.160547Z  INFO ThreadId(10) sensor_read sensor="thermal" seq=25 value=27.39539457202467 drift_us=1691 jitter_us=161 latency_us=0 elapsed_us=2604131
2026-03-25T16:07:11.160571Z  INFO ThreadId(02) sensor_read sensor="power" seq=12 value=2.617973543544785 drift_us=1744 jitter_us=72 latency_us=1 elapsed_us=2604175
2026-03-25T16:07:11.160594Z  INFO ThreadId(21) Task dispatched task="ThermalControl" drift_us=1753
2026-03-25T16:07:11.160689Z  INFO ThreadId(25) downlink_tx: sent tx_log_seq=42 sensor=Power sensor_seq=12 queue_latency_us=126 elapsed_us=2604189
2026-03-25T16:07:11.160703Z  INFO ThreadId(25) downlink_tx: sent tx_log_seq=43 sensor=Thermal sensor_seq=25 queue_latency_us=188 elapsed_us=2604189
2026-03-25T16:07:11.260672Z  INFO ThreadId(10) Task dispatched task="ThermalControl" drift_us=1837
2026-03-25T16:07:11.260667Z  INFO ThreadId(21) sensor_read sensor="thermal" seq=26 value=50.57433581043273 drift_us=1830 jitter_us=195 latency_us=0 elapsed_us=2704270
2026-03-25T16:07:11.310526Z  INFO ThreadId(23) downlink_tx: sent tx_log_seq=44 sensor=Thermal sensor_seq=26 queue_latency_us=49852 elapsed_us=2753915
2026-03-25T16:07:11.360375Z  INFO ThreadId(02) Task dispatched task="ThermalControl" drift_us=1522
2026-03-25T16:07:11.360401Z  INFO ThreadId(23) sensor_read sensor="thermal" seq=27 value=47.587604583852574 drift_us=1557 jitter_us=412 latency_us=0 elapsed_us=2803997
2026-03-25T16:07:11.360458Z  INFO ThreadId(10) sensor_read sensor="power" seq=13 value=3.7463111190547562 drift_us=1626 jitter_us=160 latency_us=0 elapsed_us=2804057
2026-03-25T16:07:11.360554Z  INFO ThreadId(02) downlink_tx: sent tx_log_seq=45 sensor=Thermal sensor_seq=27 queue_latency_us=162 elapsed_us=2804026
2026-03-25T16:07:11.360584Z  INFO ThreadId(02) downlink_tx: sent tx_log_seq=46 sensor=Power sensor_seq=13 queue_latency_us=143 elapsed_us=2804026
2026-03-25T16:07:11.460336Z  INFO ThreadId(21) Task dispatched task="ThermalControl" drift_us=1488
2026-03-25T16:07:11.460348Z  INFO ThreadId(02) sensor_read sensor="thermal" seq=28 value=36.7480468437482 drift_us=1514 jitter_us=230 latency_us=0 elapsed_us=2903954
2026-03-25T16:07:11.460458Z  INFO ThreadId(10) downlink_tx: sent tx_log_seq=47 sensor=Thermal sensor_seq=28 queue_latency_us=117 elapsed_us=2903972
2026-03-25T16:07:11.560547Z  INFO ThreadId(02) sensor_read sensor="power" seq=14 value=0.953477153314415 drift_us=1706 jitter_us=198 latency_us=0 elapsed_us=3004137
2026-03-25T16:07:11.560606Z  INFO ThreadId(02) sensor_read sensor="imu" seq=5 value=-0.02257161100510223 drift_us=1778 jitter_us=141 latency_us=0 elapsed_us=3004223
2026-03-25T16:07:11.560623Z  INFO ThreadId(02) sensor_read sensor="thermal" seq=29 value=26.19921110354914 drift_us=1799 jitter_us=328 latency_us=0 elapsed_us=3004239
2026-03-25T16:07:11.560636Z  INFO ThreadId(10) Task dispatched task="ThermalControl" drift_us=1791
2026-03-25T16:07:11.560705Z  INFO ThreadId(23) downlink_tx: sent tx_log_seq=48 sensor=Power sensor_seq=14 queue_latency_us=171 elapsed_us=3004199
2026-03-25T16:07:11.560735Z  INFO ThreadId(23) downlink_tx: sent tx_log_seq=49 sensor=Imu sensor_seq=5 queue_latency_us=129 elapsed_us=3004199
2026-03-25T16:07:11.560744Z  INFO ThreadId(23) downlink_tx: sent tx_log_seq=50 sensor=Thermal sensor_seq=29 queue_latency_us=123 elapsed_us=3004199
2026-03-25T16:07:11.567198Z  INFO ThreadId(02) Task dispatched task="DataCompress" drift_us=8357
2026-03-25T16:07:11.589104Z  INFO ThreadId(02) Task dispatched task="HealthMonitor" drift_us=30256
2026-03-25T16:07:11.660490Z  INFO ThreadId(23) sensor_read sensor="thermal" seq=30 value=20.17315268964117 drift_us=1657 jitter_us=427 latency_us=0 elapsed_us=3104097
2026-03-25T16:07:11.660521Z  INFO ThreadId(10) Task dispatched task="ThermalControl" drift_us=1678
2026-03-25T16:07:11.710549Z  INFO ThreadId(25) downlink_tx: sent tx_log_seq=51 sensor=Thermal sensor_seq=30 queue_latency_us=50050 elapsed_us=3154001
2026-03-25T16:07:11.760360Z  INFO ThreadId(10) Task dispatched task="ThermalControl" drift_us=1511
2026-03-25T16:07:11.760417Z  INFO ThreadId(25) sensor_read sensor="thermal" seq=31 value=64.82968470761415 drift_us=1562 jitter_us=47 latency_us=0 elapsed_us=3204002
2026-03-25T16:07:11.760452Z  INFO ThreadId(23) sensor_read sensor="power" seq=15 value=3.483451869663787 drift_us=1621 jitter_us=165 latency_us=1 elapsed_us=3204052
2026-03-25T16:07:11.810892Z  INFO ThreadId(25) downlink_tx: sent tx_log_seq=52 sensor=Power sensor_seq=15 queue_latency_us=50439 elapsed_us=3254344
2026-03-25T16:07:11.810936Z  INFO ThreadId(25) downlink_tx: sent tx_log_seq=53 sensor=Thermal sensor_seq=31 queue_latency_us=50548 elapsed_us=3254344
2026-03-25T16:07:11.860524Z  INFO ThreadId(25) sensor_read sensor="thermal" seq=32 value=78.93190636406712 drift_us=1687 jitter_us=220 latency_us=0 elapsed_us=3304127
2026-03-25T16:07:11.860573Z  INFO ThreadId(02) Task dispatched task="ThermalControl" drift_us=1728
2026-03-25T16:07:11.910377Z  INFO ThreadId(25) downlink_tx: sent tx_log_seq=54 sensor=Thermal sensor_seq=32 queue_latency_us=49853 elapsed_us=3353880
2026-03-25T16:07:11.959969Z  INFO ThreadId(02) Task dispatched task="ThermalControl" drift_us=1120
2026-03-25T16:07:11.959973Z  INFO ThreadId(25) sensor_read sensor="thermal" seq=33 value=36.102565968834995 drift_us=1144 jitter_us=668 latency_us=1 elapsed_us=3403584
2026-03-25T16:07:11.959987Z  INFO ThreadId(10) sensor_read sensor="power" seq=16 value=4.206074521012335 drift_us=1169 jitter_us=367 latency_us=0 elapsed_us=3403600
2026-03-25T16:07:11.960087Z  INFO ThreadId(02) downlink_tx: sent tx_log_seq=55 sensor=Power sensor_seq=16 queue_latency_us=105 elapsed_us=3403610
2026-03-25T16:07:11.960102Z  INFO ThreadId(02) downlink_tx: sent tx_log_seq=56 sensor=Thermal sensor_seq=33 queue_latency_us=134 elapsed_us=3403610
2026-03-25T16:07:12.060266Z  INFO ThreadId(23) Task dispatched task="ThermalControl" drift_us=1415
2026-03-25T16:07:12.060314Z  INFO ThreadId(23) sensor_read sensor="imu" seq=6 value=-0.08574141664756736 drift_us=1483 jitter_us=282 latency_us=0 elapsed_us=3503928
2026-03-25T16:07:12.060359Z  INFO ThreadId(10) sensor_read sensor="thermal" seq=34 value=31.743655105427564 drift_us=1504 jitter_us=903 latency_us=1 elapsed_us=3503944
2026-03-25T16:07:12.066270Z  INFO ThreadId(25) Task dispatched task="DataCompress" drift_us=7425
2026-03-25T16:07:12.110767Z  INFO ThreadId(25) downlink_tx: sent tx_log_seq=57 sensor=Imu sensor_seq=6 queue_latency_us=50443 elapsed_us=3554273
2026-03-25T16:07:12.110793Z  INFO ThreadId(25) downlink_tx: sent tx_log_seq=58 sensor=Thermal sensor_seq=34 queue_latency_us=50464 elapsed_us=3554273
2026-03-25T16:07:12.160651Z  INFO ThreadId(25) sensor_read sensor="thermal" seq=35 value=72.26047560851568 drift_us=1817 jitter_us=47 latency_us=1 elapsed_us=3604257
2026-03-25T16:07:12.160687Z ERROR ThreadId(25) JITTER LIMIT VIOLATED (>1ms) sensor="power" jitter_us=1154
2026-03-25T16:07:12.160690Z  INFO ThreadId(25) sensor_read sensor="power" seq=17 value=2.0579894396661156 drift_us=1871 jitter_us=1154 latency_us=0 elapsed_us=3604302
2026-03-25T16:07:12.160711Z  INFO ThreadId(02) Task dispatched task="ThermalControl" drift_us=1862
2026-03-25T16:07:12.160759Z  INFO ThreadId(10) downlink_tx: sent tx_log_seq=59 sensor=Thermal sensor_seq=35 queue_latency_us=114 elapsed_us=3604276
2026-03-25T16:07:12.160778Z  INFO ThreadId(10) downlink_tx: sent tx_log_seq=60 sensor=Power sensor_seq=17 queue_latency_us=93 elapsed_us=3604276
2026-03-25T16:07:12.260360Z  INFO ThreadId(10) Task dispatched task="ThermalControl" drift_us=1503
2026-03-25T16:07:12.260383Z  INFO ThreadId(25) sensor_read sensor="thermal" seq=36 value=38.08311870334912 drift_us=1538 jitter_us=592 latency_us=1 elapsed_us=3703978
2026-03-25T16:07:12.260498Z  INFO ThreadId(02) downlink_tx: sent tx_log_seq=61 sensor=Thermal sensor_seq=36 queue_latency_us=129 elapsed_us=3703996
2026-03-25T16:07:12.360326Z  INFO ThreadId(10) Task dispatched task="ThermalControl" drift_us=1477
2026-03-25T16:07:12.360360Z  INFO ThreadId(25) sensor_read sensor="thermal" seq=37 value=33.00989140152865 drift_us=1517 jitter_us=258 latency_us=0 elapsed_us=3803957
2026-03-25T16:07:12.360416Z  INFO ThreadId(02) sensor_read sensor="power" seq=18 value=2.616059714576369 drift_us=1594 jitter_us=979 latency_us=0 elapsed_us=3804025
2026-03-25T16:07:12.360452Z  INFO ThreadId(10) downlink_tx: sent tx_log_seq=62 sensor=Thermal sensor_seq=37 queue_latency_us=108 elapsed_us=3803967
2026-03-25T16:07:12.360484Z  INFO ThreadId(10) downlink_tx: sent tx_log_seq=63 sensor=Power sensor_seq=18 queue_latency_us=76 elapsed_us=3803967
2026-03-25T16:07:12.460608Z  INFO ThreadId(10) sensor_read sensor="thermal" seq=38 value=63.852277502507754 drift_us=1774 jitter_us=278 latency_us=1 elapsed_us=3904214
2026-03-25T16:07:12.460635Z  INFO ThreadId(02) Task dispatched task="ThermalControl" drift_us=1792
2026-03-25T16:07:12.510641Z  INFO ThreadId(10) downlink_tx: sent tx_log_seq=64 sensor=Thermal sensor_seq=38 queue_latency_us=50029 elapsed_us=3954140
2026-03-25T16:07:12.560472Z  INFO ThreadId(10) sensor_read sensor="power" seq=19 value=3.459697179120468 drift_us=1647 jitter_us=330 latency_us=0 elapsed_us=4004078
2026-03-25T16:07:12.560481Z  INFO ThreadId(25) sensor_read sensor="imu" seq=7 value=-0.09295092848512634 drift_us=1651 jitter_us=463 latency_us=0 elapsed_us=4004096
2026-03-25T16:07:12.560502Z  INFO ThreadId(10) Task dispatched task="ThermalControl" drift_us=1670
2026-03-25T16:07:12.560506Z  INFO ThreadId(25) sensor_read sensor="thermal" seq=39 value=41.2627080566382 drift_us=1684 jitter_us=347 latency_us=0 elapsed_us=4004124
2026-03-25T16:07:12.560601Z  INFO ThreadId(21) downlink_tx: sent tx_log_seq=65 sensor=Imu sensor_seq=7 queue_latency_us=118 elapsed_us=4004111
2026-03-25T16:07:12.560616Z  INFO ThreadId(21) downlink_tx: sent tx_log_seq=66 sensor=Power sensor_seq=19 queue_latency_us=155 elapsed_us=4004111
2026-03-25T16:07:12.560625Z  INFO ThreadId(21) downlink_tx: sent tx_log_seq=67 sensor=Thermal sensor_seq=39 queue_latency_us=120 elapsed_us=4004111
2026-03-25T16:07:12.567015Z  INFO ThreadId(10) Task dispatched task="DataCompress" drift_us=8160
2026-03-25T16:07:12.588046Z  INFO ThreadId(10) Task dispatched task="HealthMonitor" drift_us=29198
2026-03-25T16:07:12.660377Z  INFO ThreadId(10) Task dispatched task="ThermalControl" drift_us=1528
2026-03-25T16:07:12.660384Z  INFO ThreadId(21) sensor_read sensor="thermal" seq=40 value=63.04973806464943 drift_us=1555 jitter_us=39 latency_us=0 elapsed_us=4103995
2026-03-25T16:07:12.660503Z  INFO ThreadId(23) downlink_tx: sent tx_log_seq=68 sensor=Thermal sensor_seq=40 queue_latency_us=121 elapsed_us=4104012
2026-03-25T16:07:12.760730Z  INFO ThreadId(25) sensor_read sensor="thermal" seq=41 value=30.39618305738244 drift_us=1895 jitter_us=469 latency_us=0 elapsed_us=4204335
2026-03-25T16:07:12.760756Z  INFO ThreadId(21) Task dispatched task="ThermalControl" drift_us=1919
2026-03-25T16:07:12.760762Z  INFO ThreadId(25) sensor_read sensor="power" seq=20 value=1.4223230427687341 drift_us=1947 jitter_us=247 latency_us=0 elapsed_us=4204378
2026-03-25T16:07:12.760837Z  INFO ThreadId(10) downlink_tx: sent tx_log_seq=69 sensor=Thermal sensor_seq=41 queue_latency_us=115 elapsed_us=4204349
2026-03-25T16:07:12.760851Z  INFO ThreadId(10) downlink_tx: sent tx_log_seq=70 sensor=Power sensor_seq=20 queue_latency_us=91 elapsed_us=4204349
2026-03-25T16:07:12.860132Z  INFO ThreadId(21) Task dispatched task="ThermalControl" drift_us=1283
2026-03-25T16:07:12.860140Z  INFO ThreadId(02) sensor_read sensor="thermal" seq=42 value=63.16326948973046 drift_us=1311 jitter_us=924 latency_us=0 elapsed_us=4303751
2026-03-25T16:07:12.860252Z  INFO ThreadId(10) downlink_tx: sent tx_log_seq=71 sensor=Thermal sensor_seq=42 queue_latency_us=114 elapsed_us=4303764
2026-03-25T16:07:12.960585Z  WARN ThreadId(21) JITTER EXCEEDED 1ms limit sensor="thermal" jitter_us=1026 consecutive_miss=1 limit_us=1000 elapsed_us=4404193
2026-03-25T16:07:12.960595Z  INFO ThreadId(25) sensor_read sensor="power" seq=21 value=2.019285838174257 drift_us=1778 jitter_us=469 latency_us=0 elapsed_us=4404209
2026-03-25T16:07:12.960606Z  INFO ThreadId(21) sensor_read sensor="thermal" seq=43 value=72.96947450524685 drift_us=1753 jitter_us=1026 latency_us=0 elapsed_us=4404193
2026-03-25T16:07:12.960659Z  INFO ThreadId(10) Task dispatched task="ThermalControl" drift_us=1803
2026-03-25T16:07:12.960719Z  INFO ThreadId(25) downlink_tx: sent tx_log_seq=72 sensor=Power sensor_seq=21 queue_latency_us=126 elapsed_us=4404234
2026-03-25T16:07:12.960734Z  INFO ThreadId(25) downlink_tx: sent tx_log_seq=73 sensor=Thermal sensor_seq=43 queue_latency_us=129 elapsed_us=4404234
2026-03-25T16:07:13.060393Z  INFO ThreadId(25) Task dispatched task="ThermalControl" drift_us=1544
2026-03-25T16:07:13.060398Z  INFO ThreadId(21) sensor_read sensor="thermal" seq=44 value=33.39457897333637 drift_us=1569 jitter_us=626 latency_us=0 elapsed_us=4504009
2026-03-25T16:07:13.060417Z  INFO ThreadId(21) sensor_read sensor="imu" seq=8 value=-0.06899676410981997 drift_us=1591 jitter_us=228 latency_us=0 elapsed_us=4504036
2026-03-25T16:07:13.060517Z  INFO ThreadId(25) downlink_tx: sent tx_log_seq=74 sensor=Imu sensor_seq=8 queue_latency_us=98 elapsed_us=4504035
2026-03-25T16:07:13.060529Z  INFO ThreadId(25) downlink_tx: sent tx_log_seq=75 sensor=Thermal sensor_seq=44 queue_latency_us=136 elapsed_us=4504035
2026-03-25T16:07:13.066490Z  INFO ThreadId(21) Task dispatched task="DataCompress" drift_us=7651
2026-03-25T16:07:13.160052Z  INFO ThreadId(25) Task dispatched task="ThermalControl" drift_us=1204
2026-03-25T16:07:13.160057Z  INFO ThreadId(21) sensor_read sensor="thermal" seq=45 value=56.88044180983249 drift_us=1228 jitter_us=157 latency_us=0 elapsed_us=4603668
2026-03-25T16:07:13.160075Z  INFO ThreadId(21) sensor_read sensor="power" seq=22 value=1.7407626014081208 drift_us=1261 jitter_us=348 latency_us=0 elapsed_us=4603692
2026-03-25T16:07:13.160175Z  INFO ThreadId(25) downlink_tx: sent tx_log_seq=76 sensor=Power sensor_seq=22 queue_latency_us=100 elapsed_us=4603692
2026-03-25T16:07:13.160190Z  INFO ThreadId(25) downlink_tx: sent tx_log_seq=77 sensor=Thermal sensor_seq=45 queue_latency_us=138 elapsed_us=4603692
2026-03-25T16:07:13.260329Z  INFO ThreadId(21) Task dispatched task="ThermalControl" drift_us=1478
2026-03-25T16:07:13.260337Z  INFO ThreadId(23) sensor_read sensor="thermal" seq=46 value=77.67913830665968 drift_us=1507 jitter_us=620 latency_us=1 elapsed_us=4703947
2026-03-25T16:07:13.260457Z  INFO ThreadId(25) downlink_tx: sent tx_log_seq=78 sensor=Thermal sensor_seq=46 queue_latency_us=122 elapsed_us=4703962
2026-03-25T16:07:13.360715Z  INFO ThreadId(10) sensor_read sensor="thermal" seq=47 value=76.26578663098289 drift_us=1881 jitter_us=95 latency_us=0 elapsed_us=4804321
2026-03-25T16:07:13.360767Z  INFO ThreadId(25) Task dispatched task="ThermalControl" drift_us=1931
2026-03-25T16:07:13.360798Z ERROR ThreadId(21) JITTER LIMIT VIOLATED (>1ms) sensor="power" jitter_us=1206
2026-03-25T16:07:13.360822Z  INFO ThreadId(21) sensor_read sensor="power" seq=23 value=2.731880691079084 drift_us=1950 jitter_us=1206 latency_us=0 elapsed_us=4804381
2026-03-25T16:07:13.360860Z  INFO ThreadId(10) downlink_tx: sent tx_log_seq=79 sensor=Thermal sensor_seq=47 queue_latency_us=154 elapsed_us=4804373
2026-03-25T16:07:13.360873Z  INFO ThreadId(10) downlink_tx: sent tx_log_seq=80 sensor=Power sensor_seq=23 queue_latency_us=107 elapsed_us=4804373
2026-03-25T16:07:13.460578Z  INFO ThreadId(21) Task dispatched task="ThermalControl" drift_us=1729
2026-03-25T16:07:13.460590Z  INFO ThreadId(10) sensor_read sensor="thermal" seq=48 value=29.13392231756884 drift_us=1741 jitter_us=514 latency_us=0 elapsed_us=4904181
2026-03-25T16:07:13.511289Z  INFO ThreadId(02) downlink_tx: sent tx_log_seq=81 sensor=Thermal sensor_seq=48 queue_latency_us=50711 elapsed_us=4954791
2026-03-25T16:07:13.561300Z  INFO ThreadId(02) sensor_read sensor="power" seq=24 value=1.2946755705112405 drift_us=2470 jitter_us=169 latency_us=0 elapsed_us=5004901
2026-03-25T16:07:13.561335Z  INFO ThreadId(02) sensor_read sensor="imu" seq=9 value=0.042101693310899385 drift_us=2505 jitter_us=974 latency_us=0 elapsed_us=5004950
2026-03-25T16:07:13.561348Z  INFO ThreadId(02) Task dispatched task="ThermalControl" drift_us=2514
2026-03-25T16:07:13.561351Z  INFO ThreadId(25) sensor_read sensor="thermal" seq=49 value=71.81576339801373 drift_us=2523 jitter_us=922 latency_us=0 elapsed_us=5004963
2026-03-25T16:07:13.561471Z  INFO ThreadId(02) uplink_rx: received cmd=Heartbeat seq=1 dispatch_latency_us=0 elapsed_us=5005088
2026-03-25T16:07:13.561476Z  INFO ThreadId(02) command executed cmd=Heartbeat
2026-03-25T16:07:13.561537Z  INFO ThreadId(21) downlink_tx: sent tx_log_seq=82 sensor=Imu sensor_seq=9 queue_latency_us=192 elapsed_us=5004946
2026-03-25T16:07:13.561582Z  INFO ThreadId(21) downlink_tx: sent tx_log_seq=83 sensor=Power sensor_seq=24 queue_latency_us=297 elapsed_us=5004946
2026-03-25T16:07:13.561599Z  INFO ThreadId(21) downlink_tx: sent tx_log_seq=84 sensor=Thermal sensor_seq=49 queue_latency_us=254 elapsed_us=5004946
2026-03-25T16:07:13.567319Z  INFO ThreadId(02) Task dispatched task="DataCompress" drift_us=8481
2026-03-25T16:07:13.588361Z  INFO ThreadId(02) Task dispatched task="HealthMonitor" drift_us=29514
2026-03-25T16:07:13.660705Z  INFO ThreadId(10) Task dispatched task="ThermalControl" drift_us=1863
2026-03-25T16:07:13.660707Z  WARN ThreadId(02) JITTER EXCEEDED 1ms limit sensor="thermal" jitter_us=1448 consecutive_miss=1 limit_us=1000 elapsed_us=5104297
2026-03-25T16:07:13.660739Z  INFO ThreadId(02) sensor_read sensor="thermal" seq=50 value=35.197980914102246 drift_us=1857 jitter_us=1448 latency_us=0 elapsed_us=5104297
2026-03-25T16:07:13.710797Z  INFO ThreadId(23) downlink_tx: sent tx_log_seq=85 sensor=Thermal sensor_seq=50 queue_latency_us=50046 elapsed_us=5154294
2026-03-25T16:07:13.760733Z  INFO ThreadId(23) sensor_read sensor="thermal" seq=51 value=34.03059959180004 drift_us=1888 jitter_us=697 latency_us=1 elapsed_us=5204328
2026-03-25T16:07:13.760751Z ERROR ThreadId(21) JITTER LIMIT VIOLATED (>1ms) sensor="power" jitter_us=1073
2026-03-25T16:07:13.760757Z  INFO ThreadId(10) Task dispatched task="ThermalControl" drift_us=1901
2026-03-25T16:07:13.760782Z  INFO ThreadId(21) sensor_read sensor="power" seq=25 value=0.7857583000005394 drift_us=1917 jitter_us=1073 latency_us=1 elapsed_us=5204348
2026-03-25T16:07:13.810468Z  INFO ThreadId(25) downlink_tx: sent tx_log_seq=86 sensor=Power sensor_seq=25 queue_latency_us=49721 elapsed_us=5253941
2026-03-25T16:07:13.810502Z  INFO ThreadId(25) downlink_tx: sent tx_log_seq=87 sensor=Thermal sensor_seq=51 queue_latency_us=49787 elapsed_us=5253941
2026-03-25T16:07:13.860815Z  INFO ThreadId(25) sensor_read sensor="thermal" seq=52 value=33.466885253419846 drift_us=1982 jitter_us=63 latency_us=0 elapsed_us=5304422
2026-03-25T16:07:13.860888Z  INFO ThreadId(23) Task dispatched task="ThermalControl" drift_us=2030
2026-03-25T16:07:13.910471Z  INFO ThreadId(25) downlink_tx: sent tx_log_seq=88 sensor=Thermal sensor_seq=52 queue_latency_us=49654 elapsed_us=5353975
2026-03-25T16:07:13.960545Z  INFO ThreadId(25) sensor_read sensor="thermal" seq=53 value=33.10421329997376 drift_us=1699 jitter_us=377 latency_us=0 elapsed_us=5404139
2026-03-25T16:07:13.960582Z  INFO ThreadId(25) sensor_read sensor="power" seq=26 value=4.14254790597689 drift_us=1768 jitter_us=404 latency_us=0 elapsed_us=5404199
2026-03-25T16:07:13.960618Z  INFO ThreadId(21) Task dispatched task="ThermalControl" drift_us=1773
2026-03-25T16:07:13.960656Z  INFO ThreadId(10) downlink_tx: sent tx_log_seq=89 sensor=Thermal sensor_seq=53 queue_latency_us=120 elapsed_us=5404156
2026-03-25T16:07:13.960709Z  INFO ThreadId(10) downlink_tx: sent tx_log_seq=90 sensor=Power sensor_seq=26 queue_latency_us=125 elapsed_us=5404156
2026-03-25T16:07:14.060320Z  INFO ThreadId(25) Task dispatched task="ThermalControl" drift_us=1471
2026-03-25T16:07:14.060325Z  INFO ThreadId(10) sensor_read sensor="thermal" seq=54 value=43.399426046403626 drift_us=1496 jitter_us=80 latency_us=0 elapsed_us=5503936
2026-03-25T16:07:14.060363Z ERROR ThreadId(21) JITTER LIMIT VIOLATED (>1ms) sensor="imu" jitter_us=1898
2026-03-25T16:07:14.060378Z  INFO ThreadId(21) sensor_read sensor="imu" seq=10 value=0.06402282682061444 drift_us=1521 jitter_us=1898 latency_us=1 elapsed_us=5503966
2026-03-25T16:07:14.060445Z  INFO ThreadId(10) downlink_tx: sent tx_log_seq=91 sensor=Thermal sensor_seq=54 queue_latency_us=126 elapsed_us=5503960
2026-03-25T16:07:14.060457Z  INFO ThreadId(10) downlink_tx: sent tx_log_seq=92 sensor=Imu sensor_seq=10 queue_latency_us=108 elapsed_us=5503960
2026-03-25T16:07:14.065583Z  INFO ThreadId(25) Task dispatched task="DataCompress" drift_us=6743
2026-03-25T16:07:14.160379Z  INFO ThreadId(21) Task dispatched task="ThermalControl" drift_us=1531
2026-03-25T16:07:14.160386Z  INFO ThreadId(25) sensor_read sensor="thermal" seq=55 value=41.57882744009122 drift_us=1556 jitter_us=263 latency_us=1 elapsed_us=5603996
2026-03-25T16:07:14.160416Z  INFO ThreadId(02) sensor_read sensor="power" seq=27 value=1.0923511632098113 drift_us=1596 jitter_us=23 latency_us=0 elapsed_us=5604027
2026-03-25T16:07:14.160503Z  INFO ThreadId(21) downlink_tx: sent tx_log_seq=93 sensor=Thermal sensor_seq=55 queue_latency_us=123 elapsed_us=5604019
2026-03-25T16:07:14.160518Z  INFO ThreadId(21) downlink_tx: sent tx_log_seq=94 sensor=Power sensor_seq=27 queue_latency_us=109 elapsed_us=5604019
2026-03-25T16:07:14.260344Z  INFO ThreadId(21) Task dispatched task="ThermalControl" drift_us=1495
2026-03-25T16:07:14.260346Z  INFO ThreadId(10) sensor_read sensor="thermal" seq=56 value=52.81227061042895 drift_us=1517 jitter_us=99 latency_us=0 elapsed_us=5703957
2026-03-25T16:07:14.260463Z  INFO ThreadId(02) downlink_tx: sent tx_log_seq=95 sensor=Thermal sensor_seq=56 queue_latency_us=120 elapsed_us=5703973
2026-03-25T16:07:14.360377Z  INFO ThreadId(25) Task dispatched task="ThermalControl" drift_us=1529
2026-03-25T16:07:14.360384Z  INFO ThreadId(02) sensor_read sensor="thermal" seq=57 value=76.48610509589088 drift_us=1555 jitter_us=77 latency_us=0 elapsed_us=5803995
2026-03-25T16:07:14.360400Z  INFO ThreadId(25) sensor_read sensor="power" seq=28 value=1.7218212642405741 drift_us=1587 jitter_us=163 latency_us=1 elapsed_us=5804018
2026-03-25T16:07:14.360583Z  INFO ThreadId(10) downlink_tx: sent tx_log_seq=96 sensor=Power sensor_seq=28 queue_latency_us=173 elapsed_us=5804031
2026-03-25T16:07:14.360626Z  INFO ThreadId(10) downlink_tx: sent tx_log_seq=97 sensor=Thermal sensor_seq=57 queue_latency_us=247 elapsed_us=5804031
2026-03-25T16:07:14.460696Z  INFO ThreadId(21) sensor_read sensor="thermal" seq=58 value=53.61181236449846 drift_us=1864 jitter_us=271 latency_us=0 elapsed_us=5904304
2026-03-25T16:07:14.460765Z  INFO ThreadId(02) Task dispatched task="ThermalControl" drift_us=1908
2026-03-25T16:07:14.510606Z  INFO ThreadId(21) downlink_tx: sent tx_log_seq=98 sensor=Thermal sensor_seq=58 queue_latency_us=49906 elapsed_us=5954109
2026-03-25T16:07:14.560702Z  INFO ThreadId(21) sensor_read sensor="power" seq=29 value=3.7481519476900815 drift_us=1878 jitter_us=300 latency_us=0 elapsed_us=6004309
2026-03-25T16:07:14.560734Z  INFO ThreadId(21) sensor_read sensor="thermal" seq=59 value=48.2295941396439 drift_us=1912 jitter_us=261 latency_us=0 elapsed_us=6004352
2026-03-25T16:07:14.560733Z ERROR ThreadId(10) JITTER LIMIT VIOLATED (>1ms) sensor="imu" jitter_us=1364
2026-03-25T16:07:14.560739Z  INFO ThreadId(10) sensor_read sensor="imu" seq=11 value=0.09817152810921267 drift_us=1901 jitter_us=1364 latency_us=0 elapsed_us=6004346
2026-03-25T16:07:14.560742Z  INFO ThreadId(21) Task dispatched task="ThermalControl" drift_us=1910
2026-03-25T16:07:14.560824Z  INFO ThreadId(25) downlink_tx: sent tx_log_seq=99 sensor=Power sensor_seq=29 queue_latency_us=129 elapsed_us=6004340
2026-03-25T16:07:14.560839Z  INFO ThreadId(25) downlink_tx: sent tx_log_seq=100 sensor=Imu sensor_seq=11 queue_latency_us=110 elapsed_us=6004340
2026-03-25T16:07:14.560848Z  INFO ThreadId(25) downlink_tx: sent tx_log_seq=101 sensor=Thermal sensor_seq=59 queue_latency_us=114 elapsed_us=6004340
2026-03-25T16:07:14.567254Z  INFO ThreadId(21) Task dispatched task="DataCompress" drift_us=8414
2026-03-25T16:07:14.588364Z  INFO ThreadId(21) Task dispatched task="HealthMonitor" drift_us=29516
2026-03-25T16:07:14.660754Z  INFO ThreadId(23) Task dispatched task="ThermalControl" drift_us=1919
2026-03-25T16:07:14.660754Z  INFO ThreadId(25) sensor_read sensor="thermal" seq=60 value=44.78664644658137 drift_us=1922 jitter_us=38 latency_us=0 elapsed_us=6104362
2026-03-25T16:07:14.710623Z  INFO ThreadId(10) downlink_tx: sent tx_log_seq=102 sensor=Thermal sensor_seq=60 queue_latency_us=49865 elapsed_us=6154124
2026-03-25T16:07:14.760430Z  INFO ThreadId(10) sensor_read sensor="thermal" seq=61 value=30.05977314831952 drift_us=1596 jitter_us=336 latency_us=0 elapsed_us=6204036
2026-03-25T16:07:14.760435Z  INFO ThreadId(25) sensor_read sensor="power" seq=30 value=4.382952911950683 drift_us=1619 jitter_us=550 latency_us=0 elapsed_us=6204050
2026-03-25T16:07:14.760462Z  INFO ThreadId(25) Task dispatched task="ThermalControl" drift_us=1630
2026-03-25T16:07:14.760561Z  INFO ThreadId(10) downlink_tx: sent tx_log_seq=103 sensor=Power sensor_seq=30 queue_latency_us=127 elapsed_us=6204079
2026-03-25T16:07:14.760576Z  INFO ThreadId(10) downlink_tx: sent tx_log_seq=104 sensor=Thermal sensor_seq=61 queue_latency_us=157 elapsed_us=6204079
2026-03-25T16:07:14.860595Z  INFO ThreadId(21) Task dispatched task="ThermalControl" drift_us=1759
2026-03-25T16:07:14.860595Z  INFO ThreadId(25) sensor_read sensor="thermal" seq=62 value=22.35922400082253 drift_us=1762 jitter_us=492 latency_us=0 elapsed_us=6304202
2026-03-25T16:07:14.909616Z  INFO ThreadId(23) downlink_tx: sent tx_log_seq=105 sensor=Thermal sensor_seq=62 queue_latency_us=49018 elapsed_us=6353118
2026-03-25T16:07:14.960420Z  INFO ThreadId(23) sensor_read sensor="thermal" seq=63 value=23.049260171962764 drift_us=1586 jitter_us=342 latency_us=0 elapsed_us=6404026
2026-03-25T16:07:14.960453Z  INFO ThreadId(23) sensor_read sensor="power" seq=31 value=2.6389794383163596 drift_us=1640 jitter_us=280 latency_us=1 elapsed_us=6404071
2026-03-25T16:07:14.960496Z  INFO ThreadId(10) Task dispatched task="ThermalControl" drift_us=1630
2026-03-25T16:07:14.960531Z  INFO ThreadId(25) downlink_tx: sent tx_log_seq=106 sensor=Thermal sensor_seq=63 queue_latency_us=119 elapsed_us=6404041
2026-03-25T16:07:14.960550Z  INFO ThreadId(25) downlink_tx: sent tx_log_seq=107 sensor=Power sensor_seq=31 queue_latency_us=96 elapsed_us=6404041
2026-03-25T16:07:15.060387Z  INFO ThreadId(25) Task dispatched task="ThermalControl" drift_us=1538
2026-03-25T16:07:15.060393Z  INFO ThreadId(23) sensor_read sensor="thermal" seq=64 value=66.87592680041331 drift_us=1564 jitter_us=154 latency_us=1 elapsed_us=6504004
2026-03-25T16:07:15.060408Z  INFO ThreadId(10) sensor_read sensor="imu" seq=12 value=-0.07848284397578564 drift_us=1578 jitter_us=703 latency_us=0 elapsed_us=6504023
2026-03-25T16:07:15.060517Z  INFO ThreadId(25) downlink_tx: sent tx_log_seq=108 sensor=Imu sensor_seq=12 queue_latency_us=110 elapsed_us=6504030
2026-03-25T16:07:15.060533Z  INFO ThreadId(25) downlink_tx: sent tx_log_seq=109 sensor=Thermal sensor_seq=64 queue_latency_us=145 elapsed_us=6504030
2026-03-25T16:07:15.066396Z  INFO ThreadId(23) Task dispatched task="DataCompress" drift_us=7554
2026-03-25T16:07:15.159670Z  INFO ThreadId(23) Task dispatched task="ThermalControl" drift_us=821
2026-03-25T16:07:15.159678Z  INFO ThreadId(02) sensor_read sensor="thermal" seq=65 value=49.997580585149166 drift_us=846 jitter_us=696 latency_us=0 elapsed_us=6603286
2026-03-25T16:07:15.159690Z  INFO ThreadId(25) sensor_read sensor="power" seq=32 value=4.645056297272791 drift_us=872 jitter_us=789 latency_us=0 elapsed_us=6603303
2026-03-25T16:07:15.159801Z  INFO ThreadId(02) downlink_tx: sent tx_log_seq=110 sensor=Power sensor_seq=32 queue_latency_us=115 elapsed_us=6603311
2026-03-25T16:07:15.159816Z  INFO ThreadId(02) downlink_tx: sent tx_log_seq=111 sensor=Thermal sensor_seq=65 queue_latency_us=148 elapsed_us=6603311
2026-03-25T16:07:15.260394Z  INFO ThreadId(10) Task dispatched task="ThermalControl" drift_us=1544
2026-03-25T16:07:15.260399Z  WARN ThreadId(23) JITTER EXCEEDED 1ms limit sensor="thermal" jitter_us=1440 consecutive_miss=1 limit_us=1000 elapsed_us=6704008
2026-03-25T16:07:15.260414Z  INFO ThreadId(23) sensor_read sensor="thermal" seq=66 value=61.04682946052305 drift_us=1568 jitter_us=1440 latency_us=0 elapsed_us=6704008
2026-03-25T16:07:15.309660Z  INFO ThreadId(25) downlink_tx: sent tx_log_seq=112 sensor=Thermal sensor_seq=66 queue_latency_us=49233 elapsed_us=6753126
2026-03-25T16:07:15.360654Z  INFO ThreadId(25) sensor_read sensor="thermal" seq=67 value=27.82433496281851 drift_us=1821 jitter_us=469 latency_us=0 elapsed_us=6804261
2026-03-25T16:07:15.360679Z  INFO ThreadId(10) Task dispatched task="ThermalControl" drift_us=1842
2026-03-25T16:07:15.360684Z ERROR ThreadId(25) JITTER LIMIT VIOLATED (>1ms) sensor="power" jitter_us=1765
2026-03-25T16:07:15.360688Z  INFO ThreadId(25) sensor_read sensor="power" seq=33 value=4.045585090331012 drift_us=1869 jitter_us=1765 latency_us=0 elapsed_us=6804300
2026-03-25T16:07:15.360766Z  INFO ThreadId(02) downlink_tx: sent tx_log_seq=113 sensor=Thermal sensor_seq=67 queue_latency_us=119 elapsed_us=6804277
2026-03-25T16:07:15.360782Z  INFO ThreadId(02) downlink_tx: sent tx_log_seq=114 sensor=Power sensor_seq=33 queue_latency_us=100 elapsed_us=6804277
2026-03-25T16:07:15.460342Z  INFO ThreadId(02) Task dispatched task="ThermalControl" drift_us=1493
2026-03-25T16:07:15.460346Z  INFO ThreadId(10) sensor_read sensor="thermal" seq=68 value=52.510215083352875 drift_us=1516 jitter_us=558 latency_us=0 elapsed_us=6903956
2026-03-25T16:07:15.460463Z  INFO ThreadId(21) downlink_tx: sent tx_log_seq=115 sensor=Thermal sensor_seq=68 queue_latency_us=118 elapsed_us=6903972
2026-03-25T16:07:15.560484Z ERROR ThreadId(10) JITTER LIMIT VIOLATED (>1ms) sensor="power" jitter_us=1207
2026-03-25T16:07:15.560504Z  INFO ThreadId(10) sensor_read sensor="power" seq=34 value=3.4431004929509825 drift_us=1659 jitter_us=1207 latency_us=1 elapsed_us=7004090
2026-03-25T16:07:15.560521Z  INFO ThreadId(10) sensor_read sensor="imu" seq=13 value=-0.0705652520668477 drift_us=1694 jitter_us=439 latency_us=0 elapsed_us=7004139
2026-03-25T16:07:15.560530Z  INFO ThreadId(10) sensor_read sensor="thermal" seq=69 value=70.02326631670132 drift_us=1708 jitter_us=497 latency_us=0 elapsed_us=7004148
2026-03-25T16:07:15.560537Z  INFO ThreadId(10) Task dispatched task="ThermalControl" drift_us=1706
2026-03-25T16:07:15.560736Z  INFO ThreadId(02) downlink_tx: sent tx_log_seq=116 sensor=Imu sensor_seq=13 queue_latency_us=195 elapsed_us=7004166
2026-03-25T16:07:15.560792Z  INFO ThreadId(02) downlink_tx: sent tx_log_seq=117 sensor=Power sensor_seq=34 queue_latency_us=316 elapsed_us=7004166
2026-03-25T16:07:15.560818Z  INFO ThreadId(02) downlink_tx: sent tx_log_seq=118 sensor=Thermal sensor_seq=69 queue_latency_us=287 elapsed_us=7004166
2026-03-25T16:07:15.566461Z  INFO ThreadId(10) Task dispatched task="DataCompress" drift_us=7620
2026-03-25T16:07:15.588480Z  INFO ThreadId(21) Task dispatched task="HealthMonitor" drift_us=29626
2026-03-25T16:07:15.660651Z  INFO ThreadId(10) Task dispatched task="ThermalControl" drift_us=1806
2026-03-25T16:07:15.660617Z  INFO ThreadId(25) sensor_read sensor="thermal" seq=70 value=40.22205470657194 drift_us=1775 jitter_us=125 latency_us=0 elapsed_us=7104215
2026-03-25T16:07:15.709804Z  INFO ThreadId(02) downlink_tx: sent tx_log_seq=119 sensor=Thermal sensor_seq=70 queue_latency_us=49192 elapsed_us=7153301
2026-03-25T16:07:15.760271Z  INFO ThreadId(25) Task dispatched task="ThermalControl" drift_us=1417
2026-03-25T16:07:15.760321Z  INFO ThreadId(25) sensor_read sensor="power" seq=35 value=4.1241451029943565 drift_us=1505 jitter_us=56 latency_us=0 elapsed_us=7203936
2026-03-25T16:07:15.760386Z  INFO ThreadId(02) sensor_read sensor="thermal" seq=71 value=21.711374788940102 drift_us=1499 jitter_us=343 latency_us=0 elapsed_us=7203939
2026-03-25T16:07:15.810102Z  INFO ThreadId(25) downlink_tx: sent tx_log_seq=120 sensor=Power sensor_seq=35 queue_latency_us=49760 elapsed_us=7253534
2026-03-25T16:07:15.810151Z  INFO ThreadId(25) downlink_tx: sent tx_log_seq=121 sensor=Thermal sensor_seq=71 queue_latency_us=49826 elapsed_us=7253534
2026-03-25T16:07:15.860554Z  INFO ThreadId(25) Task dispatched task="ThermalControl" drift_us=1703
2026-03-25T16:07:15.860575Z  INFO ThreadId(02) sensor_read sensor="thermal" seq=72 value=45.835406413679245 drift_us=1725 jitter_us=502 latency_us=0 elapsed_us=7304165
2026-03-25T16:07:15.910748Z  INFO ThreadId(21) downlink_tx: sent tx_log_seq=122 sensor=Thermal sensor_seq=72 queue_latency_us=50176 elapsed_us=7354179
2026-03-25T16:07:15.960184Z  INFO ThreadId(02) Task dispatched task="ThermalControl" drift_us=1335
2026-03-25T16:07:15.960209Z  INFO ThreadId(02) sensor_read sensor="power" seq=36 value=0.6826535941341229 drift_us=1395 jitter_us=44 latency_us=1 elapsed_us=7403826
2026-03-25T16:07:15.960266Z  INFO ThreadId(21) sensor_read sensor="thermal" seq=73 value=57.87675413437532 drift_us=1416 jitter_us=535 latency_us=0 elapsed_us=7403856
2026-03-25T16:07:15.960325Z  INFO ThreadId(02) downlink_tx: sent tx_log_seq=123 sensor=Power sensor_seq=36 queue_latency_us=116 elapsed_us=7403841
2026-03-25T16:07:15.960338Z  INFO ThreadId(02) downlink_tx: sent tx_log_seq=124 sensor=Thermal sensor_seq=73 queue_latency_us=98 elapsed_us=7403841
2026-03-25T16:07:16.060346Z  INFO ThreadId(21) Task dispatched task="ThermalControl" drift_us=1494
2026-03-25T16:07:16.060350Z  INFO ThreadId(25) sensor_read sensor="thermal" seq=74 value=41.80544848840448 drift_us=1522 jitter_us=415 latency_us=0 elapsed_us=7503962
2026-03-25T16:07:16.060371Z  INFO ThreadId(25) sensor_read sensor="imu" seq=14 value=0.005468396748805393 drift_us=1544 jitter_us=266 latency_us=0 elapsed_us=7503989
2026-03-25T16:07:16.060478Z  INFO ThreadId(21) downlink_tx: sent tx_log_seq=125 sensor=Imu sensor_seq=14 queue_latency_us=106 elapsed_us=7503989
2026-03-25T16:07:16.060497Z  INFO ThreadId(21) downlink_tx: sent tx_log_seq=126 sensor=Thermal sensor_seq=74 queue_latency_us=153 elapsed_us=7503989
2026-03-25T16:07:16.067329Z  INFO ThreadId(02) Task dispatched task="DataCompress" drift_us=8489
2026-03-25T16:07:16.160324Z  INFO ThreadId(21) Task dispatched task="ThermalControl" drift_us=1475
2026-03-25T16:07:16.160359Z  INFO ThreadId(21) sensor_read sensor="power" seq=37 value=2.0136646898316903 drift_us=1546 jitter_us=261 latency_us=0 elapsed_us=7603977
2026-03-25T16:07:16.160367Z  INFO ThreadId(02) sensor_read sensor="thermal" seq=75 value=52.440268909135476 drift_us=1531 jitter_us=97 latency_us=1 elapsed_us=7603971
2026-03-25T16:07:16.210498Z  INFO ThreadId(02) downlink_tx: sent tx_log_seq=127 sensor=Power sensor_seq=37 queue_latency_us=50120 elapsed_us=7653939
2026-03-25T16:07:16.210554Z  INFO ThreadId(02) downlink_tx: sent tx_log_seq=128 sensor=Thermal sensor_seq=75 queue_latency_us=50197 elapsed_us=7653939
2026-03-25T16:07:16.260562Z  INFO ThreadId(02) sensor_read sensor="thermal" seq=76 value=57.38559405621859 drift_us=1729 jitter_us=189 latency_us=0 elapsed_us=7704169
2026-03-25T16:07:16.260638Z  INFO ThreadId(21) Task dispatched task="ThermalControl" drift_us=1781
2026-03-25T16:07:16.310802Z  INFO ThreadId(02) downlink_tx: sent tx_log_seq=129 sensor=Thermal sensor_seq=76 queue_latency_us=50236 elapsed_us=7754302
2026-03-25T16:07:16.360406Z  INFO ThreadId(02) sensor_read sensor="thermal" seq=77 value=77.34047779935494 drift_us=1573 jitter_us=354 latency_us=0 elapsed_us=7804013
2026-03-25T16:07:16.360439Z  INFO ThreadId(02) sensor_read sensor="power" seq=38 value=1.3162185538264346 drift_us=1626 jitter_us=71 latency_us=0 elapsed_us=7804057
2026-03-25T16:07:16.360446Z  INFO ThreadId(25) Task dispatched task="ThermalControl" drift_us=1609
2026-03-25T16:07:16.360600Z  INFO ThreadId(10) downlink_tx: sent tx_log_seq=130 sensor=Thermal sensor_seq=77 queue_latency_us=195 elapsed_us=7804049
2026-03-25T16:07:16.360647Z  INFO ThreadId(10) downlink_tx: sent tx_log_seq=131 sensor=Power sensor_seq=38 queue_latency_us=205 elapsed_us=7804049
2026-03-25T16:07:16.460013Z  INFO ThreadId(10) Task dispatched task="ThermalControl" drift_us=1163
2026-03-25T16:07:16.460022Z  INFO ThreadId(02) sensor_read sensor="thermal" seq=78 value=65.30223696699468 drift_us=1189 jitter_us=228 latency_us=0 elapsed_us=7903629
2026-03-25T16:07:16.460178Z  INFO ThreadId(23) downlink_tx: sent tx_log_seq=132 sensor=Thermal sensor_seq=78 queue_latency_us=156 elapsed_us=7903644
2026-03-25T16:07:16.560368Z  INFO ThreadId(02) Task dispatched task="ThermalControl" drift_us=1519
2026-03-25T16:07:16.560372Z  INFO ThreadId(25) sensor_read sensor="power" seq=39 value=4.081280117493902 drift_us=1552 jitter_us=154 latency_us=0 elapsed_us=8003983
2026-03-25T16:07:16.560390Z  INFO ThreadId(02) sensor_read sensor="thermal" seq=79 value=65.23082255767308 drift_us=1568 jitter_us=763 latency_us=0 elapsed_us=8004008
2026-03-25T16:07:16.560393Z  INFO ThreadId(10) sensor_read sensor="imu" seq=15 value=0.04388615400633861 drift_us=1562 jitter_us=168 latency_us=0 elapsed_us=8004007
2026-03-25T16:07:16.560508Z  INFO ThreadId(23) downlink_tx: sent tx_log_seq=133 sensor=Imu sensor_seq=15 queue_latency_us=115 elapsed_us=8004018
2026-03-25T16:07:16.560526Z  INFO ThreadId(23) downlink_tx: sent tx_log_seq=134 sensor=Power sensor_seq=39 queue_latency_us=160 elapsed_us=8004018
2026-03-25T16:07:16.560537Z  INFO ThreadId(23) downlink_tx: sent tx_log_seq=135 sensor=Thermal sensor_seq=79 queue_latency_us=147 elapsed_us=8004018
2026-03-25T16:07:16.567355Z  INFO ThreadId(10) Task dispatched task="DataCompress" drift_us=8514
2026-03-25T16:07:16.588471Z  INFO ThreadId(23) Task dispatched task="HealthMonitor" drift_us=29624
2026-03-25T16:07:16.660242Z  INFO ThreadId(23) Task dispatched task="ThermalControl" drift_us=1392
2026-03-25T16:07:16.660246Z  INFO ThreadId(10) sensor_read sensor="thermal" seq=80 value=31.219370591856027 drift_us=1417 jitter_us=530 latency_us=0 elapsed_us=8103857
2026-03-25T16:07:16.660357Z  INFO ThreadId(21) downlink_tx: sent tx_log_seq=136 sensor=Thermal sensor_seq=80 queue_latency_us=113 elapsed_us=8103872
2026-03-25T16:07:16.760335Z  INFO ThreadId(10) Task dispatched task="ThermalControl" drift_us=1486
2026-03-25T16:07:16.760340Z  INFO ThreadId(25) sensor_read sensor="thermal" seq=81 value=32.3512992874099 drift_us=1510 jitter_us=244 latency_us=1 elapsed_us=8203950
2026-03-25T16:07:16.760369Z  INFO ThreadId(21) sensor_read sensor="power" seq=40 value=2.8819311594476407 drift_us=1550 jitter_us=72 latency_us=0 elapsed_us=8203981
2026-03-25T16:07:16.760448Z  INFO ThreadId(23) downlink_tx: sent tx_log_seq=137 sensor=Thermal sensor_seq=81 queue_latency_us=110 elapsed_us=8203965
2026-03-25T16:07:16.760466Z  INFO ThreadId(23) downlink_tx: sent tx_log_seq=138 sensor=Power sensor_seq=40 queue_latency_us=102 elapsed_us=8203965
2026-03-25T16:07:16.860299Z  INFO ThreadId(02) Task dispatched task="ThermalControl" drift_us=1450
2026-03-25T16:07:16.860305Z  INFO ThreadId(10) sensor_read sensor="thermal" seq=82 value=48.51550499048537 drift_us=1475 jitter_us=128 latency_us=0 elapsed_us=8303915
2026-03-25T16:07:16.860413Z  INFO ThreadId(21) downlink_tx: sent tx_log_seq=139 sensor=Thermal sensor_seq=82 queue_latency_us=111 elapsed_us=8303929
2026-03-25T16:07:16.960427Z  INFO ThreadId(25) sensor_read sensor="thermal" seq=83 value=54.464045298436844 drift_us=1593 jitter_us=153 latency_us=0 elapsed_us=8404033
2026-03-25T16:07:16.960460Z  INFO ThreadId(25) sensor_read sensor="power" seq=41 value=0.7282058213231157 drift_us=1647 jitter_us=99 latency_us=0 elapsed_us=8404078
2026-03-25T16:07:16.960469Z  INFO ThreadId(25) Task dispatched task="ThermalControl" drift_us=1637
2026-03-25T16:07:16.960536Z  INFO ThreadId(02) downlink_tx: sent tx_log_seq=140 sensor=Thermal sensor_seq=83 queue_latency_us=115 elapsed_us=8404051
2026-03-25T16:07:16.960551Z  INFO ThreadId(02) downlink_tx: sent tx_log_seq=141 sensor=Power sensor_seq=41 queue_latency_us=91 elapsed_us=8404051
2026-03-25T16:07:17.060217Z  INFO ThreadId(02) Task dispatched task="ThermalControl" drift_us=1366
2026-03-25T16:07:17.060223Z  INFO ThreadId(21) sensor_read sensor="thermal" seq=84 value=51.91247099663677 drift_us=1393 jitter_us=318 latency_us=0 elapsed_us=8503833
2026-03-25T16:07:17.060253Z  INFO ThreadId(10) sensor_read sensor="imu" seq=16 value=-0.06908237701382602 drift_us=1419 jitter_us=161 latency_us=0 elapsed_us=8503864
2026-03-25T16:07:17.060345Z  INFO ThreadId(25) downlink_tx: sent tx_log_seq=142 sensor=Thermal sensor_seq=84 queue_latency_us=125 elapsed_us=8503847
2026-03-25T16:07:17.060362Z  INFO ThreadId(25) downlink_tx: sent tx_log_seq=143 sensor=Imu sensor_seq=16 queue_latency_us=116 elapsed_us=8503847
2026-03-25T16:07:17.065507Z  INFO ThreadId(02) Task dispatched task="DataCompress" drift_us=6671
2026-03-25T16:07:17.160583Z  INFO ThreadId(02) sensor_read sensor="thermal" seq=85 value=22.156452572105113 drift_us=1746 jitter_us=553 latency_us=0 elapsed_us=8604186
2026-03-25T16:07:17.160610Z  INFO ThreadId(10) sensor_read sensor="power" seq=42 value=1.581501716391082 drift_us=1783 jitter_us=39 latency_us=0 elapsed_us=8604214
2026-03-25T16:07:17.160626Z  INFO ThreadId(25) Task dispatched task="ThermalControl" drift_us=1788
2026-03-25T16:07:17.160714Z  INFO ThreadId(21) downlink_tx: sent tx_log_seq=144 sensor=Power sensor_seq=42 queue_latency_us=113 elapsed_us=8604223
2026-03-25T16:07:17.160729Z  INFO ThreadId(21) downlink_tx: sent tx_log_seq=145 sensor=Thermal sensor_seq=85 queue_latency_us=159 elapsed_us=8604223
2026-03-25T16:07:17.260458Z  INFO ThreadId(10) Task dispatched task="ThermalControl" drift_us=1624
2026-03-25T16:07:17.260457Z  INFO ThreadId(02) sensor_read sensor="thermal" seq=86 value=56.5783005807682 drift_us=1624 jitter_us=475 latency_us=0 elapsed_us=8704064
2026-03-25T16:07:17.310746Z  INFO ThreadId(25) downlink_tx: sent tx_log_seq=146 sensor=Thermal sensor_seq=86 queue_latency_us=50286 elapsed_us=8754238
2026-03-25T16:07:17.360675Z  INFO ThreadId(25) sensor_read sensor="thermal" seq=87 value=50.35965402238541 drift_us=1840 jitter_us=338 latency_us=1 elapsed_us=8804280
2026-03-25T16:07:17.360703Z  INFO ThreadId(21) Task dispatched task="ThermalControl" drift_us=1865
2026-03-25T16:07:17.360710Z  INFO ThreadId(25) sensor_read sensor="power" seq=43 value=1.234560396908761 drift_us=1896 jitter_us=23 latency_us=0 elapsed_us=8804327
2026-03-25T16:07:17.360804Z  INFO ThreadId(02) downlink_tx: sent tx_log_seq=147 sensor=Thermal sensor_seq=87 queue_latency_us=137 elapsed_us=8804296
2026-03-25T16:07:17.360829Z  INFO ThreadId(02) downlink_tx: sent tx_log_seq=148 sensor=Power sensor_seq=43 queue_latency_us=121 elapsed_us=8804296
2026-03-25T16:07:17.460484Z  INFO ThreadId(24) Task dispatched task="ThermalControl" drift_us=1642
2026-03-25T16:07:17.460485Z  INFO ThreadId(25) sensor_read sensor="thermal" seq=88 value=37.498432198961424 drift_us=1658 jitter_us=398 latency_us=0 elapsed_us=8904098
2026-03-25T16:07:17.510655Z  INFO ThreadId(21) downlink_tx: sent tx_log_seq=149 sensor=Thermal sensor_seq=88 queue_latency_us=50159 elapsed_us=8954155
2026-03-25T16:07:17.560414Z  INFO ThreadId(24) Task dispatched task="ThermalControl" drift_us=1559
2026-03-25T16:07:17.560457Z  INFO ThreadId(24) sensor_read sensor="thermal" seq=89 value=57.486348437310525 drift_us=1628 jitter_us=152 latency_us=0 elapsed_us=9004068
2026-03-25T16:07:17.560451Z  INFO ThreadId(21) sensor_read sensor="power" seq=44 value=2.9940345760267055 drift_us=1610 jitter_us=399 latency_us=1 elapsed_us=9004041
2026-03-25T16:07:17.560475Z  INFO ThreadId(25) sensor_read sensor="imu" seq=17 value=0.08135423294362748 drift_us=1633 jitter_us=357 latency_us=0 elapsed_us=9004078
2026-03-25T16:07:17.560641Z  INFO ThreadId(24) downlink_tx: sent tx_log_seq=150 sensor=Imu sensor_seq=17 queue_latency_us=177 elapsed_us=9004094
2026-03-25T16:07:17.560678Z  INFO ThreadId(24) downlink_tx: sent tx_log_seq=151 sensor=Power sensor_seq=44 queue_latency_us=252 elapsed_us=9004094
2026-03-25T16:07:17.560703Z  INFO ThreadId(24) downlink_tx: sent tx_log_seq=152 sensor=Thermal sensor_seq=89 queue_latency_us=251 elapsed_us=9004094
2026-03-25T16:07:17.566461Z  INFO ThreadId(25) Task dispatched task="DataCompress" drift_us=7617
2026-03-25T16:07:17.588229Z  INFO ThreadId(25) Task dispatched task="HealthMonitor" drift_us=29371
2026-03-25T16:07:17.660656Z  INFO ThreadId(24) Task dispatched task="ThermalControl" drift_us=1813
2026-03-25T16:07:17.660662Z  INFO ThreadId(02) sensor_read sensor="thermal" seq=90 value=44.66104281279068 drift_us=1829 jitter_us=231 latency_us=1 elapsed_us=9104269
2026-03-25T16:07:17.710585Z  INFO ThreadId(24) downlink_tx: sent tx_log_seq=153 sensor=Thermal sensor_seq=90 queue_latency_us=49919 elapsed_us=9154085
2026-03-25T16:07:17.760271Z  INFO ThreadId(21) Task dispatched task="ThermalControl" drift_us=1422
2026-03-25T16:07:17.760276Z  INFO ThreadId(02) sensor_read sensor="thermal" seq=91 value=76.47992411717028 drift_us=1447 jitter_us=583 latency_us=0 elapsed_us=9203887
2026-03-25T16:07:17.760306Z  INFO ThreadId(25) sensor_read sensor="power" seq=45 value=0.7149203504978469 drift_us=1487 jitter_us=163 latency_us=0 elapsed_us=9203918
2026-03-25T16:07:17.760388Z  INFO ThreadId(24) downlink_tx: sent tx_log_seq=154 sensor=Thermal sensor_seq=91 queue_latency_us=113 elapsed_us=9203903
2026-03-25T16:07:17.760406Z  INFO ThreadId(24) downlink_tx: sent tx_log_seq=155 sensor=Power sensor_seq=45 queue_latency_us=105 elapsed_us=9203903
2026-03-25T16:07:17.860450Z  INFO ThreadId(25) Task dispatched task="ThermalControl" drift_us=1613
2026-03-25T16:07:17.860450Z  INFO ThreadId(10) sensor_read sensor="thermal" seq=92 value=52.08405447172406 drift_us=1617 jitter_us=552 latency_us=0 elapsed_us=9304057
2026-03-25T16:07:17.910479Z  INFO ThreadId(02) downlink_tx: sent tx_log_seq=156 sensor=Thermal sensor_seq=92 queue_latency_us=50018 elapsed_us=9353920
2026-03-25T16:07:17.960538Z  INFO ThreadId(02) sensor_read sensor="thermal" seq=93 value=62.31653547150887 drift_us=1677 jitter_us=110 latency_us=1 elapsed_us=9404117
2026-03-25T16:07:17.960597Z  INFO ThreadId(02) sensor_read sensor="power" seq=46 value=4.29254875351722 drift_us=1782 jitter_us=418 latency_us=0 elapsed_us=9404213
2026-03-25T16:07:17.960611Z  INFO ThreadId(21) Task dispatched task="ThermalControl" drift_us=1762
2026-03-25T16:07:17.960681Z  INFO ThreadId(25) downlink_tx: sent tx_log_seq=157 sensor=Thermal sensor_seq=93 queue_latency_us=163 elapsed_us=9404143
2026-03-25T16:07:17.960724Z  INFO ThreadId(25) downlink_tx: sent tx_log_seq=158 sensor=Power sensor_seq=46 queue_latency_us=128 elapsed_us=9404143
2026-03-25T16:07:18.060720Z  INFO ThreadId(24) sensor_read sensor="thermal" seq=94 value=42.85504030959181 drift_us=1885 jitter_us=148 latency_us=0 elapsed_us=9504325
2026-03-25T16:07:18.060806Z  INFO ThreadId(02) Task dispatched task="ThermalControl" drift_us=1965
2026-03-25T16:07:18.060802Z  INFO ThreadId(21) sensor_read sensor="imu" seq=18 value=0.002754638713468177 drift_us=1946 jitter_us=99 latency_us=0 elapsed_us=9504391
2026-03-25T16:07:18.060864Z  INFO ThreadId(24) downlink_tx: sent tx_log_seq=159 sensor=Thermal sensor_seq=94 queue_latency_us=153 elapsed_us=9504375
2026-03-25T16:07:18.060878Z  INFO ThreadId(24) downlink_tx: sent tx_log_seq=160 sensor=Imu sensor_seq=18 queue_latency_us=102 elapsed_us=9504375
2026-03-25T16:07:18.066758Z  INFO ThreadId(10) Task dispatched task="DataCompress" drift_us=7916
2026-03-25T16:07:18.160659Z  INFO ThreadId(10) sensor_read sensor="thermal" seq=95 value=67.41524870475023 drift_us=1814 jitter_us=279 latency_us=1 elapsed_us=9604254
2026-03-25T16:07:18.160664Z  INFO ThreadId(02) sensor_read sensor="power" seq=47 value=1.9028372407792067 drift_us=1835 jitter_us=242 latency_us=0 elapsed_us=9604266
2026-03-25T16:07:18.160699Z  INFO ThreadId(10) Task dispatched task="ThermalControl" drift_us=1865
2026-03-25T16:07:18.160896Z  INFO ThreadId(21) downlink_tx: sent tx_log_seq=161 sensor=Power sensor_seq=47 queue_latency_us=236 elapsed_us=9604325
2026-03-25T16:07:18.160944Z  INFO ThreadId(21) downlink_tx: sent tx_log_seq=162 sensor=Thermal sensor_seq=95 queue_latency_us=304 elapsed_us=9604325
2026-03-25T16:07:18.260264Z  INFO ThreadId(02) Task dispatched task="ThermalControl" drift_us=1417
2026-03-25T16:07:18.260272Z  INFO ThreadId(21) sensor_read sensor="thermal" seq=96 value=56.392457929549 drift_us=1444 jitter_us=299 latency_us=0 elapsed_us=9703884
2026-03-25T16:07:18.260432Z  INFO ThreadId(25) downlink_tx: sent tx_log_seq=163 sensor=Thermal sensor_seq=96 queue_latency_us=147 elapsed_us=9703908
2026-03-25T16:07:18.360771Z  INFO ThreadId(21) sensor_read sensor="thermal" seq=97 value=57.02718435845399 drift_us=1921 jitter_us=847 latency_us=1 elapsed_us=9804361
2026-03-25T16:07:18.360799Z  INFO ThreadId(10) sensor_read sensor="power" seq=48 value=2.869659325257844 drift_us=1971 jitter_us=83 latency_us=0 elapsed_us=9804402
2026-03-25T16:07:18.360828Z  INFO ThreadId(10) Task dispatched task="ThermalControl" drift_us=1994
2026-03-25T16:07:18.360943Z  INFO ThreadId(25) downlink_tx: sent tx_log_seq=164 sensor=Power sensor_seq=48 queue_latency_us=145 elapsed_us=9804421
2026-03-25T16:07:18.360983Z  INFO ThreadId(25) downlink_tx: sent tx_log_seq=165 sensor=Thermal sensor_seq=97 queue_latency_us=235 elapsed_us=9804421
2026-03-25T16:07:18.460611Z  INFO ThreadId(21) Task dispatched task="ThermalControl" drift_us=1770
2026-03-25T16:07:18.460611Z  INFO ThreadId(10) sensor_read sensor="thermal" seq=98 value=78.7284381696111 drift_us=1768 jitter_us=630 latency_us=0 elapsed_us=9904208
2026-03-25T16:07:18.510357Z  INFO ThreadId(10) downlink_tx: sent tx_log_seq=166 sensor=Thermal sensor_seq=98 queue_latency_us=49753 elapsed_us=9953854
2026-03-25T16:07:18.560265Z  INFO ThreadId(24) rms_scheduler CPU usage cpu_util_pct=13.2481664537628
2026-03-25T16:07:18.560269Z  INFO ThreadId(10) sensor_read sensor="power" seq=49 value=2.7544229791592243 drift_us=1448 jitter_us=659 latency_us=0 elapsed_us=10003879
2026-03-25T16:07:18.560284Z  INFO ThreadId(24) Task dispatched task="ThermalControl" drift_us=1415
2026-03-25T16:07:18.560280Z  INFO ThreadId(21) sensor_read sensor="thermal" seq=99 value=30.827602820626883 drift_us=1452 jitter_us=163 latency_us=0 elapsed_us=10003892
2026-03-25T16:07:18.560293Z  INFO ThreadId(10) sensor_read sensor="imu" seq=19 value=0.0940203046021757 drift_us=1465 jitter_us=794 latency_us=0 elapsed_us=10003910
2026-03-25T16:07:18.560391Z  INFO ThreadId(24) downlink_tx: sent tx_log_seq=167 sensor=Power sensor_seq=49 queue_latency_us=128 elapsed_us=10003909
2026-03-25T16:07:18.560403Z  INFO ThreadId(24) downlink_tx: sent tx_log_seq=168 sensor=Imu sensor_seq=19 queue_latency_us=111 elapsed_us=10003909
2026-03-25T16:07:18.560412Z  INFO ThreadId(24) downlink_tx: sent tx_log_seq=169 sensor=Thermal sensor_seq=99 queue_latency_us=138 elapsed_us=10003909
2026-03-25T16:07:18.566078Z  INFO ThreadId(25) Task dispatched task="DataCompress" drift_us=7233
2026-03-25T16:07:18.570072Z  WARN ThreadId(25) FAULT INJECTED fault=DelayedSensor severity=2 elapsed_us=10013684
2026-03-25T16:07:18.570088Z  INFO ThreadId(25) satellite state → Fault (fault injection) fault=DelayedSensor elapsed_us=10013684
2026-03-25T16:07:18.571278Z  INFO ThreadId(25) uplink_rx: received cmd=Heartbeat seq=2 dispatch_latency_us=0 elapsed_us=10014893
2026-03-25T16:07:18.571290Z  WARN ThreadId(25) INTERLOCK: command blocked — system in Fault state cmd=Heartbeat reason="interlock_active"
2026-03-25T16:07:18.587241Z  INFO ThreadId(25) Task dispatched task="HealthMonitor" drift_us=28394
2026-03-25T16:07:18.621452Z  INFO ThreadId(25) fault_pkt sent to GCS — awaiting ResetSensor command elapsed_us=10065056
2026-03-25T16:07:18.660681Z  INFO ThreadId(10) Task dispatched task="ThermalControl" drift_us=1837
2026-03-25T16:07:18.660696Z  INFO ThreadId(21) sensor_read sensor="thermal" seq=100 value=56.65539558985904 drift_us=1868 jitter_us=732 latency_us=1 elapsed_us=10104308
2026-03-25T16:07:18.660773Z  INFO ThreadId(02) downlink_tx: sent tx_log_seq=170 sensor=Thermal sensor_seq=100 queue_latency_us=77 elapsed_us=10104273
2026-03-25T16:07:18.678694Z  INFO ThreadId(10) uplink_rx: received cmd=SafeMode seq=3 dispatch_latency_us=0 elapsed_us=10122288
2026-03-25T16:07:18.678727Z  INFO ThreadId(10) command executed cmd=SafeMode
2026-03-25T16:07:18.725141Z  INFO ThreadId(02) uplink_rx: received cmd=ResetSensor seq=4 dispatch_latency_us=0 elapsed_us=10168738
2026-03-25T16:07:18.725173Z  INFO ThreadId(02) command executed cmd=ResetSensor
2026-03-25T16:07:18.732801Z  INFO ThreadId(10) FAULT RECOVERED — satellite state → Nominal recovery_ms=111 elapsed_us=10176401
2026-03-25T16:07:18.760438Z  INFO ThreadId(02) sensor_read sensor="thermal" seq=101 value=24.16459549295466 drift_us=1603 jitter_us=681 latency_us=1 elapsed_us=10204043
2026-03-25T16:07:18.760476Z  INFO ThreadId(02) sensor_read sensor="power" seq=50 value=1.7313327978448139 drift_us=1663 jitter_us=738 latency_us=0 elapsed_us=10204094
2026-03-25T16:07:18.760537Z  INFO ThreadId(21) Task dispatched task="ThermalControl" drift_us=1680
2026-03-25T16:07:18.760552Z  INFO ThreadId(24) downlink_tx: sent tx_log_seq=171 sensor=Thermal sensor_seq=101 queue_latency_us=121 elapsed_us=10204055
2026-03-25T16:07:18.760575Z  INFO ThreadId(24) downlink_tx: sent tx_log_seq=172 sensor=Power sensor_seq=50 queue_latency_us=99 elapsed_us=10204055
2026-03-25T16:07:18.860603Z  INFO ThreadId(24) Task dispatched task="ThermalControl" drift_us=1767
2026-03-25T16:07:18.860603Z  INFO ThreadId(02) sensor_read sensor="thermal" seq=102 value=40.96174426666188 drift_us=1771 jitter_us=433 latency_us=0 elapsed_us=10304211
2026-03-25T16:07:18.910510Z  INFO ThreadId(25) downlink_tx: sent tx_log_seq=173 sensor=Thermal sensor_seq=102 queue_latency_us=49903 elapsed_us=10354014
2026-03-25T16:07:18.960553Z  INFO ThreadId(25) sensor_read sensor="thermal" seq=103 value=67.79355139714224 drift_us=1718 jitter_us=221 latency_us=1 elapsed_us=10404158
2026-03-25T16:07:18.960620Z  INFO ThreadId(21) Task dispatched task="ThermalControl" drift_us=1783
2026-03-25T16:07:18.960633Z  INFO ThreadId(24) sensor_read sensor="power" seq=51 value=2.1000546663681816 drift_us=1788 jitter_us=90 latency_us=1 elapsed_us=10404219
2026-03-25T16:07:18.960695Z  INFO ThreadId(25) downlink_tx: sent tx_log_seq=174 sensor=Thermal sensor_seq=103 queue_latency_us=153 elapsed_us=10404210
2026-03-25T16:07:18.960709Z  INFO ThreadId(25) downlink_tx: sent tx_log_seq=175 sensor=Power sensor_seq=51 queue_latency_us=105 elapsed_us=10404210
2026-03-25T16:07:19.060670Z  INFO ThreadId(24) sensor_read sensor="imu" seq=20 value=0.03984160639509282 drift_us=1839 jitter_us=855 latency_us=0 elapsed_us=10504284
2026-03-25T16:07:19.060663Z  INFO ThreadId(21) sensor_read sensor="thermal" seq=104 value=56.60568449320492 drift_us=1829 jitter_us=164 latency_us=0 elapsed_us=10504269
2026-03-25T16:07:19.060694Z  INFO ThreadId(21) Task dispatched task="ThermalControl" drift_us=1861
2026-03-25T16:07:19.060787Z  INFO ThreadId(10) downlink_tx: sent tx_log_seq=176 sensor=Imu sensor_seq=20 queue_latency_us=116 elapsed_us=10504299
2026-03-25T16:07:19.060805Z  INFO ThreadId(10) downlink_tx: sent tx_log_seq=177 sensor=Thermal sensor_seq=104 queue_latency_us=153 elapsed_us=10504299
2026-03-25T16:07:19.067468Z  INFO ThreadId(24) Task dispatched task="DataCompress" drift_us=8623
2026-03-25T16:07:19.160319Z  INFO ThreadId(10) Task dispatched task="ThermalControl" drift_us=1470
2026-03-25T16:07:19.160325Z  INFO ThreadId(24) sensor_read sensor="thermal" seq=105 value=65.63726658255815 drift_us=1495 jitter_us=445 latency_us=1 elapsed_us=10603935
2026-03-25T16:07:19.160342Z  INFO ThreadId(10) sensor_read sensor="power" seq=52 value=1.7963434522155879 drift_us=1529 jitter_us=384 latency_us=0 elapsed_us=10603960
2026-03-25T16:07:19.160443Z  INFO ThreadId(02) downlink_tx: sent tx_log_seq=178 sensor=Thermal sensor_seq=105 queue_latency_us=120 elapsed_us=10603954
2026-03-25T16:07:19.160458Z  INFO ThreadId(02) downlink_tx: sent tx_log_seq=179 sensor=Power sensor_seq=52 queue_latency_us=115 elapsed_us=10603954
2026-03-25T16:07:19.260554Z  INFO ThreadId(24) Task dispatched task="ThermalControl" drift_us=1718
2026-03-25T16:07:19.260554Z  INFO ThreadId(10) sensor_read sensor="thermal" seq=106 value=66.30542451763408 drift_us=1721 jitter_us=560 latency_us=0 elapsed_us=10704161
2026-03-25T16:07:19.310768Z  INFO ThreadId(02) downlink_tx: sent tx_log_seq=180 sensor=Thermal sensor_seq=106 queue_latency_us=50210 elapsed_us=10754262
2026-03-25T16:07:19.360412Z  INFO ThreadId(02) sensor_read sensor="thermal" seq=107 value=68.9949673662941 drift_us=1577 jitter_us=370 latency_us=0 elapsed_us=10804017
2026-03-25T16:07:19.360434Z  INFO ThreadId(21) Task dispatched task="ThermalControl" drift_us=1597
2026-03-25T16:07:19.360482Z  INFO ThreadId(25) sensor_read sensor="power" seq=53 value=3.4454174012894927 drift_us=1645 jitter_us=375 latency_us=0 elapsed_us=10804076
2026-03-25T16:07:19.360523Z  INFO ThreadId(10) downlink_tx: sent tx_log_seq=181 sensor=Thermal sensor_seq=107 queue_latency_us=119 elapsed_us=10804031
2026-03-25T16:07:19.360537Z  INFO ThreadId(10) downlink_tx: sent tx_log_seq=182 sensor=Power sensor_seq=53 queue_latency_us=78 elapsed_us=10804031
2026-03-25T16:07:19.461305Z  WARN ThreadId(21) JITTER EXCEEDED 1ms limit sensor="thermal" jitter_us=1042 consecutive_miss=1 limit_us=1000 elapsed_us=10904915
2026-03-25T16:07:19.461327Z  INFO ThreadId(21) sensor_read sensor="thermal" seq=108 value=61.43390470355646 drift_us=2475 jitter_us=1042 latency_us=0 elapsed_us=10904915
2026-03-25T16:07:19.461331Z  INFO ThreadId(25) Task dispatched task="ThermalControl" drift_us=2493
2026-03-25T16:07:19.510305Z  INFO ThreadId(23) downlink_tx: sent tx_log_seq=183 sensor=Thermal sensor_seq=108 queue_latency_us=48965 elapsed_us=10953793
2026-03-25T16:07:19.560349Z  INFO ThreadId(25) Task dispatched task="ThermalControl" drift_us=1499
2026-03-25T16:07:19.560355Z  INFO ThreadId(23) sensor_read sensor="power" seq=54 value=3.9504394440864683 drift_us=1534 jitter_us=227 latency_us=0 elapsed_us=11003965
2026-03-25T16:07:19.560369Z  WARN ThreadId(25) JITTER EXCEEDED 1ms limit sensor="thermal" jitter_us=1826 consecutive_miss=2 limit_us=1000 elapsed_us=11003987
2026-03-25T16:07:19.560374Z  INFO ThreadId(25) sensor_read sensor="thermal" seq=109 value=41.122971179356895 drift_us=1547 jitter_us=1826 latency_us=0 elapsed_us=11003987
2026-03-25T16:07:19.560373Z  INFO ThreadId(21) sensor_read sensor="imu" seq=21 value=0.04222308642106118 drift_us=1541 jitter_us=672 latency_us=0 elapsed_us=11003986
2026-03-25T16:07:19.560485Z  INFO ThreadId(10) downlink_tx: sent tx_log_seq=184 sensor=Imu sensor_seq=21 queue_latency_us=113 elapsed_us=11003999
2026-03-25T16:07:19.560499Z  INFO ThreadId(10) downlink_tx: sent tx_log_seq=185 sensor=Power sensor_seq=54 queue_latency_us=151 elapsed_us=11003999
2026-03-25T16:07:19.560513Z  INFO ThreadId(10) downlink_tx: sent tx_log_seq=186 sensor=Thermal sensor_seq=109 queue_latency_us=140 elapsed_us=11003999
2026-03-25T16:07:19.567431Z  INFO ThreadId(25) Task dispatched task="DataCompress" drift_us=8588
2026-03-25T16:07:19.589410Z  INFO ThreadId(25) Task dispatched task="HealthMonitor" drift_us=30555
2026-03-25T16:07:19.660676Z  WARN ThreadId(02) JITTER EXCEEDED 1ms limit sensor="thermal" jitter_us=1232 consecutive_miss=3 limit_us=1000 elapsed_us=11104291
2026-03-25T16:07:19.660675Z  INFO ThreadId(10) Task dispatched task="ThermalControl" drift_us=1834
2026-03-25T16:07:19.660699Z  INFO ThreadId(02) sensor_read sensor="thermal" seq=110 value=28.88998391262909 drift_us=1851 jitter_us=1232 latency_us=0 elapsed_us=11104291
2026-03-25T16:07:19.710433Z  INFO ThreadId(23) downlink_tx: sent tx_log_seq=187 sensor=Thermal sensor_seq=110 queue_latency_us=49721 elapsed_us=11153929
2026-03-25T16:07:19.760515Z  INFO ThreadId(10) sensor_read sensor="power" seq=55 value=4.265019954592953 drift_us=1698 jitter_us=275 latency_us=0 elapsed_us=11204129
2026-03-25T16:07:19.760508Z  INFO ThreadId(23) sensor_read sensor="thermal" seq=111 value=67.78985018306824 drift_us=1673 jitter_us=482 latency_us=0 elapsed_us=11204113
2026-03-25T16:07:19.760541Z  INFO ThreadId(23) Task dispatched task="ThermalControl" drift_us=1708
2026-03-25T16:07:19.760637Z  INFO ThreadId(25) downlink_tx: sent tx_log_seq=188 sensor=Power sensor_seq=55 queue_latency_us=122 elapsed_us=11204147
2026-03-25T16:07:19.760652Z  INFO ThreadId(25) downlink_tx: sent tx_log_seq=189 sensor=Thermal sensor_seq=111 queue_latency_us=156 elapsed_us=11204147
2026-03-25T16:07:19.860676Z  INFO ThreadId(10) sensor_read sensor="thermal" seq=112 value=59.7902290624869 drift_us=1843 jitter_us=348 latency_us=0 elapsed_us=11304283
2026-03-25T16:07:19.860720Z  INFO ThreadId(21) Task dispatched task="ThermalControl" drift_us=1867
2026-03-25T16:07:19.910789Z  INFO ThreadId(23) downlink_tx: sent tx_log_seq=190 sensor=Thermal sensor_seq=112 queue_latency_us=50108 elapsed_us=11354286
2026-03-25T16:07:19.960378Z  INFO ThreadId(21) Task dispatched task="ThermalControl" drift_us=1524
2026-03-25T16:07:19.960416Z  INFO ThreadId(21) sensor_read sensor="power" seq=56 value=4.946709708194746 drift_us=1600 jitter_us=262 latency_us=0 elapsed_us=11404031
2026-03-25T16:07:19.960424Z  INFO ThreadId(23) sensor_read sensor="thermal" seq=113 value=77.70412204918146 drift_us=1577 jitter_us=436 latency_us=0 elapsed_us=11404017
2026-03-25T16:07:19.960557Z  INFO ThreadId(10) downlink_tx: sent tx_log_seq=191 sensor=Power sensor_seq=56 queue_latency_us=137 elapsed_us=11404041
2026-03-25T16:07:19.960583Z  INFO ThreadId(10) downlink_tx: sent tx_log_seq=192 sensor=Thermal sensor_seq=113 queue_latency_us=181 elapsed_us=11404041
2026-03-25T16:07:20.060497Z  INFO ThreadId(21) sensor_read sensor="thermal" seq=114 value=60.98352533960768 drift_us=1662 jitter_us=351 latency_us=0 elapsed_us=11504102
2026-03-25T16:07:20.060547Z  INFO ThreadId(23) Task dispatched task="ThermalControl" drift_us=1710
2026-03-25T16:07:20.060543Z  INFO ThreadId(25) sensor_read sensor="imu" seq=22 value=0.057024391242773975 drift_us=1692 jitter_us=449 latency_us=0 elapsed_us=11504137
2026-03-25T16:07:20.060642Z  INFO ThreadId(21) downlink_tx: sent tx_log_seq=193 sensor=Imu sensor_seq=22 queue_latency_us=121 elapsed_us=11504150
2026-03-25T16:07:20.060655Z  INFO ThreadId(21) downlink_tx: sent tx_log_seq=194 sensor=Thermal sensor_seq=114 queue_latency_us=170 elapsed_us=11504150
2026-03-25T16:07:20.067302Z  INFO ThreadId(23) Task dispatched task="DataCompress" drift_us=8460
2026-03-25T16:07:20.160369Z  INFO ThreadId(21) Task dispatched task="ThermalControl" drift_us=1515
2026-03-25T16:07:20.160413Z  INFO ThreadId(23) sensor_read sensor="thermal" seq=115 value=56.20864117644463 drift_us=1567 jitter_us=180 latency_us=0 elapsed_us=11604007
2026-03-25T16:07:20.160435Z  INFO ThreadId(02) sensor_read sensor="power" seq=57 value=2.5975852807278486 drift_us=1608 jitter_us=106 latency_us=0 elapsed_us=11604039
2026-03-25T16:07:20.160550Z  INFO ThreadId(21) downlink_tx: sent tx_log_seq=195 sensor=Thermal sensor_seq=115 queue_latency_us=156 elapsed_us=11604020
2026-03-25T16:07:20.160579Z  INFO ThreadId(21) downlink_tx: sent tx_log_seq=196 sensor=Power sensor_seq=57 queue_latency_us=158 elapsed_us=11604020
2026-03-25T16:07:20.260404Z  INFO ThreadId(21) Task dispatched task="ThermalControl" drift_us=1550
2026-03-25T16:07:20.260405Z  INFO ThreadId(23) sensor_read sensor="thermal" seq=116 value=75.4708577257899 drift_us=1571 jitter_us=99 latency_us=0 elapsed_us=11704011
2026-03-25T16:07:20.260689Z  INFO ThreadId(02) downlink_tx: sent tx_log_seq=197 sensor=Thermal sensor_seq=116 queue_latency_us=289 elapsed_us=11704084
2026-03-25T16:07:20.360626Z  INFO ThreadId(02) sensor_read sensor="thermal" seq=117 value=41.17223086878633 drift_us=1786 jitter_us=211 latency_us=0 elapsed_us=11804226
2026-03-25T16:07:20.360677Z  INFO ThreadId(02) sensor_read sensor="power" seq=58 value=4.384982318937354 drift_us=1863 jitter_us=247 latency_us=0 elapsed_us=11804294
2026-03-25T16:07:20.360703Z  INFO ThreadId(21) Task dispatched task="ThermalControl" drift_us=1859
2026-03-25T16:07:20.360837Z  INFO ThreadId(23) downlink_tx: sent tx_log_seq=198 sensor=Thermal sensor_seq=117 queue_latency_us=215 elapsed_us=11804274
2026-03-25T16:07:20.360886Z  INFO ThreadId(23) downlink_tx: sent tx_log_seq=199 sensor=Power sensor_seq=58 queue_latency_us=207 elapsed_us=11804274
2026-03-25T16:07:20.460495Z  INFO ThreadId(21) Task dispatched task="ThermalControl" drift_us=1653
2026-03-25T16:07:20.460491Z  INFO ThreadId(02) sensor_read sensor="thermal" seq=118 value=40.686022483296156 drift_us=1649 jitter_us=352 latency_us=0 elapsed_us=11904089
2026-03-25T16:07:20.510476Z  INFO ThreadId(02) downlink_tx: sent tx_log_seq=200 sensor=Thermal sensor_seq=118 queue_latency_us=49990 elapsed_us=11953976
2026-03-25T16:07:20.560370Z  INFO ThreadId(10) Task dispatched task="ThermalControl" drift_us=1508
2026-03-25T16:07:20.560399Z  INFO ThreadId(21) sensor_read sensor="power" seq=59 value=3.605753316669341 drift_us=1558 jitter_us=560 latency_us=1 elapsed_us=12003989
2026-03-25T16:07:20.560418Z  INFO ThreadId(10) sensor_read sensor="thermal" seq=119 value=34.240472312906924 drift_us=1590 jitter_us=78 latency_us=0 elapsed_us=12004030
2026-03-25T16:07:20.560431Z  INFO ThreadId(02) sensor_read sensor="imu" seq=23 value=0.019526435270520184 drift_us=1590 jitter_us=253 latency_us=0 elapsed_us=12004035
2026-03-25T16:07:20.560590Z  INFO ThreadId(23) downlink_tx: sent tx_log_seq=201 sensor=Imu sensor_seq=23 queue_latency_us=165 elapsed_us=12004056
2026-03-25T16:07:20.560627Z  INFO ThreadId(23) downlink_tx: sent tx_log_seq=202 sensor=Power sensor_seq=59 queue_latency_us=252 elapsed_us=12004056
2026-03-25T16:07:20.560646Z  INFO ThreadId(23) downlink_tx: sent tx_log_seq=203 sensor=Thermal sensor_seq=119 queue_latency_us=232 elapsed_us=12004056
2026-03-25T16:07:20.567374Z  INFO ThreadId(10) Task dispatched task="DataCompress" drift_us=8536
2026-03-25T16:07:20.589231Z  INFO ThreadId(10) Task dispatched task="HealthMonitor" drift_us=30383
2026-03-25T16:07:20.660740Z  INFO ThreadId(23) sensor_read sensor="thermal" seq=120 value=55.92433057169477 drift_us=1898 jitter_us=367 latency_us=1 elapsed_us=12104338
2026-03-25T16:07:20.660754Z  INFO ThreadId(25) Task dispatched task="ThermalControl" drift_us=1903
2026-03-25T16:07:20.710683Z  INFO ThreadId(02) downlink_tx: sent tx_log_seq=204 sensor=Thermal sensor_seq=120 queue_latency_us=49935 elapsed_us=12154131
2026-03-25T16:07:20.760393Z  INFO ThreadId(02) Task dispatched task="ThermalControl" drift_us=1544
2026-03-25T16:07:20.760398Z  INFO ThreadId(23) sensor_read sensor="thermal" seq=121 value=61.220442416248616 drift_us=1569 jitter_us=637 latency_us=0 elapsed_us=12204009
2026-03-25T16:07:20.760434Z  INFO ThreadId(25) sensor_read sensor="power" seq=60 value=1.6120373697882995 drift_us=1613 jitter_us=360 latency_us=0 elapsed_us=12204044
2026-03-25T16:07:20.760512Z  INFO ThreadId(02) downlink_tx: sent tx_log_seq=205 sensor=Thermal sensor_seq=121 queue_latency_us=120 elapsed_us=12204034
2026-03-25T16:07:20.760525Z  INFO ThreadId(02) downlink_tx: sent tx_log_seq=206 sensor=Power sensor_seq=60 queue_latency_us=99 elapsed_us=12204034
2026-03-25T16:07:20.860390Z  INFO ThreadId(02) Task dispatched task="ThermalControl" drift_us=1541
2026-03-25T16:07:20.860395Z  INFO ThreadId(10) sensor_read sensor="thermal" seq=122 value=72.594572388545 drift_us=1566 jitter_us=326 latency_us=0 elapsed_us=12304006
2026-03-25T16:07:20.860512Z  INFO ThreadId(25) downlink_tx: sent tx_log_seq=207 sensor=Thermal sensor_seq=122 queue_latency_us=119 elapsed_us=12304025
2026-03-25T16:07:20.960234Z  INFO ThreadId(02) Task dispatched task="ThermalControl" drift_us=1381
2026-03-25T16:07:20.960264Z  INFO ThreadId(25) sensor_read sensor="thermal" seq=123 value=39.01053227940163 drift_us=1428 jitter_us=135 latency_us=0 elapsed_us=12403868
2026-03-25T16:07:20.960304Z  INFO ThreadId(23) sensor_read sensor="power" seq=61 value=1.1843770135681404 drift_us=1474 jitter_us=194 latency_us=0 elapsed_us=12403905
2026-03-25T16:07:20.960355Z  INFO ThreadId(02) downlink_tx: sent tx_log_seq=208 sensor=Thermal sensor_seq=123 queue_latency_us=104 elapsed_us=12403875
2026-03-25T16:07:20.960367Z  INFO ThreadId(02) downlink_tx: sent tx_log_seq=209 sensor=Power sensor_seq=61 queue_latency_us=80 elapsed_us=12403875
2026-03-25T16:07:21.060544Z  INFO ThreadId(25) sensor_read sensor="thermal" seq=124 value=27.569232074050177 drift_us=1711 jitter_us=421 latency_us=1 elapsed_us=12504151
2026-03-25T16:07:21.060552Z  INFO ThreadId(10) sensor_read sensor="imu" seq=24 value=0.047866708573552325 drift_us=1722 jitter_us=234 latency_us=0 elapsed_us=12504167
2026-03-25T16:07:21.060575Z  INFO ThreadId(25) Task dispatched task="ThermalControl" drift_us=1742
2026-03-25T16:07:21.060678Z  INFO ThreadId(02) downlink_tx: sent tx_log_seq=210 sensor=Imu sensor_seq=24 queue_latency_us=125 elapsed_us=12504185
2026-03-25T16:07:21.060694Z  INFO ThreadId(02) downlink_tx: sent tx_log_seq=211 sensor=Thermal sensor_seq=124 queue_latency_us=159 elapsed_us=12504185
2026-03-25T16:07:21.067782Z  INFO ThreadId(10) Task dispatched task="DataCompress" drift_us=8941
2026-03-25T16:07:21.160253Z  INFO ThreadId(02) Task dispatched task="ThermalControl" drift_us=1403
2026-03-25T16:07:21.160259Z  INFO ThreadId(10) sensor_read sensor="thermal" seq=125 value=49.549647384560814 drift_us=1430 jitter_us=564 latency_us=0 elapsed_us=12603870
2026-03-25T16:07:21.160302Z  INFO ThreadId(21) sensor_read sensor="power" seq=62 value=3.416975223952001 drift_us=1475 jitter_us=140 latency_us=0 elapsed_us=12603906
2026-03-25T16:07:21.160379Z  INFO ThreadId(02) downlink_tx: sent tx_log_seq=212 sensor=Thermal sensor_seq=125 queue_latency_us=124 elapsed_us=12603894
2026-03-25T16:07:21.160393Z  INFO ThreadId(02) downlink_tx: sent tx_log_seq=213 sensor=Power sensor_seq=62 queue_latency_us=104 elapsed_us=12603894
2026-03-25T16:07:21.260665Z  INFO ThreadId(10) sensor_read sensor="thermal" seq=126 value=46.67757774782934 drift_us=1832 jitter_us=683 latency_us=0 elapsed_us=12704272
2026-03-25T16:07:21.260693Z  INFO ThreadId(25) Task dispatched task="ThermalControl" drift_us=1850
2026-03-25T16:07:21.310860Z  INFO ThreadId(02) downlink_tx: sent tx_log_seq=214 sensor=Thermal sensor_seq=126 queue_latency_us=50192 elapsed_us=12754360
2026-03-25T16:07:21.360427Z  INFO ThreadId(02) sensor_read sensor="thermal" seq=127 value=31.381123797987666 drift_us=1595 jitter_us=639 latency_us=0 elapsed_us=12804035
2026-03-25T16:07:21.360454Z  INFO ThreadId(21) Task dispatched task="ThermalControl" drift_us=1616
2026-03-25T16:07:21.360459Z  INFO ThreadId(02) sensor_read sensor="power" seq=63 value=4.125845588222026 drift_us=1646 jitter_us=170 latency_us=0 elapsed_us=12804077
2026-03-25T16:07:21.360542Z  INFO ThreadId(10) downlink_tx: sent tx_log_seq=215 sensor=Thermal sensor_seq=127 queue_latency_us=121 elapsed_us=12804049
2026-03-25T16:07:21.360557Z  INFO ThreadId(10) downlink_tx: sent tx_log_seq=216 sensor=Power sensor_seq=63 queue_latency_us=98 elapsed_us=12804049
2026-03-25T16:07:21.460440Z  INFO ThreadId(21) Task dispatched task="ThermalControl" drift_us=1601
2026-03-25T16:07:21.460448Z  INFO ThreadId(23) sensor_read sensor="thermal" seq=128 value=27.402610364979438 drift_us=1618 jitter_us=260 latency_us=0 elapsed_us=12904058
2026-03-25T16:07:21.510546Z  INFO ThreadId(02) downlink_tx: sent tx_log_seq=217 sensor=Thermal sensor_seq=128 queue_latency_us=50092 elapsed_us=12954046
2026-03-25T16:07:21.560412Z  INFO ThreadId(02) sensor_read sensor="power" seq=64 value=4.580360833355044 drift_us=1586 jitter_us=231 latency_us=0 elapsed_us=13004017
2026-03-25T16:07:21.560435Z  INFO ThreadId(10) sensor_read sensor="thermal" seq=129 value=42.290134384813044 drift_us=1606 jitter_us=35 latency_us=0 elapsed_us=13004046
2026-03-25T16:07:21.560443Z  INFO ThreadId(02) Task dispatched task="ThermalControl" drift_us=1610
2026-03-25T16:07:21.560475Z  INFO ThreadId(25) sensor_read sensor="imu" seq=25 value=-0.002851099487478595 drift_us=1626 jitter_us=228 latency_us=1 elapsed_us=13004071
2026-03-25T16:07:21.560527Z  INFO ThreadId(21) downlink_tx: sent tx_log_seq=218 sensor=Power sensor_seq=64 queue_latency_us=123 elapsed_us=13004033
2026-03-25T16:07:21.560544Z  INFO ThreadId(21) downlink_tx: sent tx_log_seq=219 sensor=Imu sensor_seq=25 queue_latency_us=89 elapsed_us=13004033
2026-03-25T16:07:21.560553Z  INFO ThreadId(21) downlink_tx: sent tx_log_seq=220 sensor=Thermal sensor_seq=129 queue_latency_us=125 elapsed_us=13004033
2026-03-25T16:07:21.566409Z  INFO ThreadId(02) Task dispatched task="DataCompress" drift_us=7571
2026-03-25T16:07:21.588310Z  INFO ThreadId(02) Task dispatched task="HealthMonitor" drift_us=29461
2026-03-25T16:07:21.659934Z  INFO ThreadId(02) Task dispatched task="ThermalControl" drift_us=1082
2026-03-25T16:07:21.659936Z  INFO ThreadId(21) sensor_read sensor="thermal" seq=130 value=35.42644346474577 drift_us=1105 jitter_us=489 latency_us=1 elapsed_us=13103545
2026-03-25T16:07:21.660061Z  INFO ThreadId(25) downlink_tx: sent tx_log_seq=221 sensor=Thermal sensor_seq=130 queue_latency_us=129 elapsed_us=13103561
2026-03-25T16:07:21.760554Z  WARN ThreadId(24) JITTER EXCEEDED 1ms limit sensor="thermal" jitter_us=1118 consecutive_miss=1 limit_us=1000 elapsed_us=13204162
2026-03-25T16:07:21.760564Z  INFO ThreadId(02) sensor_read sensor="power" seq=65 value=1.0209935736677287 drift_us=1746 jitter_us=220 latency_us=0 elapsed_us=13204177
2026-03-25T16:07:21.760578Z  INFO ThreadId(24) sensor_read sensor="thermal" seq=131 value=44.052235178665995 drift_us=1722 jitter_us=1118 latency_us=0 elapsed_us=13204162
2026-03-25T16:07:21.760582Z  INFO ThreadId(02) Task dispatched task="ThermalControl" drift_us=1750
2026-03-25T16:07:21.760688Z  INFO ThreadId(25) downlink_tx: sent tx_log_seq=222 sensor=Power sensor_seq=65 queue_latency_us=124 elapsed_us=13204197
2026-03-25T16:07:21.760706Z  INFO ThreadId(25) downlink_tx: sent tx_log_seq=223 sensor=Thermal sensor_seq=131 queue_latency_us=129 elapsed_us=13204197
2026-03-25T16:07:21.860332Z  INFO ThreadId(25) Task dispatched task="ThermalControl" drift_us=1482
2026-03-25T16:07:21.860393Z  INFO ThreadId(02) sensor_read sensor="thermal" seq=132 value=22.18634057966166 drift_us=1549 jitter_us=790 latency_us=0 elapsed_us=13303989
2026-03-25T16:07:21.910559Z  INFO ThreadId(02) downlink_tx: sent tx_log_seq=224 sensor=Thermal sensor_seq=132 queue_latency_us=50170 elapsed_us=13354013
2026-03-25T16:07:21.959658Z  INFO ThreadId(25) Task dispatched task="ThermalControl" drift_us=809
2026-03-25T16:07:21.959699Z ERROR ThreadId(25) JITTER LIMIT VIOLATED (>1ms) sensor="power" jitter_us=1021
2026-03-25T16:07:21.959703Z  INFO ThreadId(25) sensor_read sensor="power" seq=66 value=1.0597199319986084 drift_us=885 jitter_us=1021 latency_us=0 elapsed_us=13403316
2026-03-25T16:07:21.959752Z  INFO ThreadId(02) sensor_read sensor="thermal" seq=133 value=64.05009883062846 drift_us=886 jitter_us=490 latency_us=0 elapsed_us=13403326
2026-03-25T16:07:22.010747Z  INFO ThreadId(25) downlink_tx: sent tx_log_seq=225 sensor=Power sensor_seq=66 queue_latency_us=51035 elapsed_us=13454244
2026-03-25T16:07:22.010774Z  INFO ThreadId(25) downlink_tx: sent tx_log_seq=226 sensor=Thermal sensor_seq=133 queue_latency_us=51064 elapsed_us=13454244
2026-03-25T16:07:22.060489Z  WARN ThreadId(25) JITTER EXCEEDED 1ms limit sensor="thermal" jitter_us=1434 consecutive_miss=1 limit_us=1000 elapsed_us=13504097
2026-03-25T16:07:22.060513Z  INFO ThreadId(25) sensor_read sensor="thermal" seq=134 value=41.68673340469081 drift_us=1657 jitter_us=1434 latency_us=0 elapsed_us=13504097
2026-03-25T16:07:22.060540Z  INFO ThreadId(02) sensor_read sensor="imu" seq=26 value=0.028070459186028796 drift_us=1700 jitter_us=170 latency_us=0 elapsed_us=13504145
2026-03-25T16:07:22.060633Z  INFO ThreadId(25) downlink_tx: sent tx_log_seq=227 sensor=Imu sensor_seq=26 queue_latency_us=104 elapsed_us=13504149
2026-03-25T16:07:22.060619Z  INFO ThreadId(24) Task dispatched task="ThermalControl" drift_us=1762
2026-03-25T16:07:22.060656Z  INFO ThreadId(25) downlink_tx: sent tx_log_seq=228 sensor=Thermal sensor_seq=134 queue_latency_us=144 elapsed_us=13504149
2026-03-25T16:07:22.067437Z  INFO ThreadId(02) Task dispatched task="DataCompress" drift_us=8599
2026-03-25T16:07:22.160423Z  INFO ThreadId(02) sensor_read sensor="thermal" seq=135 value=74.15771877597007 drift_us=1589 jitter_us=839 latency_us=0 elapsed_us=13604029
2026-03-25T16:07:22.160448Z  INFO ThreadId(21) Task dispatched task="ThermalControl" drift_us=1609
2026-03-25T16:07:22.160460Z ERROR ThreadId(02) JITTER LIMIT VIOLATED (>1ms) sensor="power" jitter_us=1623
2026-03-25T16:07:22.160463Z  INFO ThreadId(02) sensor_read sensor="power" seq=67 value=2.0288361838570252 drift_us=1647 jitter_us=1623 latency_us=0 elapsed_us=13604078
2026-03-25T16:07:22.160535Z  INFO ThreadId(24) downlink_tx: sent tx_log_seq=229 sensor=Thermal sensor_seq=135 queue_latency_us=119 elapsed_us=13604043
2026-03-25T16:07:22.160553Z  INFO ThreadId(24) downlink_tx: sent tx_log_seq=230 sensor=Power sensor_seq=67 queue_latency_us=94 elapsed_us=13604043
2026-03-25T16:07:22.259984Z  INFO ThreadId(21) Task dispatched task="ThermalControl" drift_us=1135
2026-03-25T16:07:22.260029Z  INFO ThreadId(24) sensor_read sensor="thermal" seq=136 value=60.37703074777784 drift_us=1193 jitter_us=328 latency_us=0 elapsed_us=13703633
2026-03-25T16:07:22.310345Z  INFO ThreadId(21) downlink_tx: sent tx_log_seq=231 sensor=Thermal sensor_seq=136 queue_latency_us=50314 elapsed_us=13753840
2026-03-25T16:07:22.360602Z  INFO ThreadId(21) sensor_read sensor="thermal" seq=137 value=54.78886954718132 drift_us=1769 jitter_us=972 latency_us=0 elapsed_us=13804209
2026-03-25T16:07:22.360685Z  INFO ThreadId(24) sensor_read sensor="power" seq=68 value=2.2155163789779397 drift_us=1845 jitter_us=564 latency_us=1 elapsed_us=13804276
2026-03-25T16:07:22.360713Z  INFO ThreadId(02) Task dispatched task="ThermalControl" drift_us=1873
2026-03-25T16:07:22.360736Z  INFO ThreadId(21) downlink_tx: sent tx_log_seq=232 sensor=Thermal sensor_seq=137 queue_latency_us=143 elapsed_us=13804257
2026-03-25T16:07:22.360749Z  INFO ThreadId(21) downlink_tx: sent tx_log_seq=233 sensor=Power sensor_seq=68 queue_latency_us=88 elapsed_us=13804257
2026-03-25T16:07:22.460084Z  INFO ThreadId(21) Task dispatched task="ThermalControl" drift_us=1227
2026-03-25T16:07:22.460111Z  WARN ThreadId(25) JITTER EXCEEDED 1ms limit sensor="thermal" jitter_us=1076 consecutive_miss=1 limit_us=1000 elapsed_us=13903709
2026-03-25T16:07:22.460130Z  INFO ThreadId(25) sensor_read sensor="thermal" seq=138 value=47.54787626383306 drift_us=1269 jitter_us=1076 latency_us=1 elapsed_us=13903709
2026-03-25T16:07:22.510771Z  INFO ThreadId(02) downlink_tx: sent tx_log_seq=234 sensor=Thermal sensor_seq=138 queue_latency_us=50628 elapsed_us=13954272
2026-03-25T16:07:22.560670Z  INFO ThreadId(24) Task dispatched task="ThermalControl" drift_us=1824
2026-03-25T16:07:22.560613Z  INFO ThreadId(02) sensor_read sensor="power" seq=69 value=2.7190073243704687 drift_us=1771 jitter_us=272 latency_us=1 elapsed_us=14004202
2026-03-25T16:07:22.560716Z  INFO ThreadId(02) sensor_read sensor="imu" seq=27 value=0.05841188607943795 drift_us=1880 jitter_us=106 latency_us=0 elapsed_us=14004325
2026-03-25T16:07:22.560716Z  WARN ThreadId(10) JITTER EXCEEDED 1ms limit sensor="thermal" jitter_us=1116 consecutive_miss=2 limit_us=1000 elapsed_us=14004325
2026-03-25T16:07:22.560739Z  INFO ThreadId(10) sensor_read sensor="thermal" seq=139 value=78.06886022604995 drift_us=1885 jitter_us=1116 latency_us=0 elapsed_us=14004325
2026-03-25T16:07:22.560795Z  INFO ThreadId(25) downlink_tx: sent tx_log_seq=235 sensor=Power sensor_seq=69 queue_latency_us=193 elapsed_us=14004234
2026-03-25T16:07:22.560839Z  INFO ThreadId(25) downlink_tx: sent tx_log_seq=236 sensor=Imu sensor_seq=27 queue_latency_us=130 elapsed_us=14004234
2026-03-25T16:07:22.560874Z  INFO ThreadId(25) downlink_tx: sent tx_log_seq=237 sensor=Thermal sensor_seq=139 queue_latency_us=137 elapsed_us=14004234
2026-03-25T16:07:22.566981Z  INFO ThreadId(24) Task dispatched task="DataCompress" drift_us=8141
2026-03-25T16:07:22.588127Z  INFO ThreadId(24) Task dispatched task="HealthMonitor" drift_us=29279
2026-03-25T16:07:22.660284Z  WARN ThreadId(25) JITTER EXCEEDED 1ms limit sensor="thermal" jitter_us=1044 consecutive_miss=3 limit_us=1000 elapsed_us=14103897
2026-03-25T16:07:22.660283Z  INFO ThreadId(24) Task dispatched task="ThermalControl" drift_us=1433
2026-03-25T16:07:22.660303Z  INFO ThreadId(25) sensor_read sensor="thermal" seq=140 value=78.83328368379634 drift_us=1457 jitter_us=1044 latency_us=0 elapsed_us=14103897
2026-03-25T16:07:22.660486Z  INFO ThreadId(10) downlink_tx: sent tx_log_seq=238 sensor=Thermal sensor_seq=140 queue_latency_us=176 elapsed_us=14103934
2026-03-25T16:07:22.760554Z  INFO ThreadId(24) sensor_read sensor="thermal" seq=141 value=27.836902537707708 drift_us=1717 jitter_us=688 latency_us=1 elapsed_us=14204157
2026-03-25T16:07:22.760595Z  INFO ThreadId(24) sensor_read sensor="power" seq=70 value=1.1228098300350204 drift_us=1782 jitter_us=85 latency_us=0 elapsed_us=14204213
2026-03-25T16:07:22.760650Z  INFO ThreadId(10) Task dispatched task="ThermalControl" drift_us=1799
2026-03-25T16:07:22.760691Z  INFO ThreadId(25) downlink_tx: sent tx_log_seq=239 sensor=Thermal sensor_seq=141 queue_latency_us=138 elapsed_us=14204181
2026-03-25T16:07:22.760715Z  INFO ThreadId(25) downlink_tx: sent tx_log_seq=240 sensor=Power sensor_seq=70 queue_latency_us=120 elapsed_us=14204181
2026-03-25T16:07:22.860678Z  INFO ThreadId(23) Task dispatched task="ThermalControl" drift_us=1840
2026-03-25T16:07:22.860673Z  INFO ThreadId(10) sensor_read sensor="thermal" seq=142 value=50.1931373485943 drift_us=1835 jitter_us=142 latency_us=0 elapsed_us=14304275
2026-03-25T16:07:22.910492Z  INFO ThreadId(23) downlink_tx: sent tx_log_seq=241 sensor=Thermal sensor_seq=142 queue_latency_us=49821 elapsed_us=14353996
2026-03-25T16:07:22.960592Z  INFO ThreadId(10) sensor_read sensor="thermal" seq=143 value=78.29160550473624 drift_us=1755 jitter_us=198 latency_us=1 elapsed_us=14404195
2026-03-25T16:07:22.960613Z  INFO ThreadId(23) sensor_read sensor="power" seq=71 value=1.235195227475228 drift_us=1790 jitter_us=3 latency_us=0 elapsed_us=14404221
2026-03-25T16:07:22.960633Z  INFO ThreadId(23) Task dispatched task="ThermalControl" drift_us=1800
2026-03-25T16:07:22.960784Z  INFO ThreadId(02) downlink_tx: sent tx_log_seq=242 sensor=Power sensor_seq=71 queue_latency_us=161 elapsed_us=14404259
2026-03-25T16:07:22.960819Z  INFO ThreadId(02) downlink_tx: sent tx_log_seq=243 sensor=Thermal sensor_seq=143 queue_latency_us=240 elapsed_us=14404259
2026-03-25T16:07:23.060696Z  INFO ThreadId(10) sensor_read sensor="thermal" seq=144 value=38.877673868948996 drift_us=1861 jitter_us=186 latency_us=0 elapsed_us=14504301
2026-03-25T16:07:23.060733Z  INFO ThreadId(10) Task dispatched task="ThermalControl" drift_us=1901
2026-03-25T16:07:23.060774Z  INFO ThreadId(23) sensor_read sensor="imu" seq=28 value=-0.0959720786239997 drift_us=1921 jitter_us=139 latency_us=0 elapsed_us=14504366
2026-03-25T16:07:23.060813Z  INFO ThreadId(25) downlink_tx: sent tx_log_seq=244 sensor=Thermal sensor_seq=144 queue_latency_us=127 elapsed_us=14504321
2026-03-25T16:07:23.060830Z  INFO ThreadId(25) downlink_tx: sent tx_log_seq=245 sensor=Imu sensor_seq=28 queue_latency_us=79 elapsed_us=14504321
2026-03-25T16:07:23.066687Z  INFO ThreadId(10) Task dispatched task="DataCompress" drift_us=7847
2026-03-25T16:07:23.160294Z  INFO ThreadId(25) Task dispatched task="ThermalControl" drift_us=1445
2026-03-25T16:07:23.160299Z  INFO ThreadId(10) sensor_read sensor="thermal" seq=145 value=23.920250063045998 drift_us=1469 jitter_us=498 latency_us=0 elapsed_us=14603909
2026-03-25T16:07:23.160316Z  INFO ThreadId(10) sensor_read sensor="power" seq=72 value=3.1695065314318107 drift_us=1503 jitter_us=295 latency_us=0 elapsed_us=14603934
2026-03-25T16:07:23.160410Z  INFO ThreadId(25) downlink_tx: sent tx_log_seq=246 sensor=Power sensor_seq=72 queue_latency_us=93 elapsed_us=14603935
2026-03-25T16:07:23.160425Z  INFO ThreadId(25) downlink_tx: sent tx_log_seq=247 sensor=Thermal sensor_seq=145 queue_latency_us=133 elapsed_us=14603935
2026-03-25T16:07:23.260365Z  INFO ThreadId(10) Task dispatched task="ThermalControl" drift_us=1513
2026-03-25T16:07:23.260369Z  INFO ThreadId(23) sensor_read sensor="thermal" seq=146 value=25.157380525769145 drift_us=1538 jitter_us=461 latency_us=0 elapsed_us=14703978
2026-03-25T16:07:23.260490Z  INFO ThreadId(25) downlink_tx: sent tx_log_seq=248 sensor=Thermal sensor_seq=146 queue_latency_us=125 elapsed_us=14703994
2026-03-25T16:07:23.360270Z  INFO ThreadId(23) Task dispatched task="ThermalControl" drift_us=1418
2026-03-25T16:07:23.360276Z  INFO ThreadId(24) sensor_read sensor="thermal" seq=147 value=46.80222593127215 drift_us=1444 jitter_us=163 latency_us=1 elapsed_us=14803884
2026-03-25T16:07:23.360297Z  INFO ThreadId(23) sensor_read sensor="power" seq=73 value=1.1815372618066116 drift_us=1484 jitter_us=268 latency_us=0 elapsed_us=14803915
2026-03-25T16:07:23.360409Z  INFO ThreadId(25) downlink_tx: sent tx_log_seq=249 sensor=Thermal sensor_seq=147 queue_latency_us=136 elapsed_us=14803910
2026-03-25T16:07:23.360426Z  INFO ThreadId(25) downlink_tx: sent tx_log_seq=250 sensor=Power sensor_seq=73 queue_latency_us=129 elapsed_us=14803910
2026-03-25T16:07:23.460726Z  INFO ThreadId(24) Task dispatched task="ThermalControl" drift_us=1867
2026-03-25T16:07:23.460734Z  INFO ThreadId(25) sensor_read sensor="thermal" seq=148 value=62.84872890483543 drift_us=1891 jitter_us=541 latency_us=0 elapsed_us=14904331
2026-03-25T16:07:23.510557Z  INFO ThreadId(23) downlink_tx: sent tx_log_seq=251 sensor=Thermal sensor_seq=148 queue_latency_us=49829 elapsed_us=14954057
2026-03-25T16:07:23.560285Z  INFO ThreadId(24) Task dispatched task="ThermalControl" drift_us=1435
2026-03-25T16:07:23.560309Z  INFO ThreadId(24) sensor_read sensor="thermal" seq=149 value=62.7673427649209 drift_us=1486 jitter_us=852 latency_us=0 elapsed_us=15003926
2026-03-25T16:07:23.560317Z  INFO ThreadId(23) sensor_read sensor="power" seq=74 value=2.1427947890424077 drift_us=1490 jitter_us=25 latency_us=1 elapsed_us=15003921
2026-03-25T16:07:23.560346Z  INFO ThreadId(23) sensor_read sensor="imu" seq=29 value=-0.098598045799088 drift_us=1517 jitter_us=445 latency_us=0 elapsed_us=15003962
2026-03-25T16:07:23.560421Z  INFO ThreadId(24) downlink_tx: sent tx_log_seq=252 sensor=Power sensor_seq=74 queue_latency_us=116 elapsed_us=15003937
2026-03-25T16:07:23.560433Z  INFO ThreadId(24) downlink_tx: sent tx_log_seq=253 sensor=Imu sensor_seq=29 queue_latency_us=88 elapsed_us=15003937
2026-03-25T16:07:23.560442Z  INFO ThreadId(24) downlink_tx: sent tx_log_seq=254 sensor=Thermal sensor_seq=149 queue_latency_us=135 elapsed_us=15003937
2026-03-25T16:07:23.566336Z  INFO ThreadId(02) Task dispatched task="DataCompress" drift_us=7497
2026-03-25T16:07:23.569522Z  INFO ThreadId(02) uplink_rx: received cmd=Heartbeat seq=5 dispatch_latency_us=0 elapsed_us=15013132
2026-03-25T16:07:23.569535Z  INFO ThreadId(02) command executed cmd=Heartbeat
2026-03-25T16:07:23.587160Z  INFO ThreadId(02) Task dispatched task="HealthMonitor" drift_us=28310
2026-03-25T16:07:23.660478Z  INFO ThreadId(24) sensor_read sensor="thermal" seq=150 value=52.133394121024004 drift_us=1644 jitter_us=563 latency_us=0 elapsed_us=15104084
2026-03-25T16:07:23.660564Z  INFO ThreadId(23) Task dispatched task="ThermalControl" drift_us=1727
2026-03-25T16:07:23.710326Z  INFO ThreadId(23) downlink_tx: sent tx_log_seq=255 sensor=Thermal sensor_seq=150 queue_latency_us=49846 elapsed_us=15153827
2026-03-25T16:07:23.760281Z  INFO ThreadId(24) Task dispatched task="ThermalControl" drift_us=1431
2026-03-25T16:07:23.760286Z  INFO ThreadId(25) sensor_read sensor="thermal" seq=151 value=48.29467098074249 drift_us=1457 jitter_us=345 latency_us=0 elapsed_us=15203897
2026-03-25T16:07:23.760305Z  INFO ThreadId(25) sensor_read sensor="power" seq=75 value=1.5479777855754344 drift_us=1491 jitter_us=5 latency_us=0 elapsed_us=15203922
2026-03-25T16:07:23.760399Z  INFO ThreadId(23) downlink_tx: sent tx_log_seq=256 sensor=Thermal sensor_seq=151 queue_latency_us=115 elapsed_us=15203914
2026-03-25T16:07:23.760417Z  INFO ThreadId(23) downlink_tx: sent tx_log_seq=257 sensor=Power sensor_seq=75 queue_latency_us=113 elapsed_us=15203914
2026-03-25T16:07:23.859878Z  INFO ThreadId(25) Task dispatched task="ThermalControl" drift_us=1030
2026-03-25T16:07:23.859884Z  INFO ThreadId(02) sensor_read sensor="thermal" seq=152 value=73.60069980606715 drift_us=1053 jitter_us=217 latency_us=0 elapsed_us=15303493
2026-03-25T16:07:23.860062Z  INFO ThreadId(24) downlink_tx: sent tx_log_seq=258 sensor=Thermal sensor_seq=152 queue_latency_us=171 elapsed_us=15303538
2026-03-25T16:07:23.960529Z  WARN ThreadId(25) JITTER EXCEEDED 1ms limit sensor="thermal" jitter_us=1039 consecutive_miss=1 limit_us=1000 elapsed_us=15404128
2026-03-25T16:07:23.960550Z  INFO ThreadId(25) sensor_read sensor="thermal" seq=153 value=73.52826978824575 drift_us=1688 jitter_us=1039 latency_us=0 elapsed_us=15404128
2026-03-25T16:07:23.960563Z  INFO ThreadId(24) Task dispatched task="ThermalControl" drift_us=1726
2026-03-25T16:07:23.960563Z  INFO ThreadId(02) sensor_read sensor="power" seq=76 value=4.143541750792306 drift_us=1739 jitter_us=247 latency_us=0 elapsed_us=15404170
2026-03-25T16:07:24.010573Z  INFO ThreadId(25) downlink_tx: sent tx_log_seq=259 sensor=Power sensor_seq=76 queue_latency_us=50007 elapsed_us=15454075
2026-03-25T16:07:24.010598Z  INFO ThreadId(25) downlink_tx: sent tx_log_seq=260 sensor=Thermal sensor_seq=153 queue_latency_us=50050 elapsed_us=15454075
2026-03-25T16:07:24.060661Z  INFO ThreadId(24) sensor_read sensor="imu" seq=30 value=0.06204063001864221 drift_us=1831 jitter_us=718 latency_us=1 elapsed_us=15504276
2026-03-25T16:07:24.060655Z  INFO ThreadId(25) sensor_read sensor="thermal" seq=154 value=29.30607137822493 drift_us=1822 jitter_us=501 latency_us=0 elapsed_us=15504262
2026-03-25T16:07:24.060685Z  INFO ThreadId(25) Task dispatched task="ThermalControl" drift_us=1852
2026-03-25T16:07:24.060780Z  INFO ThreadId(02) downlink_tx: sent tx_log_seq=261 sensor=Imu sensor_seq=30 queue_latency_us=117 elapsed_us=15504294
2026-03-25T16:07:24.060802Z  INFO ThreadId(02) downlink_tx: sent tx_log_seq=262 sensor=Thermal sensor_seq=154 queue_latency_us=157 elapsed_us=15504294
2026-03-25T16:07:24.067685Z  INFO ThreadId(24) Task dispatched task="DataCompress" drift_us=8846
2026-03-25T16:07:24.160343Z  INFO ThreadId(24) Task dispatched task="ThermalControl" drift_us=1491
2026-03-25T16:07:24.160349Z  INFO ThreadId(02) sensor_read sensor="thermal" seq=155 value=45.24180809238439 drift_us=1520 jitter_us=436 latency_us=0 elapsed_us=15603960
2026-03-25T16:07:24.160483Z  INFO ThreadId(23) downlink_tx: sent tx_log_seq=263 sensor=Thermal sensor_seq=155 queue_latency_us=133 elapsed_us=15603985
2026-03-25T16:07:24.160496Z  INFO ThreadId(23) sensor_read sensor="power" seq=77 value=2.952426044613704 drift_us=1555 jitter_us=432 latency_us=0 elapsed_us=15603986
2026-03-25T16:07:24.160518Z  INFO ThreadId(23) downlink_tx: sent tx_log_seq=264 sensor=Power sensor_seq=77 queue_latency_us=149 elapsed_us=15603985
2026-03-25T16:07:24.260349Z  INFO ThreadId(23) Task dispatched task="ThermalControl" drift_us=1500
2026-03-25T16:07:24.260354Z  INFO ThreadId(25) sensor_read sensor="thermal" seq=156 value=26.354365658686536 drift_us=1525 jitter_us=307 latency_us=0 elapsed_us=15703965
2026-03-25T16:07:24.260466Z  INFO ThreadId(24) downlink_tx: sent tx_log_seq=265 sensor=Thermal sensor_seq=156 queue_latency_us=114 elapsed_us=15703980
2026-03-25T16:07:24.360381Z  INFO ThreadId(02) Task dispatched task="ThermalControl" drift_us=1532
2026-03-25T16:07:24.360390Z  INFO ThreadId(24) sensor_read sensor="thermal" seq=157 value=33.76948220988055 drift_us=1559 jitter_us=29 latency_us=1 elapsed_us=15803999
2026-03-25T16:07:24.360409Z  INFO ThreadId(24) sensor_read sensor="power" seq=78 value=4.738432161622122 drift_us=1596 jitter_us=225 latency_us=0 elapsed_us=15804027
2026-03-25T16:07:24.360505Z  INFO ThreadId(02) downlink_tx: sent tx_log_seq=266 sensor=Thermal sensor_seq=157 queue_latency_us=122 elapsed_us=15804023
2026-03-25T16:07:24.360519Z  INFO ThreadId(02) downlink_tx: sent tx_log_seq=267 sensor=Power sensor_seq=78 queue_latency_us=110 elapsed_us=15804023
2026-03-25T16:07:24.460220Z  INFO ThreadId(23) Task dispatched task="ThermalControl" drift_us=1371
2026-03-25T16:07:24.460227Z  INFO ThreadId(02) sensor_read sensor="thermal" seq=158 value=56.80338062740282 drift_us=1397 jitter_us=196 latency_us=0 elapsed_us=15903837
2026-03-25T16:07:24.460340Z  INFO ThreadId(23) downlink_tx: sent tx_log_seq=268 sensor=Thermal sensor_seq=158 queue_latency_us=119 elapsed_us=15903860
2026-03-25T16:07:24.560569Z  INFO ThreadId(24) sensor_read sensor="power" seq=79 value=1.1677675248360213 drift_us=1742 jitter_us=105 latency_us=0 elapsed_us=16004173
2026-03-25T16:07:24.560585Z  INFO ThreadId(23) sensor_read sensor="imu" seq=31 value=0.019632061446148666 drift_us=1752 jitter_us=393 latency_us=0 elapsed_us=16004197
2026-03-25T16:07:24.560608Z  INFO ThreadId(23) sensor_read sensor="thermal" seq=159 value=56.43227001567202 drift_us=1785 jitter_us=550 latency_us=0 elapsed_us=16004225
2026-03-25T16:07:24.560624Z  INFO ThreadId(23) Task dispatched task="ThermalControl" drift_us=1792
2026-03-25T16:07:24.560725Z  INFO ThreadId(24) downlink_tx: sent tx_log_seq=269 sensor=Imu sensor_seq=31 queue_latency_us=142 elapsed_us=16004221
2026-03-25T16:07:24.560744Z  INFO ThreadId(24) downlink_tx: sent tx_log_seq=270 sensor=Power sensor_seq=79 queue_latency_us=189 elapsed_us=16004221
2026-03-25T16:07:24.560762Z  INFO ThreadId(24) downlink_tx: sent tx_log_seq=271 sensor=Thermal sensor_seq=159 queue_latency_us=155 elapsed_us=16004221
2026-03-25T16:07:24.566591Z  INFO ThreadId(23) Task dispatched task="DataCompress" drift_us=7744
2026-03-25T16:07:24.588171Z  INFO ThreadId(23) Task dispatched task="HealthMonitor" drift_us=29322
2026-03-25T16:07:24.660655Z  INFO ThreadId(24) sensor_read sensor="thermal" seq=160 value=71.33395180521238 drift_us=1820 jitter_us=353 latency_us=0 elapsed_us=16104260
2026-03-25T16:07:24.660707Z  INFO ThreadId(25) Task dispatched task="ThermalControl" drift_us=1866
2026-03-25T16:07:24.710580Z  INFO ThreadId(24) downlink_tx: sent tx_log_seq=272 sensor=Thermal sensor_seq=160 queue_latency_us=49923 elapsed_us=16154078
2026-03-25T16:07:24.760529Z  INFO ThreadId(24) sensor_read sensor="thermal" seq=161 value=58.233654289795574 drift_us=1680 jitter_us=175 latency_us=0 elapsed_us=16204120
2026-03-25T16:07:24.760590Z  INFO ThreadId(02) sensor_read sensor="power" seq=80 value=3.5467581349573054 drift_us=1749 jitter_us=139 latency_us=0 elapsed_us=16204180
2026-03-25T16:07:24.760621Z  INFO ThreadId(23) Task dispatched task="ThermalControl" drift_us=1780
2026-03-25T16:07:24.760745Z  INFO ThreadId(24) downlink_tx: sent tx_log_seq=273 sensor=Power sensor_seq=80 queue_latency_us=177 elapsed_us=16204204
2026-03-25T16:07:24.760790Z  INFO ThreadId(24) downlink_tx: sent tx_log_seq=274 sensor=Thermal sensor_seq=161 queue_latency_us=283 elapsed_us=16204204
2026-03-25T16:07:24.860850Z  INFO ThreadId(25) Task dispatched task="ThermalControl" drift_us=1999
2026-03-25T16:07:24.860837Z  INFO ThreadId(24) sensor_read sensor="thermal" seq=162 value=45.98079885278527 drift_us=1987 jitter_us=447 latency_us=0 elapsed_us=16304427
2026-03-25T16:07:24.909597Z  INFO ThreadId(23) downlink_tx: sent tx_log_seq=275 sensor=Thermal sensor_seq=162 queue_latency_us=48773 elapsed_us=16353097
2026-03-25T16:07:24.960407Z  INFO ThreadId(25) Task dispatched task="ThermalControl" drift_us=1556
2026-03-25T16:07:24.960447Z  INFO ThreadId(25) sensor_read sensor="power" seq=81 value=4.844210601496551 drift_us=1633 jitter_us=123 latency_us=0 elapsed_us=16404064
2026-03-25T16:07:24.960458Z  INFO ThreadId(23) sensor_read sensor="thermal" seq=163 value=53.389327665541025 drift_us=1619 jitter_us=675 latency_us=0 elapsed_us=16404059
2026-03-25T16:07:25.010410Z  INFO ThreadId(24) downlink_tx: sent tx_log_seq=276 sensor=Power sensor_seq=81 queue_latency_us=49951 elapsed_us=16453908
2026-03-25T16:07:25.010436Z  INFO ThreadId(24) downlink_tx: sent tx_log_seq=277 sensor=Thermal sensor_seq=163 queue_latency_us=49993 elapsed_us=16453908
2026-03-25T16:07:25.060603Z  INFO ThreadId(24) sensor_read sensor="thermal" seq=164 value=21.76262761960231 drift_us=1764 jitter_us=513 latency_us=0 elapsed_us=16504204
2026-03-25T16:07:25.060653Z  INFO ThreadId(24) sensor_read sensor="imu" seq=32 value=0.02731452676533372 drift_us=1824 jitter_us=151 latency_us=0 elapsed_us=16504269
2026-03-25T16:07:25.060668Z  INFO ThreadId(24) Task dispatched task="ThermalControl" drift_us=1836
2026-03-25T16:07:25.060859Z  INFO ThreadId(25) downlink_tx: sent tx_log_seq=278 sensor=Imu sensor_seq=32 queue_latency_us=188 elapsed_us=16504288
2026-03-25T16:07:25.060914Z  INFO ThreadId(25) downlink_tx: sent tx_log_seq=279 sensor=Thermal sensor_seq=164 queue_latency_us=324 elapsed_us=16504288
2026-03-25T16:07:25.067429Z  INFO ThreadId(24) Task dispatched task="DataCompress" drift_us=8586
2026-03-25T16:07:25.160229Z  INFO ThreadId(25) Task dispatched task="ThermalControl" drift_us=1381
2026-03-25T16:07:25.160234Z  INFO ThreadId(24) sensor_read sensor="thermal" seq=165 value=62.882155736782266 drift_us=1404 jitter_us=505 latency_us=0 elapsed_us=16603844
2026-03-25T16:07:25.160245Z  INFO ThreadId(10) sensor_read sensor="power" seq=82 value=2.56098165718367 drift_us=1429 jitter_us=88 latency_us=0 elapsed_us=16603860
2026-03-25T16:07:25.160420Z  INFO ThreadId(23) downlink_tx: sent tx_log_seq=280 sensor=Power sensor_seq=82 queue_latency_us=165 elapsed_us=16603877
2026-03-25T16:07:25.160464Z  INFO ThreadId(23) downlink_tx: sent tx_log_seq=281 sensor=Thermal sensor_seq=165 queue_latency_us=235 elapsed_us=16603877
2026-03-25T16:07:25.260181Z  INFO ThreadId(25) Task dispatched task="ThermalControl" drift_us=1332
2026-03-25T16:07:25.260186Z  INFO ThreadId(10) sensor_read sensor="thermal" seq=166 value=59.22434035748899 drift_us=1356 jitter_us=312 latency_us=0 elapsed_us=16703796
2026-03-25T16:07:25.260300Z  INFO ThreadId(02) downlink_tx: sent tx_log_seq=282 sensor=Thermal sensor_seq=166 queue_latency_us=116 elapsed_us=16703811
2026-03-25T16:07:25.360427Z  INFO ThreadId(24) sensor_read sensor="thermal" seq=167 value=54.3214419860466 drift_us=1594 jitter_us=286 latency_us=0 elapsed_us=16804034
2026-03-25T16:07:25.360454Z  INFO ThreadId(02) Task dispatched task="ThermalControl" drift_us=1617
2026-03-25T16:07:25.360459Z  INFO ThreadId(24) sensor_read sensor="power" seq=83 value=1.7487210171533016 drift_us=1644 jitter_us=419 latency_us=0 elapsed_us=16804075
2026-03-25T16:07:25.360536Z  INFO ThreadId(25) downlink_tx: sent tx_log_seq=283 sensor=Thermal sensor_seq=167 queue_latency_us=115 elapsed_us=16804049
2026-03-25T16:07:25.360550Z  INFO ThreadId(25) downlink_tx: sent tx_log_seq=284 sensor=Power sensor_seq=83 queue_latency_us=93 elapsed_us=16804049
2026-03-25T16:07:25.460493Z  INFO ThreadId(23) Task dispatched task="ThermalControl" drift_us=1655
2026-03-25T16:07:25.460493Z  INFO ThreadId(02) sensor_read sensor="thermal" seq=168 value=68.98446194081934 drift_us=1661 jitter_us=171 latency_us=0 elapsed_us=16904101
2026-03-25T16:07:25.510456Z  INFO ThreadId(23) downlink_tx: sent tx_log_seq=285 sensor=Thermal sensor_seq=168 queue_latency_us=49960 elapsed_us=16953961
2026-03-25T16:07:25.559906Z  INFO ThreadId(24) Task dispatched task="ThermalControl" drift_us=1057
2026-03-25T16:07:25.559915Z  INFO ThreadId(02) sensor_read sensor="power" seq=84 value=0.8391955999249956 drift_us=1095 jitter_us=764 latency_us=0 elapsed_us=17003526
2026-03-25T16:07:25.559928Z  INFO ThreadId(23) sensor_read sensor="thermal" seq=169 value=63.91765747308374 drift_us=1103 jitter_us=625 latency_us=0 elapsed_us=17003543
2026-03-25T16:07:25.559936Z  INFO ThreadId(02) sensor_read sensor="imu" seq=33 value=0.061118275538105865 drift_us=1109 jitter_us=787 latency_us=0 elapsed_us=17003554
2026-03-25T16:07:25.560029Z  INFO ThreadId(24) downlink_tx: sent tx_log_seq=286 sensor=Power sensor_seq=84 queue_latency_us=120 elapsed_us=17003547
2026-03-25T16:07:25.560042Z  INFO ThreadId(24) downlink_tx: sent tx_log_seq=287 sensor=Imu sensor_seq=33 queue_latency_us=106 elapsed_us=17003547
2026-03-25T16:07:25.560050Z  INFO ThreadId(24) downlink_tx: sent tx_log_seq=288 sensor=Thermal sensor_seq=169 queue_latency_us=126 elapsed_us=17003547
2026-03-25T16:07:25.566364Z  INFO ThreadId(02) Task dispatched task="DataCompress" drift_us=7522
2026-03-25T16:07:25.588704Z  INFO ThreadId(02) Task dispatched task="HealthMonitor" drift_us=29855
2026-03-25T16:07:25.660223Z  INFO ThreadId(02) Task dispatched task="ThermalControl" drift_us=1374
2026-03-25T16:07:25.660227Z  INFO ThreadId(25) sensor_read sensor="thermal" seq=170 value=37.90513653672747 drift_us=1398 jitter_us=853 latency_us=1 elapsed_us=17103838
2026-03-25T16:07:25.660345Z  INFO ThreadId(23) downlink_tx: sent tx_log_seq=289 sensor=Thermal sensor_seq=170 queue_latency_us=119 elapsed_us=17103856
2026-03-25T16:07:25.760539Z  INFO ThreadId(02) sensor_read sensor="thermal" seq=171 value=52.32831398725915 drift_us=1686 jitter_us=7 latency_us=0 elapsed_us=17204126
2026-03-25T16:07:25.760605Z ERROR ThreadId(10) JITTER LIMIT VIOLATED (>1ms) sensor="power" jitter_us=1235
2026-03-25T16:07:25.760606Z  INFO ThreadId(23) Task dispatched task="ThermalControl" drift_us=1766
2026-03-25T16:07:25.760614Z  INFO ThreadId(10) sensor_read sensor="power" seq=85 value=2.205384282423422 drift_us=1781 jitter_us=1235 latency_us=1 elapsed_us=17204212
2026-03-25T16:07:25.760656Z  INFO ThreadId(24) downlink_tx: sent tx_log_seq=290 sensor=Thermal sensor_seq=171 queue_latency_us=134 elapsed_us=17204145
2026-03-25T16:07:25.760700Z  INFO ThreadId(24) downlink_tx: sent tx_log_seq=291 sensor=Power sensor_seq=85 queue_latency_us=103 elapsed_us=17204145
2026-03-25T16:07:25.860494Z  INFO ThreadId(10) Task dispatched task="ThermalControl" drift_us=1654
2026-03-25T16:07:25.860498Z  INFO ThreadId(24) sensor_read sensor="thermal" seq=172 value=39.04313172768881 drift_us=1671 jitter_us=303 latency_us=1 elapsed_us=17304111
2026-03-25T16:07:25.910563Z  INFO ThreadId(23) downlink_tx: sent tx_log_seq=292 sensor=Thermal sensor_seq=172 queue_latency_us=50055 elapsed_us=17354068
2026-03-25T16:07:25.960287Z  INFO ThreadId(24) Task dispatched task="ThermalControl" drift_us=1436
2026-03-25T16:07:25.960291Z  INFO ThreadId(23) sensor_read sensor="thermal" seq=173 value=59.52078922283371 drift_us=1461 jitter_us=195 latency_us=0 elapsed_us=17403901
2026-03-25T16:07:25.960307Z  INFO ThreadId(10) sensor_read sensor="power" seq=86 value=2.803224707644587 drift_us=1491 jitter_us=976 latency_us=0 elapsed_us=17403922
2026-03-25T16:07:25.960416Z  INFO ThreadId(24) downlink_tx: sent tx_log_seq=293 sensor=Power sensor_seq=86 queue_latency_us=110 elapsed_us=17403930
2026-03-25T16:07:25.960446Z  INFO ThreadId(24) downlink_tx: sent tx_log_seq=294 sensor=Thermal sensor_seq=173 queue_latency_us=161 elapsed_us=17403930
2026-03-25T16:07:26.060605Z  INFO ThreadId(23) sensor_read sensor="thermal" seq=174 value=33.254598141394396 drift_us=1771 jitter_us=520 latency_us=0 elapsed_us=17504211
2026-03-25T16:07:26.060627Z  INFO ThreadId(24) Task dispatched task="ThermalControl" drift_us=1790
2026-03-25T16:07:26.060638Z ERROR ThreadId(23) JITTER LIMIT VIOLATED (>1ms) sensor="imu" jitter_us=1417
2026-03-25T16:07:26.060641Z  INFO ThreadId(23) sensor_read sensor="imu" seq=34 value=0.06650034478631414 drift_us=1811 jitter_us=1417 latency_us=0 elapsed_us=17504256
2026-03-25T16:07:26.060716Z  INFO ThreadId(02) downlink_tx: sent tx_log_seq=295 sensor=Thermal sensor_seq=174 queue_latency_us=116 elapsed_us=17504226
2026-03-25T16:07:26.060734Z  INFO ThreadId(02) downlink_tx: sent tx_log_seq=296 sensor=Imu sensor_seq=34 queue_latency_us=96 elapsed_us=17504226
2026-03-25T16:07:26.066582Z  INFO ThreadId(24) Task dispatched task="DataCompress" drift_us=7741
2026-03-25T16:07:26.160700Z  INFO ThreadId(02) sensor_read sensor="thermal" seq=175 value=25.842036435827804 drift_us=1866 jitter_us=215 latency_us=0 elapsed_us=17604306
2026-03-25T16:07:26.160737Z  INFO ThreadId(02) sensor_read sensor="power" seq=87 value=2.4804461557804958 drift_us=1924 jitter_us=723 latency_us=0 elapsed_us=17604355
2026-03-25T16:07:26.160763Z  INFO ThreadId(23) Task dispatched task="ThermalControl" drift_us=1911
2026-03-25T16:07:26.160819Z  INFO ThreadId(21) downlink_tx: sent tx_log_seq=297 sensor=Thermal sensor_seq=175 queue_latency_us=123 elapsed_us=17604322
2026-03-25T16:07:26.160834Z  INFO ThreadId(21) downlink_tx: sent tx_log_seq=298 sensor=Power sensor_seq=87 queue_latency_us=98 elapsed_us=17604322
2026-03-25T16:07:26.260768Z  INFO ThreadId(23) Task dispatched task="ThermalControl" drift_us=1924
2026-03-25T16:07:26.260767Z  INFO ThreadId(10) sensor_read sensor="thermal" seq=176 value=45.409637532659374 drift_us=1931 jitter_us=30 latency_us=0 elapsed_us=17704371
2026-03-25T16:07:26.310668Z  INFO ThreadId(10) downlink_tx: sent tx_log_seq=299 sensor=Thermal sensor_seq=176 queue_latency_us=49901 elapsed_us=17754181
2026-03-25T16:07:26.360684Z  INFO ThreadId(10) sensor_read sensor="thermal" seq=177 value=26.398276922091647 drift_us=1848 jitter_us=148 latency_us=0 elapsed_us=17804288
2026-03-25T16:07:26.360721Z  INFO ThreadId(10) sensor_read sensor="power" seq=88 value=1.1664604787530757 drift_us=1908 jitter_us=449 latency_us=0 elapsed_us=17804339
2026-03-25T16:07:26.360745Z  INFO ThreadId(02) Task dispatched task="ThermalControl" drift_us=1894
2026-03-25T16:07:26.360806Z  INFO ThreadId(23) downlink_tx: sent tx_log_seq=300 sensor=Thermal sensor_seq=177 queue_latency_us=131 elapsed_us=17804306
2026-03-25T16:07:26.360823Z  INFO ThreadId(23) downlink_tx: sent tx_log_seq=301 sensor=Power sensor_seq=88 queue_latency_us=102 elapsed_us=17804306
2026-03-25T16:07:26.460713Z  INFO ThreadId(23) sensor_read sensor="thermal" seq=178 value=72.84761137511244 drift_us=1877 jitter_us=112 latency_us=0 elapsed_us=17904317
2026-03-25T16:07:26.460748Z  INFO ThreadId(02) Task dispatched task="ThermalControl" drift_us=1902
2026-03-25T16:07:26.510547Z  INFO ThreadId(23) downlink_tx: sent tx_log_seq=302 sensor=Thermal sensor_seq=178 queue_latency_us=49833 elapsed_us=17954043
2026-03-25T16:07:26.560262Z  INFO ThreadId(01) Simulation timer expired. Shutting down.
2026-03-25T16:07:26.560255Z  INFO ThreadId(02) Task dispatched task="ThermalControl" drift_us=1400
2026-03-25T16:07:26.560303Z  INFO ThreadId(02) downlink_tx final queue latency stats p50=137 p99=50655
2026-03-25T16:07:26.560306Z  INFO ThreadId(24) thermal_sensor: cancelled
2026-03-25T16:07:26.560302Z  INFO ThreadId(23) sensor_read sensor="power" seq=89 value=4.255181274017428 drift_us=1461 jitter_us=431 latency_us=0 elapsed_us=18003892
2026-03-25T16:07:26.560324Z  INFO ThreadId(24) thermal_sensor final jitter stats sensor="thermal" p50=354 p99=1609 max=1826
2026-03-25T16:07:26.560376Z  INFO ThreadId(24) sensor_read sensor="imu" seq=35 value=0.017488793423259888 drift_us=1548 jitter_us=965 latency_us=0 elapsed_us=18003993
2026-03-25T16:07:28.746643Z  WARN ThreadId(10) FAULT INJECTED fault=CorruptedData severity=2 elapsed_us=20190219
2026-03-25T16:07:28.746683Z  INFO ThreadId(10) satellite state → Fault (fault injection) fault=CorruptedData elapsed_us=20190219
2026-03-25T16:07:28.897929Z  INFO ThreadId(10) fault_pkt sent to GCS — awaiting ResetSensor command elapsed_us=20341527
2026-03-25T16:07:28.897964Z  INFO ThreadId(10) FAULT RECOVERED — satellite state → Nominal recovery_ms=0 elapsed_us=20341582
2026-03-25T16:07:38.913620Z  WARN ThreadId(10) FAULT INJECTED fault=DelayedSensor severity=2 elapsed_us=30357219
2026-03-25T16:07:38.965741Z  INFO ThreadId(10) fault_pkt sent to GCS — awaiting ResetSensor command elapsed_us=30409341
2026-03-25T16:07:39.166858Z ERROR ThreadId(10) RECOVERY EXCEEDED 200ms — MISSION ABORT recovery_ms=201 elapsed_us=30610457 limit_ms=200
2026-03-25T16:07:40.168353Z  INFO ThreadId(10) Circuit is OPEN (MissionAbort) - stopping fault injector
2026-03-25T16:07:40.168373Z  INFO ThreadId(10) fault_injector final stats total_faults=3 total_recoveries=2 max_recovery_ms=201
2026-03-25T16:07:40.168572Z  INFO ThreadId(01) === SATELLITE SIMULATION COMPLETE === total_thermal_packets=303 total_dropped_packets=0 peak_buffer_fill=3 thermal_jitter_p50_us=354 thermal_jitter_p99_us=1609 thermal_jitter_max_us=1826 downlink_queue_latency_p50_us=137 downlink_queue_latency_p99_us=50655 rms_thermal_violations=0 rms_compress_violations=0 rms_health_violations=0 cpu_util_pct=0.0 total_faults_injected=3 max_recovery_ms=201 mission_aborts=1
2026-03-25T16:07:50.393117Z  INFO ThreadId(01) Starting Satellite OCS Simulation (TCP MODE)
2026-03-25T16:07:50.393135Z  INFO ThreadId(01) Connecting to Ground Control at 127.0.0.1:8888...
2026-03-25T16:07:50.394740Z  INFO ThreadId(01) Connected to Ground Control Station.
2026-03-25T16:07:50.496629Z  INFO ThreadId(25) Task dispatched task="ThermalControl" drift_us=1764
2026-03-25T16:07:50.496914Z  INFO ThreadId(25) sensor_read sensor="thermal" seq=0 value=73.14975709708968 drift_us=1877 jitter_us=0 latency_us=0 elapsed_us=104318
2026-03-25T16:07:50.547111Z  INFO ThreadId(22) downlink_tx: sent tx_log_seq=0 sensor=Thermal sensor_seq=0 queue_latency_us=50124 elapsed_us=154397
2026-03-25T16:07:50.596641Z  INFO ThreadId(25) Task dispatched task="ThermalControl" drift_us=1799
2026-03-25T16:07:50.596738Z  INFO ThreadId(22) sensor_read sensor="thermal" seq=1 value=21.787454996932727 drift_us=1886 jitter_us=9 latency_us=0 elapsed_us=204327
2026-03-25T16:07:50.596757Z  INFO ThreadId(02) sensor_read sensor="power" seq=0 value=3.7513668467198475 drift_us=1899 jitter_us=0 latency_us=0 elapsed_us=204379
2026-03-25T16:07:50.596889Z  INFO ThreadId(24) downlink_tx: sent tx_log_seq=1 sensor=Power sensor_seq=0 queue_latency_us=133 elapsed_us=204402
2026-03-25T16:07:50.596921Z  INFO ThreadId(24) downlink_tx: sent tx_log_seq=2 sensor=Thermal sensor_seq=1 queue_latency_us=195 elapsed_us=204402
2026-03-25T16:07:50.696796Z  INFO ThreadId(20) Task dispatched task="ThermalControl" drift_us=1952
2026-03-25T16:07:50.696837Z  INFO ThreadId(02) sensor_read sensor="thermal" seq=2 value=68.03670229921778 drift_us=2034 jitter_us=139 latency_us=0 elapsed_us=304475
2026-03-25T16:07:50.746980Z  INFO ThreadId(22) downlink_tx: sent tx_log_seq=3 sensor=Thermal sensor_seq=2 queue_latency_us=50138 elapsed_us=354459
2026-03-25T16:07:50.796725Z  INFO ThreadId(20) Task dispatched task="ThermalControl" drift_us=1887
2026-03-25T16:07:50.796730Z  INFO ThreadId(22) sensor_read sensor="thermal" seq=3 value=77.96778259719284 drift_us=1933 jitter_us=249 latency_us=0 elapsed_us=404374
2026-03-25T16:07:50.796758Z  INFO ThreadId(22) sensor_read sensor="power" seq=1 value=4.780511280574853 drift_us=1929 jitter_us=30 latency_us=0 elapsed_us=404409
2026-03-25T16:07:50.797006Z  INFO ThreadId(02) downlink_tx: sent tx_log_seq=4 sensor=Power sensor_seq=1 queue_latency_us=228 elapsed_us=404436
2026-03-25T16:07:50.797063Z  INFO ThreadId(02) downlink_tx: sent tx_log_seq=5 sensor=Thermal sensor_seq=3 queue_latency_us=337 elapsed_us=404436
2026-03-25T16:07:50.896540Z  INFO ThreadId(02) Task dispatched task="ThermalControl" drift_us=1703
2026-03-25T16:07:50.896548Z  INFO ThreadId(22) sensor_read sensor="thermal" seq=4 value=58.25660825015667 drift_us=1752 jitter_us=80 latency_us=0 elapsed_us=504193
2026-03-25T16:07:50.896568Z  INFO ThreadId(24) sensor_read sensor="imu" seq=0 value=0.0801304348721831 drift_us=1736 jitter_us=0 latency_us=0 elapsed_us=504207
2026-03-25T16:07:50.896670Z  INFO ThreadId(22) downlink_tx: sent tx_log_seq=6 sensor=Imu sensor_seq=0 queue_latency_us=105 elapsed_us=504221
2026-03-25T16:07:50.896682Z  INFO ThreadId(22) downlink_tx: sent tx_log_seq=7 sensor=Thermal sensor_seq=4 queue_latency_us=140 elapsed_us=504221
2026-03-25T16:07:50.903061Z  INFO ThreadId(20) Task dispatched task="DataCompress" drift_us=8230
2026-03-25T16:07:50.996833Z  INFO ThreadId(20) Task dispatched task="ThermalControl" drift_us=1994
2026-03-25T16:07:50.996843Z  INFO ThreadId(24) sensor_read sensor="thermal" seq=5 value=34.375521877568 drift_us=2046 jitter_us=475 latency_us=0 elapsed_us=604487
2026-03-25T16:07:50.996851Z  INFO ThreadId(22) sensor_read sensor="power" seq=2 value=0.5858218758941597 drift_us=2018 jitter_us=59 latency_us=0 elapsed_us=604498
2026-03-25T16:07:50.997001Z  INFO ThreadId(20) downlink_tx: sent tx_log_seq=8 sensor=Power sensor_seq=2 queue_latency_us=153 elapsed_us=604512
2026-03-25T16:07:50.997017Z  INFO ThreadId(20) downlink_tx: sent tx_log_seq=9 sensor=Thermal sensor_seq=5 queue_latency_us=180 elapsed_us=604512
2026-03-25T16:07:51.097071Z  INFO ThreadId(20) Task dispatched task="ThermalControl" drift_us=2233
2026-03-25T16:07:51.097113Z  INFO ThreadId(20) sensor_read sensor="thermal" seq=6 value=46.13606445250463 drift_us=2315 jitter_us=25 latency_us=0 elapsed_us=704756
2026-03-25T16:07:51.147167Z  INFO ThreadId(20) downlink_tx: sent tx_log_seq=10 sensor=Thermal sensor_seq=6 queue_latency_us=50038 elapsed_us=754656
2026-03-25T16:07:51.196976Z  INFO ThreadId(25) Task dispatched task="ThermalControl" drift_us=2133
2026-03-25T16:07:51.196986Z  INFO ThreadId(24) sensor_read sensor="thermal" seq=7 value=74.51917382577975 drift_us=2187 jitter_us=397 latency_us=0 elapsed_us=804628
2026-03-25T16:07:51.197013Z  INFO ThreadId(20) sensor_read sensor="power" seq=3 value=1.3164564097652875 drift_us=2179 jitter_us=72 latency_us=0 elapsed_us=804659
2026-03-25T16:07:51.197137Z  INFO ThreadId(24) downlink_tx: sent tx_log_seq=11 sensor=Power sensor_seq=3 queue_latency_us=128 elapsed_us=804667
2026-03-25T16:07:51.197159Z  INFO ThreadId(24) downlink_tx: sent tx_log_seq=12 sensor=Thermal sensor_seq=7 queue_latency_us=180 elapsed_us=804667
2026-03-25T16:07:51.296893Z  INFO ThreadId(24) Task dispatched task="ThermalControl" drift_us=2055
2026-03-25T16:07:51.296931Z  INFO ThreadId(24) sensor_read sensor="thermal" seq=8 value=59.74642398345575 drift_us=2140 jitter_us=81 latency_us=0 elapsed_us=904581
2026-03-25T16:07:51.346886Z  INFO ThreadId(24) downlink_tx: sent tx_log_seq=13 sensor=Thermal sensor_seq=8 queue_latency_us=49942 elapsed_us=954419
2026-03-25T16:07:51.396641Z  INFO ThreadId(20) Task dispatched task="ThermalControl" drift_us=1804
2026-03-25T16:07:51.396645Z  INFO ThreadId(24) sensor_read sensor="power" seq=4 value=3.1608918432867124 drift_us=1810 jitter_us=530 latency_us=0 elapsed_us=1004290
2026-03-25T16:07:51.396665Z  INFO ThreadId(24) sensor_read sensor="imu" seq=1 value=-0.03469646165676768 drift_us=1845 jitter_us=109 latency_us=0 elapsed_us=1004316
2026-03-25T16:07:51.396672Z  INFO ThreadId(24) sensor_read sensor="thermal" seq=9 value=44.68079916090545 drift_us=1882 jitter_us=211 latency_us=0 elapsed_us=1004323
2026-03-25T16:07:51.396762Z  INFO ThreadId(20) downlink_tx: sent tx_log_seq=14 sensor=Power sensor_seq=4 queue_latency_us=122 elapsed_us=1004314
2026-03-25T16:07:51.396774Z  INFO ThreadId(20) downlink_tx: sent tx_log_seq=15 sensor=Imu sensor_seq=1 queue_latency_us=109 elapsed_us=1004314
2026-03-25T16:07:51.396783Z  INFO ThreadId(20) downlink_tx: sent tx_log_seq=16 sensor=Thermal sensor_seq=9 queue_latency_us=112 elapsed_us=1004314
2026-03-25T16:07:51.403256Z  INFO ThreadId(25) Task dispatched task="DataCompress" drift_us=8426
2026-03-25T16:07:51.424760Z  INFO ThreadId(25) Task dispatched task="HealthMonitor" drift_us=29921
2026-03-25T16:07:51.496692Z  INFO ThreadId(25) Task dispatched task="ThermalControl" drift_us=1853
2026-03-25T16:07:51.496738Z  INFO ThreadId(25) sensor_read sensor="thermal" seq=10 value=37.45131024678906 drift_us=1942 jitter_us=318 latency_us=1 elapsed_us=1104383
2026-03-25T16:07:51.546139Z  INFO ThreadId(25) downlink_tx: sent tx_log_seq=17 sensor=Thermal sensor_seq=10 queue_latency_us=49393 elapsed_us=1153656
2026-03-25T16:07:51.596516Z  INFO ThreadId(24) Task dispatched task="ThermalControl" drift_us=1677
2026-03-25T16:07:51.596544Z  INFO ThreadId(22) sensor_read sensor="thermal" seq=11 value=69.18446601297342 drift_us=1735 jitter_us=267 latency_us=1 elapsed_us=1204176
2026-03-25T16:07:51.596558Z  INFO ThreadId(25) sensor_read sensor="power" seq=5 value=4.471126505962263 drift_us=1723 jitter_us=282 latency_us=0 elapsed_us=1204203
2026-03-25T16:07:51.596688Z  INFO ThreadId(20) downlink_tx: sent tx_log_seq=18 sensor=Power sensor_seq=5 queue_latency_us=131 elapsed_us=1204221
2026-03-25T16:07:51.596717Z  INFO ThreadId(20) downlink_tx: sent tx_log_seq=19 sensor=Thermal sensor_seq=11 queue_latency_us=190 elapsed_us=1204221
2026-03-25T16:07:51.696736Z  INFO ThreadId(20) Task dispatched task="ThermalControl" drift_us=1899
2026-03-25T16:07:51.696742Z  INFO ThreadId(02) sensor_read sensor="thermal" seq=12 value=75.97230694294663 drift_us=1947 jitter_us=419 latency_us=0 elapsed_us=1304388
2026-03-25T16:07:51.696850Z  INFO ThreadId(25) downlink_tx: sent tx_log_seq=20 sensor=Thermal sensor_seq=12 queue_latency_us=109 elapsed_us=1304402
2026-03-25T16:07:51.796768Z  INFO ThreadId(25) Task dispatched task="ThermalControl" drift_us=1930
2026-03-25T16:07:51.796773Z  INFO ThreadId(22) sensor_read sensor="thermal" seq=13 value=34.810210745943195 drift_us=1976 jitter_us=183 latency_us=1 elapsed_us=1404417
2026-03-25T16:07:51.796789Z  INFO ThreadId(02) sensor_read sensor="power" seq=6 value=2.3116942376232723 drift_us=1956 jitter_us=320 latency_us=0 elapsed_us=1404436
2026-03-25T16:07:51.796885Z  INFO ThreadId(25) downlink_tx: sent tx_log_seq=21 sensor=Power sensor_seq=6 queue_latency_us=100 elapsed_us=1404446
2026-03-25T16:07:51.796899Z  INFO ThreadId(25) downlink_tx: sent tx_log_seq=22 sensor=Thermal sensor_seq=13 queue_latency_us=132 elapsed_us=1404446
2026-03-25T16:07:51.896901Z  INFO ThreadId(22) Task dispatched task="ThermalControl" drift_us=2063
2026-03-25T16:07:51.896907Z  INFO ThreadId(25) sensor_read sensor="thermal" seq=14 value=63.910235713770625 drift_us=2110 jitter_us=105 latency_us=1 elapsed_us=1504551
2026-03-25T16:07:51.896937Z  INFO ThreadId(02) sensor_read sensor="imu" seq=2 value=-0.08986870090546693 drift_us=2115 jitter_us=161 latency_us=0 elapsed_us=1504586
2026-03-25T16:07:51.897022Z  INFO ThreadId(22) downlink_tx: sent tx_log_seq=23 sensor=Thermal sensor_seq=14 queue_latency_us=120 elapsed_us=1504576
2026-03-25T16:07:51.897036Z  INFO ThreadId(22) downlink_tx: sent tx_log_seq=24 sensor=Imu sensor_seq=2 queue_latency_us=101 elapsed_us=1504576
2026-03-25T16:07:51.903659Z  INFO ThreadId(25) Task dispatched task="DataCompress" drift_us=8829
2026-03-25T16:07:51.996932Z  INFO ThreadId(25) Task dispatched task="ThermalControl" drift_us=2079
2026-03-25T16:07:51.996934Z  INFO ThreadId(20) sensor_read sensor="thermal" seq=15 value=20.533396693756313 drift_us=2137 jitter_us=107 latency_us=0 elapsed_us=1604578
2026-03-25T16:07:51.996980Z  INFO ThreadId(22) sensor_read sensor="power" seq=7 value=3.145997905441001 drift_us=2136 jitter_us=53 latency_us=0 elapsed_us=1604616
2026-03-25T16:07:51.997069Z  INFO ThreadId(25) downlink_tx: sent tx_log_seq=25 sensor=Thermal sensor_seq=15 queue_latency_us=139 elapsed_us=1604611
2026-03-25T16:07:51.997085Z  INFO ThreadId(25) downlink_tx: sent tx_log_seq=26 sensor=Power sensor_seq=7 queue_latency_us=119 elapsed_us=1604611
2026-03-25T16:07:52.096800Z  INFO ThreadId(25) Task dispatched task="ThermalControl" drift_us=1962
2026-03-25T16:07:52.096806Z  INFO ThreadId(02) sensor_read sensor="thermal" seq=16 value=66.28528160952177 drift_us=2012 jitter_us=152 latency_us=0 elapsed_us=1704453
2026-03-25T16:07:52.096926Z  INFO ThreadId(22) downlink_tx: sent tx_log_seq=27 sensor=Thermal sensor_seq=16 queue_latency_us=121 elapsed_us=1704465
2026-03-25T16:07:52.196605Z  INFO ThreadId(02) Task dispatched task="ThermalControl" drift_us=1764
2026-03-25T16:07:52.196685Z  INFO ThreadId(24) sensor_read sensor="thermal" seq=17 value=47.64495481995443 drift_us=1865 jitter_us=22 latency_us=0 elapsed_us=1804306
2026-03-25T16:07:52.196705Z  INFO ThreadId(22) sensor_read sensor="power" seq=8 value=4.303800975801071 drift_us=1860 jitter_us=456 latency_us=0 elapsed_us=1804340
2026-03-25T16:07:52.196820Z  INFO ThreadId(25) downlink_tx: sent tx_log_seq=28 sensor=Power sensor_seq=8 queue_latency_us=125 elapsed_us=1804359
2026-03-25T16:07:52.196841Z  INFO ThreadId(25) downlink_tx: sent tx_log_seq=29 sensor=Thermal sensor_seq=17 queue_latency_us=184 elapsed_us=1804359
2026-03-25T16:07:52.296329Z  INFO ThreadId(20) Task dispatched task="ThermalControl" drift_us=1492
2026-03-25T16:07:52.296374Z  INFO ThreadId(20) sensor_read sensor="thermal" seq=18 value=30.46493518621542 drift_us=1583 jitter_us=135 latency_us=0 elapsed_us=1904024
2026-03-25T16:07:52.346735Z  INFO ThreadId(22) downlink_tx: sent tx_log_seq=30 sensor=Thermal sensor_seq=18 queue_latency_us=50347 elapsed_us=1954251
2026-03-25T16:07:52.396883Z  INFO ThreadId(20) Task dispatched task="ThermalControl" drift_us=2047
2026-03-25T16:07:52.396908Z  INFO ThreadId(20) sensor_read sensor="thermal" seq=19 value=64.94084360961443 drift_us=2116 jitter_us=815 latency_us=0 elapsed_us=2004557
2026-03-25T16:07:52.396923Z  INFO ThreadId(25) sensor_read sensor="power" seq=9 value=3.0859357623336416 drift_us=2070 jitter_us=486 latency_us=0 elapsed_us=2004550
2026-03-25T16:07:52.397015Z  INFO ThreadId(22) sensor_read sensor="imu" seq=3 value=0.016875865822484612 drift_us=2153 jitter_us=232 latency_us=0 elapsed_us=2004624
2026-03-25T16:07:52.397034Z  INFO ThreadId(20) downlink_tx: sent tx_log_seq=31 sensor=Power sensor_seq=9 queue_latency_us=133 elapsed_us=2004572
2026-03-25T16:07:52.397047Z  INFO ThreadId(20) downlink_tx: sent tx_log_seq=32 sensor=Imu sensor_seq=3 queue_latency_us=73 elapsed_us=2004572
2026-03-25T16:07:52.397057Z  INFO ThreadId(20) downlink_tx: sent tx_log_seq=33 sensor=Thermal sensor_seq=19 queue_latency_us=151 elapsed_us=2004572
2026-03-25T16:07:52.404092Z  INFO ThreadId(24) Task dispatched task="DataCompress" drift_us=9260
2026-03-25T16:07:52.425647Z  INFO ThreadId(24) Task dispatched task="HealthMonitor" drift_us=30805
2026-03-25T16:07:52.496792Z  INFO ThreadId(24) Task dispatched task="ThermalControl" drift_us=1955
2026-03-25T16:07:52.496830Z  INFO ThreadId(24) sensor_read sensor="thermal" seq=20 value=36.32953036002368 drift_us=2039 jitter_us=610 latency_us=0 elapsed_us=2104480
2026-03-25T16:07:52.546902Z  INFO ThreadId(24) downlink_tx: sent tx_log_seq=34 sensor=Thermal sensor_seq=20 queue_latency_us=50052 elapsed_us=2154364
2026-03-25T16:07:52.597402Z  INFO ThreadId(22) Task dispatched task="ThermalControl" drift_us=2563
2026-03-25T16:07:52.597413Z  INFO ThreadId(24) sensor_read sensor="thermal" seq=21 value=48.29977992152253 drift_us=2617 jitter_us=655 latency_us=1 elapsed_us=2205058
2026-03-25T16:07:52.597443Z  INFO ThreadId(24) sensor_read sensor="power" seq=10 value=1.5614196935770241 drift_us=2614 jitter_us=334 latency_us=0 elapsed_us=2205094
2026-03-25T16:07:52.597548Z  INFO ThreadId(22) downlink_tx: sent tx_log_seq=35 sensor=Thermal sensor_seq=21 queue_latency_us=139 elapsed_us=2205090
2026-03-25T16:07:52.597561Z  INFO ThreadId(22) downlink_tx: sent tx_log_seq=36 sensor=Power sensor_seq=10 queue_latency_us=119 elapsed_us=2205090
2026-03-25T16:07:52.696933Z  INFO ThreadId(22) Task dispatched task="ThermalControl" drift_us=2096
2026-03-25T16:07:52.696974Z  WARN ThreadId(22) JITTER EXCEEDED 1ms limit sensor="thermal" jitter_us=1014 consecutive_miss=1 limit_us=1000 elapsed_us=2304622
2026-03-25T16:07:52.696979Z  INFO ThreadId(22) sensor_read sensor="thermal" seq=22 value=59.9749423762255 drift_us=2181 jitter_us=1014 latency_us=0 elapsed_us=2304622
2026-03-25T16:07:52.746655Z  INFO ThreadId(24) downlink_tx: sent tx_log_seq=37 sensor=Thermal sensor_seq=22 queue_latency_us=49656 elapsed_us=2354128
2026-03-25T16:07:52.796880Z  INFO ThreadId(22) Task dispatched task="ThermalControl" drift_us=2034
2026-03-25T16:07:52.796901Z  INFO ThreadId(24) sensor_read sensor="thermal" seq=23 value=27.264268322265245 drift_us=2090 jitter_us=345 latency_us=0 elapsed_us=2404531
2026-03-25T16:07:52.796917Z ERROR ThreadId(20) JITTER LIMIT VIOLATED (>1ms) sensor="power" jitter_us=1077
2026-03-25T16:07:52.796924Z  INFO ThreadId(20) sensor_read sensor="power" seq=11 value=2.1347263235410328 drift_us=2081 jitter_us=1077 latency_us=0 elapsed_us=2404561
2026-03-25T16:07:52.797013Z  INFO ThreadId(25) downlink_tx: sent tx_log_seq=38 sensor=Thermal sensor_seq=23 queue_latency_us=128 elapsed_us=2404551
2026-03-25T16:07:52.797033Z  INFO ThreadId(25) downlink_tx: sent tx_log_seq=39 sensor=Power sensor_seq=11 queue_latency_us=122 elapsed_us=2404551
2026-03-25T16:07:52.896972Z  INFO ThreadId(25) Task dispatched task="ThermalControl" drift_us=2136
2026-03-25T16:07:52.896977Z  INFO ThreadId(02) sensor_read sensor="thermal" seq=24 value=50.048071328063635 drift_us=2181 jitter_us=182 latency_us=0 elapsed_us=2504622
2026-03-25T16:07:52.897011Z  INFO ThreadId(02) sensor_read sensor="imu" seq=4 value=-0.002317830250614203 drift_us=2192 jitter_us=1 latency_us=0 elapsed_us=2504663
2026-03-25T16:07:52.897227Z  INFO ThreadId(20) downlink_tx: sent tx_log_seq=40 sensor=Imu sensor_seq=4 queue_latency_us=199 elapsed_us=2504694
2026-03-25T16:07:52.897284Z  INFO ThreadId(20) downlink_tx: sent tx_log_seq=41 sensor=Thermal sensor_seq=24 queue_latency_us=309 elapsed_us=2504694
2026-03-25T16:07:52.902965Z  INFO ThreadId(02) Task dispatched task="DataCompress" drift_us=8136
2026-03-25T16:07:52.996799Z  INFO ThreadId(20) Task dispatched task="ThermalControl" drift_us=1963
2026-03-25T16:07:52.996804Z  INFO ThreadId(02) sensor_read sensor="thermal" seq=25 value=61.72246196091945 drift_us=2008 jitter_us=264 latency_us=0 elapsed_us=2604449
2026-03-25T16:07:52.996824Z  INFO ThreadId(02) sensor_read sensor="power" seq=12 value=4.880406054714069 drift_us=1995 jitter_us=447 latency_us=0 elapsed_us=2604475
2026-03-25T16:07:52.996943Z  INFO ThreadId(02) downlink_tx: sent tx_log_seq=42 sensor=Power sensor_seq=12 queue_latency_us=117 elapsed_us=2604483
2026-03-25T16:07:52.996957Z  INFO ThreadId(02) downlink_tx: sent tx_log_seq=43 sensor=Thermal sensor_seq=25 queue_latency_us=158 elapsed_us=2604483
2026-03-25T16:07:53.096498Z  INFO ThreadId(02) Task dispatched task="ThermalControl" drift_us=1662
2026-03-25T16:07:53.096504Z  INFO ThreadId(22) sensor_read sensor="thermal" seq=26 value=49.687345748252014 drift_us=1710 jitter_us=125 latency_us=1 elapsed_us=2704151
2026-03-25T16:07:53.096610Z  INFO ThreadId(20) downlink_tx: sent tx_log_seq=44 sensor=Thermal sensor_seq=26 queue_latency_us=107 elapsed_us=2704162
2026-03-25T16:07:53.196792Z  INFO ThreadId(20) Task dispatched task="ThermalControl" drift_us=1956
2026-03-25T16:07:53.196822Z  INFO ThreadId(22) sensor_read sensor="thermal" seq=27 value=65.99649220754306 drift_us=2025 jitter_us=613 latency_us=0 elapsed_us=2804466
2026-03-25T16:07:53.196840Z  INFO ThreadId(02) sensor_read sensor="power" seq=13 value=3.032586582329814 drift_us=2009 jitter_us=100 latency_us=0 elapsed_us=2804489
2026-03-25T16:07:53.196925Z  INFO ThreadId(20) downlink_tx: sent tx_log_seq=45 sensor=Thermal sensor_seq=27 queue_latency_us=109 elapsed_us=2804477
2026-03-25T16:07:53.196937Z  INFO ThreadId(20) downlink_tx: sent tx_log_seq=46 sensor=Power sensor_seq=13 queue_latency_us=99 elapsed_us=2804477
2026-03-25T16:07:53.296590Z  INFO ThreadId(20) Task dispatched task="ThermalControl" drift_us=1754
2026-03-25T16:07:53.296618Z  INFO ThreadId(20) sensor_read sensor="thermal" seq=28 value=43.20182219138841 drift_us=1826 jitter_us=514 latency_us=0 elapsed_us=2904267
2026-03-25T16:07:53.296727Z  INFO ThreadId(20) downlink_tx: sent tx_log_seq=47 sensor=Thermal sensor_seq=28 queue_latency_us=110 elapsed_us=2904267
2026-03-25T16:07:53.396796Z  INFO ThreadId(20) Task dispatched task="ThermalControl" drift_us=1959
2026-03-25T16:07:53.396802Z  INFO ThreadId(24) sensor_read sensor="power" seq=14 value=1.507546593340007 drift_us=1966 jitter_us=57 latency_us=0 elapsed_us=3004446
2026-03-25T16:07:53.396818Z  INFO ThreadId(24) sensor_read sensor="imu" seq=5 value=-0.09706925444407584 drift_us=1998 jitter_us=233 latency_us=0 elapsed_us=3004469
2026-03-25T16:07:53.396824Z  INFO ThreadId(24) sensor_read sensor="thermal" seq=29 value=63.4862089529797 drift_us=2034 jitter_us=407 latency_us=0 elapsed_us=3004475
2026-03-25T16:07:53.396920Z  INFO ThreadId(20) downlink_tx: sent tx_log_seq=48 sensor=Imu sensor_seq=5 queue_latency_us=101 elapsed_us=3004470
2026-03-25T16:07:53.396934Z  INFO ThreadId(20) downlink_tx: sent tx_log_seq=49 sensor=Power sensor_seq=14 queue_latency_us=139 elapsed_us=3004470
2026-03-25T16:07:53.396943Z  INFO ThreadId(20) downlink_tx: sent tx_log_seq=50 sensor=Thermal sensor_seq=29 queue_latency_us=119 elapsed_us=3004470
2026-03-25T16:07:53.404424Z  INFO ThreadId(22) Task dispatched task="DataCompress" drift_us=9588
2026-03-25T16:07:53.425527Z  INFO ThreadId(22) Task dispatched task="HealthMonitor" drift_us=30693
2026-03-25T16:07:53.497007Z  INFO ThreadId(22) Task dispatched task="ThermalControl" drift_us=2169
2026-03-25T16:07:53.497030Z  INFO ThreadId(25) sensor_read sensor="thermal" seq=30 value=68.18231464191673 drift_us=2235 jitter_us=7 latency_us=0 elapsed_us=3104676
2026-03-25T16:07:53.497131Z  INFO ThreadId(22) downlink_tx: sent tx_log_seq=51 sensor=Thermal sensor_seq=30 queue_latency_us=105 elapsed_us=3104682
2026-03-25T16:07:53.596847Z  INFO ThreadId(22) Task dispatched task="ThermalControl" drift_us=2009
2026-03-25T16:07:53.596858Z  INFO ThreadId(24) sensor_read sensor="thermal" seq=31 value=57.35179506628443 drift_us=2061 jitter_us=375 latency_us=0 elapsed_us=3204502
2026-03-25T16:07:53.596884Z  INFO ThreadId(20) sensor_read sensor="power" seq=15 value=4.3623477151386005 drift_us=2052 jitter_us=129 latency_us=0 elapsed_us=3204532
2026-03-25T16:07:53.596976Z  INFO ThreadId(25) downlink_tx: sent tx_log_seq=52 sensor=Thermal sensor_seq=31 queue_latency_us=120 elapsed_us=3204521
2026-03-25T16:07:53.596994Z  INFO ThreadId(25) downlink_tx: sent tx_log_seq=53 sensor=Power sensor_seq=15 queue_latency_us=113 elapsed_us=3204521
2026-03-25T16:07:53.696595Z  INFO ThreadId(25) Task dispatched task="ThermalControl" drift_us=1757
2026-03-25T16:07:53.696615Z  INFO ThreadId(02) sensor_read sensor="thermal" seq=32 value=35.799838229534274 drift_us=1820 jitter_us=67 latency_us=0 elapsed_us=3304261
2026-03-25T16:07:53.696730Z  INFO ThreadId(20) downlink_tx: sent tx_log_seq=54 sensor=Thermal sensor_seq=32 queue_latency_us=115 elapsed_us=3304277
2026-03-25T16:07:53.796721Z  INFO ThreadId(25) sensor_read sensor="thermal" seq=33 value=61.39696892919096 drift_us=1925 jitter_us=346 latency_us=0 elapsed_us=3404366
2026-03-25T16:07:53.796714Z  INFO ThreadId(20) Task dispatched task="ThermalControl" drift_us=1878
2026-03-25T16:07:53.796735Z  INFO ThreadId(22) sensor_read sensor="power" seq=16 value=2.2152861065321092 drift_us=1901 jitter_us=237 latency_us=0 elapsed_us=3404381
2026-03-25T16:07:53.796847Z  INFO ThreadId(22) downlink_tx: sent tx_log_seq=55 sensor=Power sensor_seq=16 queue_latency_us=116 elapsed_us=3404396
2026-03-25T16:07:53.796858Z  INFO ThreadId(22) downlink_tx: sent tx_log_seq=56 sensor=Thermal sensor_seq=33 queue_latency_us=143 elapsed_us=3404396
2026-03-25T16:07:53.896727Z  INFO ThreadId(20) Task dispatched task="ThermalControl" drift_us=1889
2026-03-25T16:07:53.896733Z  INFO ThreadId(22) sensor_read sensor="thermal" seq=34 value=41.119213217307035 drift_us=1936 jitter_us=94 latency_us=1 elapsed_us=3504377
2026-03-25T16:07:53.896751Z  INFO ThreadId(22) sensor_read sensor="imu" seq=6 value=0.024861387469322288 drift_us=1932 jitter_us=128 latency_us=0 elapsed_us=3504403
2026-03-25T16:07:53.896856Z  INFO ThreadId(20) downlink_tx: sent tx_log_seq=57 sensor=Imu sensor_seq=6 queue_latency_us=99 elapsed_us=3504402
2026-03-25T16:07:53.896874Z  INFO ThreadId(20) downlink_tx: sent tx_log_seq=58 sensor=Thermal sensor_seq=34 queue_latency_us=147 elapsed_us=3504402
2026-03-25T16:07:53.902832Z  INFO ThreadId(25) Task dispatched task="DataCompress" drift_us=8005
2026-03-25T16:07:53.996717Z  INFO ThreadId(20) Task dispatched task="ThermalControl" drift_us=1876
2026-03-25T16:07:53.996724Z  INFO ThreadId(25) sensor_read sensor="thermal" seq=35 value=53.981331627671175 drift_us=1927 jitter_us=20 latency_us=0 elapsed_us=3604368
2026-03-25T16:07:53.996743Z  INFO ThreadId(25) sensor_read sensor="power" seq=17 value=1.6579130481128068 drift_us=1915 jitter_us=165 latency_us=0 elapsed_us=3604395
2026-03-25T16:07:53.996846Z  INFO ThreadId(20) downlink_tx: sent tx_log_seq=59 sensor=Thermal sensor_seq=35 queue_latency_us=128 elapsed_us=3604393
2026-03-25T16:07:53.996859Z  INFO ThreadId(20) downlink_tx: sent tx_log_seq=60 sensor=Power sensor_seq=17 queue_latency_us=115 elapsed_us=3604393
2026-03-25T16:07:54.096756Z  INFO ThreadId(20) Task dispatched task="ThermalControl" drift_us=1907
2026-03-25T16:07:54.096778Z  INFO ThreadId(25) sensor_read sensor="thermal" seq=36 value=54.68516959022408 drift_us=1984 jitter_us=66 latency_us=0 elapsed_us=3704425
2026-03-25T16:07:54.146876Z  INFO ThreadId(20) downlink_tx: sent tx_log_seq=61 sensor=Thermal sensor_seq=36 queue_latency_us=50088 elapsed_us=3754399
2026-03-25T16:07:54.196619Z  INFO ThreadId(22) Task dispatched task="ThermalControl" drift_us=1782
2026-03-25T16:07:54.196646Z  INFO ThreadId(22) sensor_read sensor="power" seq=18 value=1.2108053896263395 drift_us=1815 jitter_us=114 latency_us=0 elapsed_us=3804295
2026-03-25T16:07:54.196659Z  INFO ThreadId(22) sensor_read sensor="thermal" seq=37 value=24.319726342608337 drift_us=1869 jitter_us=172 latency_us=0 elapsed_us=3804310
2026-03-25T16:07:54.196765Z  INFO ThreadId(22) downlink_tx: sent tx_log_seq=62 sensor=Power sensor_seq=18 queue_latency_us=120 elapsed_us=3804319
2026-03-25T16:07:54.196780Z  INFO ThreadId(22) downlink_tx: sent tx_log_seq=63 sensor=Thermal sensor_seq=37 queue_latency_us=120 elapsed_us=3804319
2026-03-25T16:07:54.297023Z  INFO ThreadId(22) Task dispatched task="ThermalControl" drift_us=2182
2026-03-25T16:07:54.297077Z  INFO ThreadId(22) sensor_read sensor="thermal" seq=38 value=57.32377072137328 drift_us=2285 jitter_us=531 latency_us=0 elapsed_us=3904726
2026-03-25T16:07:54.347157Z  INFO ThreadId(22) downlink_tx: sent tx_log_seq=64 sensor=Thermal sensor_seq=38 queue_latency_us=50068 elapsed_us=3954689
2026-03-25T16:07:54.396652Z  INFO ThreadId(20) Task dispatched task="ThermalControl" drift_us=1813
2026-03-25T16:07:54.396658Z  INFO ThreadId(22) sensor_read sensor="power" seq=19 value=3.177084595218162 drift_us=1822 jitter_us=107 latency_us=0 elapsed_us=4004302
2026-03-25T16:07:54.396687Z  INFO ThreadId(22) sensor_read sensor="imu" seq=7 value=-0.04603864367803019 drift_us=1867 jitter_us=1 latency_us=0 elapsed_us=4004338
2026-03-25T16:07:54.396692Z  INFO ThreadId(22) sensor_read sensor="thermal" seq=39 value=66.33436015779034 drift_us=1903 jitter_us=798 latency_us=0 elapsed_us=4004344
2026-03-25T16:07:54.396776Z  INFO ThreadId(20) downlink_tx: sent tx_log_seq=65 sensor=Power sensor_seq=19 queue_latency_us=121 elapsed_us=4004325
2026-03-25T16:07:54.396807Z  INFO ThreadId(20) downlink_tx: sent tx_log_seq=66 sensor=Imu sensor_seq=7 queue_latency_us=120 elapsed_us=4004325
2026-03-25T16:07:54.396817Z  INFO ThreadId(20) downlink_tx: sent tx_log_seq=67 sensor=Thermal sensor_seq=39 queue_latency_us=125 elapsed_us=4004325
2026-03-25T16:07:54.403647Z  INFO ThreadId(24) Task dispatched task="DataCompress" drift_us=8818
2026-03-25T16:07:54.425657Z  INFO ThreadId(24) Task dispatched task="HealthMonitor" drift_us=30820
2026-03-25T16:07:54.496941Z  INFO ThreadId(24) Task dispatched task="ThermalControl" drift_us=2094
2026-03-25T16:07:54.496953Z  INFO ThreadId(20) sensor_read sensor="thermal" seq=40 value=48.40890164157213 drift_us=2147 jitter_us=626 latency_us=1 elapsed_us=4104588
2026-03-25T16:07:54.497176Z  INFO ThreadId(22) downlink_tx: sent tx_log_seq=68 sensor=Thermal sensor_seq=40 queue_latency_us=226 elapsed_us=4104633
2026-03-25T16:07:54.596807Z  INFO ThreadId(20) Task dispatched task="ThermalControl" drift_us=1967
2026-03-25T16:07:54.596836Z  INFO ThreadId(22) sensor_read sensor="thermal" seq=41 value=53.66847975603294 drift_us=2025 jitter_us=366 latency_us=1 elapsed_us=4204466
2026-03-25T16:07:54.596877Z  INFO ThreadId(24) sensor_read sensor="power" seq=20 value=3.937131892226067 drift_us=2043 jitter_us=214 latency_us=0 elapsed_us=4204523
2026-03-25T16:07:54.596977Z  INFO ThreadId(20) downlink_tx: sent tx_log_seq=69 sensor=Thermal sensor_seq=41 queue_latency_us=157 elapsed_us=4204490
2026-03-25T16:07:54.597006Z  INFO ThreadId(20) downlink_tx: sent tx_log_seq=70 sensor=Power sensor_seq=20 queue_latency_us=133 elapsed_us=4204490
2026-03-25T16:07:54.696870Z  INFO ThreadId(20) Task dispatched task="ThermalControl" drift_us=2026
2026-03-25T16:07:54.696902Z  INFO ThreadId(24) sensor_read sensor="thermal" seq=42 value=47.42821097317416 drift_us=2105 jitter_us=202 latency_us=0 elapsed_us=4304546
2026-03-25T16:07:54.697071Z  INFO ThreadId(20) downlink_tx: sent tx_log_seq=71 sensor=Thermal sensor_seq=42 queue_latency_us=171 elapsed_us=4304558
2026-03-25T16:07:54.796799Z  INFO ThreadId(20) Task dispatched task="ThermalControl" drift_us=1957
2026-03-25T16:07:54.796876Z  INFO ThreadId(24) sensor_read sensor="thermal" seq=43 value=21.614434574616542 drift_us=2065 jitter_us=120 latency_us=1 elapsed_us=4404506
2026-03-25T16:07:54.796913Z  INFO ThreadId(02) sensor_read sensor="power" seq=21 value=1.1885974311446512 drift_us=2075 jitter_us=189 latency_us=0 elapsed_us=4404555
2026-03-25T16:07:54.797089Z  INFO ThreadId(24) downlink_tx: sent tx_log_seq=72 sensor=Power sensor_seq=21 queue_latency_us=180 elapsed_us=4404576
2026-03-25T16:07:54.797129Z  INFO ThreadId(24) downlink_tx: sent tx_log_seq=73 sensor=Thermal sensor_seq=43 queue_latency_us=269 elapsed_us=4404576
2026-03-25T16:07:54.897014Z  INFO ThreadId(24) Task dispatched task="ThermalControl" drift_us=2177
2026-03-25T16:07:54.897023Z  INFO ThreadId(22) sensor_read sensor="thermal" seq=44 value=24.275247123814374 drift_us=2226 jitter_us=201 latency_us=0 elapsed_us=4504667
2026-03-25T16:07:54.897038Z  INFO ThreadId(02) sensor_read sensor="imu" seq=8 value=-0.07609421238512848 drift_us=2215 jitter_us=413 latency_us=0 elapsed_us=4504686
2026-03-25T16:07:54.897139Z  INFO ThreadId(24) downlink_tx: sent tx_log_seq=74 sensor=Imu sensor_seq=8 queue_latency_us=103 elapsed_us=4504692
2026-03-25T16:07:54.897151Z  INFO ThreadId(24) downlink_tx: sent tx_log_seq=75 sensor=Thermal sensor_seq=44 queue_latency_us=135 elapsed_us=4504692
2026-03-25T16:07:54.903121Z  INFO ThreadId(02) Task dispatched task="DataCompress" drift_us=8289
2026-03-25T16:07:54.996433Z  INFO ThreadId(24) Task dispatched task="ThermalControl" drift_us=1596
2026-03-25T16:07:54.996497Z  INFO ThreadId(20) sensor_read sensor="thermal" seq=45 value=47.57342491510303 drift_us=1688 jitter_us=699 latency_us=0 elapsed_us=4604129
2026-03-25T16:07:54.996548Z  INFO ThreadId(20) sensor_read sensor="power" seq=22 value=0.8377396162302684 drift_us=1718 jitter_us=389 latency_us=0 elapsed_us=4604198
2026-03-25T16:07:54.996695Z  INFO ThreadId(02) downlink_tx: sent tx_log_seq=76 sensor=Thermal sensor_seq=45 queue_latency_us=203 elapsed_us=4604173
2026-03-25T16:07:54.996741Z  INFO ThreadId(02) downlink_tx: sent tx_log_seq=77 sensor=Power sensor_seq=22 queue_latency_us=192 elapsed_us=4604173
2026-03-25T16:07:55.096949Z  INFO ThreadId(02) Task dispatched task="ThermalControl" drift_us=2106
2026-03-25T16:07:55.097009Z  WARN ThreadId(02) JITTER EXCEEDED 1ms limit sensor="thermal" jitter_us=1068 consecutive_miss=1 limit_us=1000 elapsed_us=4704659
2026-03-25T16:07:55.097018Z  INFO ThreadId(02) sensor_read sensor="thermal" seq=46 value=47.53212479593668 drift_us=2218 jitter_us=1068 latency_us=1 elapsed_us=4704659
2026-03-25T16:07:55.146762Z  INFO ThreadId(20) downlink_tx: sent tx_log_seq=78 sensor=Thermal sensor_seq=46 queue_latency_us=49731 elapsed_us=4754228
2026-03-25T16:07:55.196327Z  WARN ThreadId(20) JITTER EXCEEDED 1ms limit sensor="thermal" jitter_us=1218 consecutive_miss=2 limit_us=1000 elapsed_us=4803971
2026-03-25T16:07:55.196319Z  INFO ThreadId(02) Task dispatched task="ThermalControl" drift_us=1480
2026-03-25T16:07:55.196351Z  INFO ThreadId(20) sensor_read sensor="thermal" seq=47 value=56.37597449402554 drift_us=1530 jitter_us=1218 latency_us=0 elapsed_us=4803971
2026-03-25T16:07:55.196398Z  INFO ThreadId(22) sensor_read sensor="power" seq=23 value=1.6563923877002373 drift_us=1552 jitter_us=191 latency_us=1 elapsed_us=4804032
2026-03-25T16:07:55.196505Z  INFO ThreadId(24) downlink_tx: sent tx_log_seq=79 sensor=Power sensor_seq=23 queue_latency_us=119 elapsed_us=4804041
2026-03-25T16:07:55.196521Z  INFO ThreadId(24) downlink_tx: sent tx_log_seq=80 sensor=Thermal sensor_seq=47 queue_latency_us=173 elapsed_us=4804041
2026-03-25T16:07:55.296883Z  INFO ThreadId(24) Task dispatched task="ThermalControl" drift_us=2046
2026-03-25T16:07:55.296927Z  WARN ThreadId(24) JITTER EXCEEDED 1ms limit sensor="thermal" jitter_us=1295 consecutive_miss=3 limit_us=1000 elapsed_us=4904578
2026-03-25T16:07:55.296932Z  INFO ThreadId(24) sensor_read sensor="thermal" seq=48 value=60.22333620060264 drift_us=2137 jitter_us=1295 latency_us=0 elapsed_us=4904578
2026-03-25T16:07:55.346805Z  INFO ThreadId(24) downlink_tx: sent tx_log_seq=81 sensor=Thermal sensor_seq=48 queue_latency_us=49861 elapsed_us=4954341
2026-03-25T16:07:55.396987Z  INFO ThreadId(22) Task dispatched task="ThermalControl" drift_us=2150
2026-03-25T16:07:55.397004Z  INFO ThreadId(24) sensor_read sensor="power" seq=24 value=3.130268436324445 drift_us=2168 jitter_us=782 latency_us=0 elapsed_us=5004648
2026-03-25T16:07:55.397025Z  INFO ThreadId(24) sensor_read sensor="imu" seq=9 value=-0.0076959549190738635 drift_us=2206 jitter_us=357 latency_us=0 elapsed_us=5004677
2026-03-25T16:07:55.397063Z  INFO ThreadId(25) sensor_read sensor="thermal" seq=49 value=54.298377740553576 drift_us=2270 jitter_us=474 latency_us=0 elapsed_us=5004711
2026-03-25T16:07:55.397110Z  INFO ThreadId(22) downlink_tx: sent tx_log_seq=82 sensor=Power sensor_seq=24 queue_latency_us=112 elapsed_us=5004661
2026-03-25T16:07:55.397124Z  INFO ThreadId(22) downlink_tx: sent tx_log_seq=83 sensor=Imu sensor_seq=9 queue_latency_us=99 elapsed_us=5004661
2026-03-25T16:07:55.397133Z  INFO ThreadId(22) downlink_tx: sent tx_log_seq=84 sensor=Thermal sensor_seq=49 queue_latency_us=74 elapsed_us=5004661
2026-03-25T16:07:55.397266Z  INFO ThreadId(24) uplink_rx: received cmd=Heartbeat seq=0 dispatch_latency_us=0 elapsed_us=5004913
2026-03-25T16:07:55.397277Z  INFO ThreadId(24) command executed cmd=Heartbeat
2026-03-25T16:07:55.404240Z  INFO ThreadId(24) Task dispatched task="DataCompress" drift_us=9409
2026-03-25T16:07:55.425589Z  INFO ThreadId(24) Task dispatched task="HealthMonitor" drift_us=30751
2026-03-25T16:07:55.496867Z  INFO ThreadId(24) Task dispatched task="ThermalControl" drift_us=2030
2026-03-25T16:07:55.496872Z  INFO ThreadId(02) sensor_read sensor="thermal" seq=50 value=43.79848398734745 drift_us=2077 jitter_us=326 latency_us=0 elapsed_us=5104518
2026-03-25T16:07:55.497060Z  INFO ThreadId(20) downlink_tx: sent tx_log_seq=85 sensor=Thermal sensor_seq=50 queue_latency_us=182 elapsed_us=5104551
2026-03-25T16:07:55.596698Z  INFO ThreadId(20) sensor_read sensor="thermal" seq=51 value=37.954783254297375 drift_us=1902 jitter_us=18 latency_us=0 elapsed_us=5204343
2026-03-25T16:07:55.596692Z  INFO ThreadId(02) Task dispatched task="ThermalControl" drift_us=1854
2026-03-25T16:07:55.596712Z  INFO ThreadId(25) sensor_read sensor="power" seq=25 value=2.668161326620577 drift_us=1878 jitter_us=906 latency_us=0 elapsed_us=5204358
2026-03-25T16:07:55.596820Z  INFO ThreadId(02) downlink_tx: sent tx_log_seq=86 sensor=Power sensor_seq=25 queue_latency_us=112 elapsed_us=5204375
2026-03-25T16:07:55.596832Z  INFO ThreadId(02) downlink_tx: sent tx_log_seq=87 sensor=Thermal sensor_seq=51 queue_latency_us=139 elapsed_us=5204375
2026-03-25T16:07:55.696348Z  INFO ThreadId(02) Task dispatched task="ThermalControl" drift_us=1511
2026-03-25T16:07:55.696374Z  INFO ThreadId(24) sensor_read sensor="thermal" seq=52 value=56.45689299265627 drift_us=1579 jitter_us=148 latency_us=1 elapsed_us=5304020
2026-03-25T16:07:55.696473Z  INFO ThreadId(02) downlink_tx: sent tx_log_seq=88 sensor=Thermal sensor_seq=52 queue_latency_us=102 elapsed_us=5304025
2026-03-25T16:07:55.796724Z  INFO ThreadId(02) Task dispatched task="ThermalControl" drift_us=1887
2026-03-25T16:07:55.796734Z  INFO ThreadId(25) sensor_read sensor="thermal" seq=53 value=53.18344317342621 drift_us=1937 jitter_us=681 latency_us=0 elapsed_us=5404378
2026-03-25T16:07:55.796746Z  INFO ThreadId(24) sensor_read sensor="power" seq=26 value=3.7169976072033393 drift_us=1914 jitter_us=326 latency_us=0 elapsed_us=5404394
2026-03-25T16:07:55.796851Z  INFO ThreadId(02) downlink_tx: sent tx_log_seq=89 sensor=Power sensor_seq=26 queue_latency_us=107 elapsed_us=5404403
2026-03-25T16:07:55.796866Z  INFO ThreadId(02) downlink_tx: sent tx_log_seq=90 sensor=Thermal sensor_seq=53 queue_latency_us=139 elapsed_us=5404403
2026-03-25T16:07:55.896952Z  INFO ThreadId(20) Task dispatched task="ThermalControl" drift_us=2114
2026-03-25T16:07:55.896974Z  INFO ThreadId(24) sensor_read sensor="thermal" seq=54 value=58.9589918846016 drift_us=2177 jitter_us=118 latency_us=1 elapsed_us=5504618
2026-03-25T16:07:55.896980Z  INFO ThreadId(02) sensor_read sensor="imu" seq=10 value=-0.04700246792505336 drift_us=2157 jitter_us=40 latency_us=0 elapsed_us=5504628
2026-03-25T16:07:55.897093Z  INFO ThreadId(25) downlink_tx: sent tx_log_seq=91 sensor=Imu sensor_seq=10 queue_latency_us=111 elapsed_us=5504640
2026-03-25T16:07:55.897111Z  INFO ThreadId(25) downlink_tx: sent tx_log_seq=92 sensor=Thermal sensor_seq=54 queue_latency_us=142 elapsed_us=5504640
2026-03-25T16:07:55.902924Z  INFO ThreadId(20) Task dispatched task="DataCompress" drift_us=8098
2026-03-25T16:07:55.996847Z  INFO ThreadId(25) Task dispatched task="ThermalControl" drift_us=2009
2026-03-25T16:07:55.996851Z  INFO ThreadId(20) sensor_read sensor="thermal" seq=55 value=29.765818540046567 drift_us=2054 jitter_us=363 latency_us=0 elapsed_us=5604495
2026-03-25T16:07:55.996897Z  INFO ThreadId(22) sensor_read sensor="power" seq=27 value=4.83907019690485 drift_us=2049 jitter_us=99 latency_us=1 elapsed_us=5604529
2026-03-25T16:07:55.996993Z  INFO ThreadId(02) downlink_tx: sent tx_log_seq=93 sensor=Power sensor_seq=27 queue_latency_us=108 elapsed_us=5604537
2026-03-25T16:07:55.997011Z  INFO ThreadId(02) downlink_tx: sent tx_log_seq=94 sensor=Thermal sensor_seq=55 queue_latency_us=166 elapsed_us=5604537
2026-03-25T16:07:56.096882Z  INFO ThreadId(02) Task dispatched task="ThermalControl" drift_us=2045
2026-03-25T16:07:56.096886Z  INFO ThreadId(20) sensor_read sensor="thermal" seq=56 value=26.329855603308154 drift_us=2092 jitter_us=161 latency_us=0 elapsed_us=5704533
2026-03-25T16:07:56.097009Z  INFO ThreadId(22) downlink_tx: sent tx_log_seq=95 sensor=Thermal sensor_seq=56 queue_latency_us=122 elapsed_us=5704545
2026-03-25T16:07:56.196604Z  INFO ThreadId(22) Task dispatched task="ThermalControl" drift_us=1766
2026-03-25T16:07:56.196613Z  INFO ThreadId(20) sensor_read sensor="thermal" seq=57 value=79.59570525027834 drift_us=1817 jitter_us=313 latency_us=0 elapsed_us=5804258
2026-03-25T16:07:56.196623Z  INFO ThreadId(24) sensor_read sensor="power" seq=28 value=2.6890555357870154 drift_us=1790 jitter_us=394 latency_us=0 elapsed_us=5804270
2026-03-25T16:07:56.196731Z  INFO ThreadId(22) downlink_tx: sent tx_log_seq=96 sensor=Power sensor_seq=28 queue_latency_us=110 elapsed_us=5804280
2026-03-25T16:07:56.196746Z  INFO ThreadId(22) downlink_tx: sent tx_log_seq=97 sensor=Thermal sensor_seq=57 queue_latency_us=138 elapsed_us=5804280
2026-03-25T16:07:56.296787Z  INFO ThreadId(02) Task dispatched task="ThermalControl" drift_us=1948
2026-03-25T16:07:56.296810Z  INFO ThreadId(22) sensor_read sensor="thermal" seq=58 value=70.84600422336966 drift_us=2016 jitter_us=474 latency_us=0 elapsed_us=5904457
2026-03-25T16:07:56.296932Z  INFO ThreadId(20) downlink_tx: sent tx_log_seq=98 sensor=Thermal sensor_seq=58 queue_latency_us=122 elapsed_us=5904470
2026-03-25T16:07:56.396774Z  INFO ThreadId(02) Task dispatched task="ThermalControl" drift_us=1933
2026-03-25T16:07:56.396809Z  INFO ThreadId(02) sensor_read sensor="thermal" seq=59 value=52.85415120032095 drift_us=2016 jitter_us=199 latency_us=0 elapsed_us=6004457
2026-03-25T16:07:56.396810Z  INFO ThreadId(20) sensor_read sensor="power" seq=29 value=1.214682255005584 drift_us=1960 jitter_us=429 latency_us=1 elapsed_us=6004440
2026-03-25T16:07:56.396847Z  INFO ThreadId(22) sensor_read sensor="imu" seq=11 value=0.039548679594670816 drift_us=2022 jitter_us=86 latency_us=0 elapsed_us=6004493
2026-03-25T16:07:56.396948Z  INFO ThreadId(02) downlink_tx: sent tx_log_seq=99 sensor=Power sensor_seq=29 queue_latency_us=157 elapsed_us=6004474
2026-03-25T16:07:56.396969Z  INFO ThreadId(02) downlink_tx: sent tx_log_seq=100 sensor=Imu sensor_seq=11 queue_latency_us=126 elapsed_us=6004474
2026-03-25T16:07:56.396981Z  INFO ThreadId(02) downlink_tx: sent tx_log_seq=101 sensor=Thermal sensor_seq=59 queue_latency_us=175 elapsed_us=6004474
2026-03-25T16:07:56.402788Z  INFO ThreadId(20) Task dispatched task="DataCompress" drift_us=7948
2026-03-25T16:07:56.424557Z  INFO ThreadId(24) Task dispatched task="HealthMonitor" drift_us=29717
2026-03-25T16:07:56.496681Z  INFO ThreadId(24) Task dispatched task="ThermalControl" drift_us=1837
2026-03-25T16:07:56.496781Z  INFO ThreadId(22) sensor_read sensor="thermal" seq=60 value=28.833199485706547 drift_us=1963 jitter_us=53 latency_us=0 elapsed_us=6104404
2026-03-25T16:07:56.546333Z  INFO ThreadId(24) downlink_tx: sent tx_log_seq=102 sensor=Thermal sensor_seq=60 queue_latency_us=49559 elapsed_us=6153816
2026-03-25T16:07:56.596764Z  INFO ThreadId(22) Task dispatched task="ThermalControl" drift_us=1927
2026-03-25T16:07:56.596772Z  INFO ThreadId(24) sensor_read sensor="thermal" seq=61 value=61.55159180637375 drift_us=1975 jitter_us=65 latency_us=0 elapsed_us=6204416
2026-03-25T16:07:56.596801Z  INFO ThreadId(20) sensor_read sensor="power" seq=30 value=0.8481046164839444 drift_us=1969 jitter_us=161 latency_us=0 elapsed_us=6204449
2026-03-25T16:07:56.596887Z  INFO ThreadId(22) downlink_tx: sent tx_log_seq=103 sensor=Thermal sensor_seq=61 queue_latency_us=121 elapsed_us=6204438
2026-03-25T16:07:56.596902Z  INFO ThreadId(22) downlink_tx: sent tx_log_seq=104 sensor=Power sensor_seq=30 queue_latency_us=104 elapsed_us=6204438
2026-03-25T16:07:56.695937Z  INFO ThreadId(24) Task dispatched task="ThermalControl" drift_us=1094
2026-03-25T16:07:56.695982Z  INFO ThreadId(24) sensor_read sensor="thermal" seq=62 value=57.85600270823224 drift_us=1189 jitter_us=798 latency_us=0 elapsed_us=6303630
2026-03-25T16:07:56.696158Z  INFO ThreadId(02) downlink_tx: sent tx_log_seq=105 sensor=Thermal sensor_seq=62 queue_latency_us=168 elapsed_us=6303641
2026-03-25T16:07:56.797088Z  WARN ThreadId(02) JITTER EXCEEDED 1ms limit sensor="thermal" jitter_us=1888 consecutive_miss=1 limit_us=1000 elapsed_us=6404732
2026-03-25T16:07:56.797083Z  INFO ThreadId(24) Task dispatched task="ThermalControl" drift_us=2244
2026-03-25T16:07:56.797108Z  INFO ThreadId(02) sensor_read sensor="thermal" seq=63 value=27.291110534758708 drift_us=2291 jitter_us=1888 latency_us=0 elapsed_us=6404732
2026-03-25T16:07:56.797124Z  INFO ThreadId(02) sensor_read sensor="power" seq=31 value=3.0174667490678853 drift_us=2295 jitter_us=317 latency_us=0 elapsed_us=6404775
2026-03-25T16:07:56.797215Z  INFO ThreadId(24) downlink_tx: sent tx_log_seq=106 sensor=Thermal sensor_seq=63 queue_latency_us=109 elapsed_us=6404764
2026-03-25T16:07:56.797229Z  INFO ThreadId(24) downlink_tx: sent tx_log_seq=107 sensor=Power sensor_seq=31 queue_latency_us=105 elapsed_us=6404764
2026-03-25T16:07:56.896389Z  INFO ThreadId(24) Task dispatched task="ThermalControl" drift_us=1548
2026-03-25T16:07:56.896419Z  WARN ThreadId(20) JITTER EXCEEDED 1ms limit sensor="thermal" jitter_us=1783 consecutive_miss=2 limit_us=1000 elapsed_us=6504051
2026-03-25T16:07:56.896426Z  INFO ThreadId(22) sensor_read sensor="imu" seq=12 value=0.006726926659647067 drift_us=1601 jitter_us=286 latency_us=0 elapsed_us=6504072
2026-03-25T16:07:56.896436Z  INFO ThreadId(20) sensor_read sensor="thermal" seq=64 value=65.62992272885916 drift_us=1610 jitter_us=1783 latency_us=0 elapsed_us=6504051
2026-03-25T16:07:56.896592Z  INFO ThreadId(02) downlink_tx: sent tx_log_seq=108 sensor=Imu sensor_seq=12 queue_latency_us=165 elapsed_us=6504099
2026-03-25T16:07:56.896620Z  INFO ThreadId(02) downlink_tx: sent tx_log_seq=109 sensor=Thermal sensor_seq=64 queue_latency_us=184 elapsed_us=6504099
2026-03-25T16:07:56.902969Z  INFO ThreadId(22) Task dispatched task="DataCompress" drift_us=8126
2026-03-25T16:07:56.996679Z  INFO ThreadId(02) Task dispatched task="ThermalControl" drift_us=1842
2026-03-25T16:07:56.996753Z  WARN ThreadId(22) JITTER EXCEEDED 1ms limit sensor="thermal" jitter_us=1010 consecutive_miss=3 limit_us=1000 elapsed_us=6604380
2026-03-25T16:07:56.996781Z  INFO ThreadId(25) sensor_read sensor="power" seq=32 value=3.1449413464230975 drift_us=1946 jitter_us=675 latency_us=0 elapsed_us=6604426
2026-03-25T16:07:56.996815Z  INFO ThreadId(22) sensor_read sensor="thermal" seq=65 value=56.58216448248628 drift_us=1939 jitter_us=1010 latency_us=0 elapsed_us=6604380
2026-03-25T16:07:57.047057Z  INFO ThreadId(20) downlink_tx: sent tx_log_seq=110 sensor=Power sensor_seq=32 queue_latency_us=50269 elapsed_us=6654595
2026-03-25T16:07:57.047085Z  INFO ThreadId(20) downlink_tx: sent tx_log_seq=111 sensor=Thermal sensor_seq=65 queue_latency_us=50274 elapsed_us=6654595
2026-03-25T16:07:57.096623Z  INFO ThreadId(22) Task dispatched task="ThermalControl" drift_us=1784
2026-03-25T16:07:57.096651Z  INFO ThreadId(22) sensor_read sensor="thermal" seq=66 value=53.64036542488735 drift_us=1858 jitter_us=410 latency_us=1 elapsed_us=6704299
2026-03-25T16:07:57.096772Z  INFO ThreadId(22) downlink_tx: sent tx_log_seq=112 sensor=Thermal sensor_seq=66 queue_latency_us=122 elapsed_us=6704318
2026-03-25T16:07:57.196760Z  INFO ThreadId(25) Task dispatched task="ThermalControl" drift_us=1921
2026-03-25T16:07:57.196765Z  INFO ThreadId(22) sensor_read sensor="thermal" seq=67 value=34.90118369144312 drift_us=1968 jitter_us=191 latency_us=0 elapsed_us=6804409
2026-03-25T16:07:57.196787Z  INFO ThreadId(22) sensor_read sensor="power" seq=33 value=3.888812479427601 drift_us=1959 jitter_us=362 latency_us=0 elapsed_us=6804439
2026-03-25T16:07:57.196891Z  INFO ThreadId(22) downlink_tx: sent tx_log_seq=113 sensor=Power sensor_seq=33 queue_latency_us=103 elapsed_us=6804446
2026-03-25T16:07:57.196905Z  INFO ThreadId(22) downlink_tx: sent tx_log_seq=114 sensor=Thermal sensor_seq=67 queue_latency_us=146 elapsed_us=6804446
2026-03-25T16:07:57.296874Z  INFO ThreadId(22) Task dispatched task="ThermalControl" drift_us=2031
2026-03-25T16:07:57.296944Z  INFO ThreadId(20) sensor_read sensor="thermal" seq=68 value=55.34619463533686 drift_us=2143 jitter_us=65 latency_us=1 elapsed_us=6904584
2026-03-25T16:07:57.347212Z  INFO ThreadId(25) downlink_tx: sent tx_log_seq=115 sensor=Thermal sensor_seq=68 queue_latency_us=50261 elapsed_us=6954700
2026-03-25T16:07:57.396326Z  INFO ThreadId(25) sensor_read sensor="power" seq=34 value=3.1732345371755892 drift_us=1489 jitter_us=483 latency_us=1 elapsed_us=7003969
2026-03-25T16:07:57.396317Z  INFO ThreadId(20) Task dispatched task="ThermalControl" drift_us=1479
2026-03-25T16:07:57.396351Z  INFO ThreadId(25) sensor_read sensor="imu" seq=13 value=0.0979301881154315 drift_us=1531 jitter_us=351 latency_us=0 elapsed_us=7004002
2026-03-25T16:07:57.396377Z  INFO ThreadId(02) sensor_read sensor="thermal" seq=69 value=63.17511707283111 drift_us=1574 jitter_us=744 latency_us=1 elapsed_us=7004015
2026-03-25T16:07:57.396471Z  INFO ThreadId(20) downlink_tx: sent tx_log_seq=116 sensor=Power sensor_seq=34 queue_latency_us=149 elapsed_us=7003999
2026-03-25T16:07:57.396497Z  INFO ThreadId(20) downlink_tx: sent tx_log_seq=117 sensor=Imu sensor_seq=13 queue_latency_us=144 elapsed_us=7003999
2026-03-25T16:07:57.396524Z  INFO ThreadId(20) downlink_tx: sent tx_log_seq=118 sensor=Thermal sensor_seq=69 queue_latency_us=158 elapsed_us=7003999
2026-03-25T16:07:57.402927Z  INFO ThreadId(25) Task dispatched task="DataCompress" drift_us=8096
2026-03-25T16:07:57.424863Z  INFO ThreadId(25) Task dispatched task="HealthMonitor" drift_us=30028
2026-03-25T16:07:57.497513Z  INFO ThreadId(25) Task dispatched task="ThermalControl" drift_us=2673
2026-03-25T16:07:57.497556Z  WARN ThreadId(25) JITTER EXCEEDED 1ms limit sensor="thermal" jitter_us=1760 consecutive_miss=1 limit_us=1000 elapsed_us=7105206
2026-03-25T16:07:57.497564Z  INFO ThreadId(25) sensor_read sensor="thermal" seq=70 value=53.90997100992386 drift_us=2765 jitter_us=1760 latency_us=0 elapsed_us=7105206
2026-03-25T16:07:57.546616Z  INFO ThreadId(25) downlink_tx: sent tx_log_seq=119 sensor=Thermal sensor_seq=70 queue_latency_us=49040 elapsed_us=7154146
2026-03-25T16:07:57.596961Z  WARN ThreadId(25) JITTER EXCEEDED 1ms limit sensor="thermal" jitter_us=1791 consecutive_miss=2 limit_us=1000 elapsed_us=7204606
2026-03-25T16:07:57.596961Z  INFO ThreadId(02) Task dispatched task="ThermalControl" drift_us=2120
2026-03-25T16:07:57.596986Z  INFO ThreadId(25) sensor_read sensor="thermal" seq=71 value=63.52601514833572 drift_us=2165 jitter_us=1791 latency_us=0 elapsed_us=7204606
2026-03-25T16:07:57.597000Z ERROR ThreadId(20) JITTER LIMIT VIOLATED (>1ms) sensor="power" jitter_us=1143
2026-03-25T16:07:57.597017Z  INFO ThreadId(20) sensor_read sensor="power" seq=35 value=4.753687222588907 drift_us=2162 jitter_us=1143 latency_us=1 elapsed_us=7204642
2026-03-25T16:07:57.597103Z  INFO ThreadId(25) downlink_tx: sent tx_log_seq=120 sensor=Power sensor_seq=35 queue_latency_us=109 elapsed_us=7204651
2026-03-25T16:07:57.597117Z  INFO ThreadId(25) downlink_tx: sent tx_log_seq=121 sensor=Thermal sensor_seq=71 queue_latency_us=132 elapsed_us=7204651
2026-03-25T16:07:57.696784Z  INFO ThreadId(25) Task dispatched task="ThermalControl" drift_us=1937
2026-03-25T16:07:57.696800Z  INFO ThreadId(20) sensor_read sensor="thermal" seq=72 value=38.02924599264941 drift_us=2005 jitter_us=440 latency_us=0 elapsed_us=7304446
2026-03-25T16:07:57.696917Z  INFO ThreadId(02) downlink_tx: sent tx_log_seq=122 sensor=Thermal sensor_seq=72 queue_latency_us=116 elapsed_us=7304461
2026-03-25T16:07:57.796693Z  INFO ThreadId(25) Task dispatched task="ThermalControl" drift_us=1856
2026-03-25T16:07:57.796702Z  INFO ThreadId(02) sensor_read sensor="thermal" seq=73 value=44.03702515785762 drift_us=1904 jitter_us=59 latency_us=0 elapsed_us=7404345
2026-03-25T16:07:57.796730Z  INFO ThreadId(20) sensor_read sensor="power" seq=36 value=3.6165491403453798 drift_us=1897 jitter_us=938 latency_us=0 elapsed_us=7404377
2026-03-25T16:07:57.796814Z  INFO ThreadId(24) downlink_tx: sent tx_log_seq=123 sensor=Thermal sensor_seq=73 queue_latency_us=115 elapsed_us=7404367
2026-03-25T16:07:57.796838Z  INFO ThreadId(24) downlink_tx: sent tx_log_seq=124 sensor=Power sensor_seq=36 queue_latency_us=112 elapsed_us=7404367
2026-03-25T16:07:57.896935Z  INFO ThreadId(24) Task dispatched task="ThermalControl" drift_us=2095
2026-03-25T16:07:57.896941Z  INFO ThreadId(02) sensor_read sensor="thermal" seq=74 value=48.3895098565836 drift_us=2142 jitter_us=339 latency_us=0 elapsed_us=7504583
2026-03-25T16:07:57.897006Z  INFO ThreadId(22) sensor_read sensor="imu" seq=14 value=-0.09676191538383994 drift_us=2166 jitter_us=705 latency_us=1 elapsed_us=7504637
2026-03-25T16:07:57.897087Z  INFO ThreadId(24) downlink_tx: sent tx_log_seq=125 sensor=Thermal sensor_seq=74 queue_latency_us=152 elapsed_us=7504617
2026-03-25T16:07:57.897112Z  INFO ThreadId(24) downlink_tx: sent tx_log_seq=126 sensor=Imu sensor_seq=14 queue_latency_us=121 elapsed_us=7504617
2026-03-25T16:07:57.903295Z  INFO ThreadId(20) Task dispatched task="DataCompress" drift_us=8459
2026-03-25T16:07:57.996752Z  INFO ThreadId(24) Task dispatched task="ThermalControl" drift_us=1913
2026-03-25T16:07:57.996761Z  INFO ThreadId(20) sensor_read sensor="thermal" seq=75 value=45.525119135646314 drift_us=1962 jitter_us=418 latency_us=1 elapsed_us=7604403
2026-03-25T16:07:57.996784Z  INFO ThreadId(20) sensor_read sensor="power" seq=37 value=1.3724988191463505 drift_us=1955 jitter_us=323 latency_us=0 elapsed_us=7604435
2026-03-25T16:07:57.996891Z  INFO ThreadId(20) downlink_tx: sent tx_log_seq=127 sensor=Power sensor_seq=37 queue_latency_us=105 elapsed_us=7604441
2026-03-25T16:07:57.996906Z  INFO ThreadId(20) downlink_tx: sent tx_log_seq=128 sensor=Thermal sensor_seq=75 queue_latency_us=153 elapsed_us=7604441
2026-03-25T16:07:58.095756Z  INFO ThreadId(20) Task dispatched task="ThermalControl" drift_us=919
2026-03-25T16:07:58.095784Z  INFO ThreadId(20) sensor_read sensor="thermal" seq=76 value=43.97891675723603 drift_us=993 jitter_us=789 latency_us=0 elapsed_us=7703434
2026-03-25T16:07:58.147094Z  INFO ThreadId(02) downlink_tx: sent tx_log_seq=129 sensor=Thermal sensor_seq=76 queue_latency_us=51296 elapsed_us=7754618
2026-03-25T16:07:58.196819Z  WARN ThreadId(02) JITTER EXCEEDED 1ms limit sensor="thermal" jitter_us=1998 consecutive_miss=1 limit_us=1000 elapsed_us=7804463
2026-03-25T16:07:58.196814Z  INFO ThreadId(20) Task dispatched task="ThermalControl" drift_us=1976
2026-03-25T16:07:58.196833Z  INFO ThreadId(02) sensor_read sensor="thermal" seq=77 value=47.14956518456484 drift_us=2022 jitter_us=1998 latency_us=1 elapsed_us=7804463
2026-03-25T16:07:58.196839Z  INFO ThreadId(20) sensor_read sensor="power" seq=38 value=3.0293763162335656 drift_us=2010 jitter_us=3 latency_us=0 elapsed_us=7804490
2026-03-25T16:07:58.196951Z  INFO ThreadId(24) downlink_tx: sent tx_log_seq=130 sensor=Power sensor_seq=38 queue_latency_us=108 elapsed_us=7804496
2026-03-25T16:07:58.196970Z  INFO ThreadId(24) downlink_tx: sent tx_log_seq=131 sensor=Thermal sensor_seq=77 queue_latency_us=137 elapsed_us=7804496
2026-03-25T16:07:58.296772Z  INFO ThreadId(24) Task dispatched task="ThermalControl" drift_us=1935
2026-03-25T16:07:58.296808Z  WARN ThreadId(20) JITTER EXCEEDED 1ms limit sensor="thermal" jitter_us=1035 consecutive_miss=2 limit_us=1000 elapsed_us=7904457
2026-03-25T16:07:58.296819Z  INFO ThreadId(20) sensor_read sensor="thermal" seq=78 value=74.73524296763225 drift_us=2016 jitter_us=1035 latency_us=1 elapsed_us=7904457
2026-03-25T16:07:58.347394Z  INFO ThreadId(25) downlink_tx: sent tx_log_seq=132 sensor=Thermal sensor_seq=78 queue_latency_us=50562 elapsed_us=7954927
2026-03-25T16:07:58.396770Z  INFO ThreadId(24) Task dispatched task="ThermalControl" drift_us=1932
2026-03-25T16:07:58.396777Z  INFO ThreadId(25) sensor_read sensor="power" seq=39 value=4.290203009029936 drift_us=1941 jitter_us=124 latency_us=0 elapsed_us=8004421
2026-03-25T16:07:58.396796Z  INFO ThreadId(25) sensor_read sensor="imu" seq=15 value=0.05332919634141406 drift_us=1977 jitter_us=824 latency_us=0 elapsed_us=8004448
2026-03-25T16:07:58.396802Z  INFO ThreadId(25) sensor_read sensor="thermal" seq=79 value=72.09086161813265 drift_us=2013 jitter_us=3 latency_us=0 elapsed_us=8004454
2026-03-25T16:07:58.396895Z  INFO ThreadId(24) downlink_tx: sent tx_log_seq=133 sensor=Power sensor_seq=39 queue_latency_us=123 elapsed_us=8004444
2026-03-25T16:07:58.396910Z  INFO ThreadId(24) downlink_tx: sent tx_log_seq=134 sensor=Imu sensor_seq=15 queue_latency_us=113 elapsed_us=8004444
2026-03-25T16:07:58.396919Z  INFO ThreadId(24) downlink_tx: sent tx_log_seq=135 sensor=Thermal sensor_seq=79 queue_latency_us=117 elapsed_us=8004444
2026-03-25T16:07:58.402794Z  INFO ThreadId(25) Task dispatched task="DataCompress" drift_us=7962
2026-03-25T16:07:58.424751Z  INFO ThreadId(25) Task dispatched task="HealthMonitor" drift_us=29912
2026-03-25T16:07:58.496839Z  INFO ThreadId(25) Task dispatched task="ThermalControl" drift_us=2002
2026-03-25T16:07:58.496860Z  INFO ThreadId(20) sensor_read sensor="thermal" seq=80 value=54.40480587187986 drift_us=2065 jitter_us=55 latency_us=1 elapsed_us=8104506
2026-03-25T16:07:58.496977Z  INFO ThreadId(22) downlink_tx: sent tx_log_seq=136 sensor=Thermal sensor_seq=80 queue_latency_us=114 elapsed_us=8104521
2026-03-25T16:07:58.596545Z  INFO ThreadId(25) Task dispatched task="ThermalControl" drift_us=1699
2026-03-25T16:07:58.596542Z  INFO ThreadId(02) sensor_read sensor="thermal" seq=81 value=40.95457898196382 drift_us=1744 jitter_us=373 latency_us=0 elapsed_us=8204185
2026-03-25T16:07:58.596567Z  INFO ThreadId(02) sensor_read sensor="power" seq=40 value=0.6701640275791758 drift_us=1738 jitter_us=134 latency_us=0 elapsed_us=8204218
2026-03-25T16:07:58.596670Z  INFO ThreadId(20) downlink_tx: sent tx_log_seq=137 sensor=Power sensor_seq=40 queue_latency_us=99 elapsed_us=8204218
2026-03-25T16:07:58.596687Z  INFO ThreadId(20) downlink_tx: sent tx_log_seq=138 sensor=Thermal sensor_seq=81 queue_latency_us=153 elapsed_us=8204218
2026-03-25T16:07:58.697435Z  INFO ThreadId(20) Task dispatched task="ThermalControl" drift_us=2596
2026-03-25T16:07:58.697455Z  WARN ThreadId(24) JITTER EXCEEDED 1ms limit sensor="thermal" jitter_us=1238 consecutive_miss=1 limit_us=1000 elapsed_us=8305102
2026-03-25T16:07:58.697466Z  INFO ThreadId(24) sensor_read sensor="thermal" seq=82 value=37.895656558788744 drift_us=2661 jitter_us=1238 latency_us=0 elapsed_us=8305102
2026-03-25T16:07:58.745894Z  INFO ThreadId(25) downlink_tx: sent tx_log_seq=139 sensor=Thermal sensor_seq=82 queue_latency_us=48412 elapsed_us=8353382
2026-03-25T16:07:58.796632Z  INFO ThreadId(24) Task dispatched task="ThermalControl" drift_us=1788
2026-03-25T16:07:58.796686Z  INFO ThreadId(24) sensor_read sensor="power" seq=41 value=2.1467928042159836 drift_us=1853 jitter_us=318 latency_us=0 elapsed_us=8404333
2026-03-25T16:07:58.796686Z  WARN ThreadId(25) JITTER EXCEEDED 1ms limit sensor="thermal" jitter_us=1744 consecutive_miss=2 limit_us=1000 elapsed_us=8404275
2026-03-25T16:07:58.796711Z  INFO ThreadId(25) sensor_read sensor="thermal" seq=83 value=46.519701766713794 drift_us=1834 jitter_us=1744 latency_us=0 elapsed_us=8404275
2026-03-25T16:07:58.845930Z  INFO ThreadId(25) downlink_tx: sent tx_log_seq=140 sensor=Power sensor_seq=41 queue_latency_us=49235 elapsed_us=8453462
2026-03-25T16:07:58.845957Z  INFO ThreadId(25) downlink_tx: sent tx_log_seq=141 sensor=Thermal sensor_seq=83 queue_latency_us=49250 elapsed_us=8453462
2026-03-25T16:07:58.896851Z  INFO ThreadId(24) Task dispatched task="ThermalControl" drift_us=2011
2026-03-25T16:07:58.896854Z  WARN ThreadId(20) JITTER EXCEEDED 1ms limit sensor="thermal" jitter_us=1050 consecutive_miss=3 limit_us=1000 elapsed_us=8504498
2026-03-25T16:07:58.896872Z  INFO ThreadId(20) sensor_read sensor="thermal" seq=84 value=71.11501905804701 drift_us=2057 jitter_us=1050 latency_us=0 elapsed_us=8504498
2026-03-25T16:07:58.896868Z  INFO ThreadId(25) sensor_read sensor="imu" seq=16 value=-0.08991890929436074 drift_us=2041 jitter_us=253 latency_us=0 elapsed_us=8504512
2026-03-25T16:07:58.897000Z  INFO ThreadId(25) downlink_tx: sent tx_log_seq=142 sensor=Imu sensor_seq=16 queue_latency_us=138 elapsed_us=8504535
2026-03-25T16:07:58.897016Z  INFO ThreadId(25) downlink_tx: sent tx_log_seq=143 sensor=Thermal sensor_seq=84 queue_latency_us=144 elapsed_us=8504535
2026-03-25T16:07:58.902845Z  INFO ThreadId(20) Task dispatched task="DataCompress" drift_us=8018
2026-03-25T16:07:58.973301Z  WARN ThreadId(25) GCS uplink connection closed.
2026-03-25T16:07:58.996953Z  INFO ThreadId(25) Task dispatched task="ThermalControl" drift_us=2113
2026-03-25T16:07:58.996956Z  INFO ThreadId(20) sensor_read sensor="thermal" seq=85 value=79.85821104101542 drift_us=2159 jitter_us=121 latency_us=0 elapsed_us=8604600
2026-03-25T16:07:58.996973Z  INFO ThreadId(02) sensor_read sensor="power" seq=42 value=0.5399148230293286 drift_us=2138 jitter_us=170 latency_us=1 elapsed_us=8604618
2026-03-25T16:07:58.997116Z  INFO ThreadId(25) downlink_tx: sent tx_log_seq=144 sensor=Power sensor_seq=42 queue_latency_us=148 elapsed_us=8604632
2026-03-25T16:07:58.997128Z  WARN ThreadId(25) downlink_tx: send timeout/error elapsed_us=8604632
2026-03-25T16:07:59.096701Z  INFO ThreadId(25) Task dispatched task="ThermalControl" drift_us=1860
2026-03-25T16:07:59.096774Z  INFO ThreadId(20) sensor_read sensor="thermal" seq=86 value=25.116159622416546 drift_us=1973 jitter_us=288 latency_us=0 elapsed_us=8704414
2026-03-25T16:07:59.146661Z  WARN ThreadId(20) downlink_tx: send timeout/error elapsed_us=8754275
2026-03-25T16:07:59.196792Z  INFO ThreadId(22) Task dispatched task="ThermalControl" drift_us=1943
2026-03-25T16:07:59.196819Z  INFO ThreadId(25) sensor_read sensor="thermal" seq=87 value=49.58457284254676 drift_us=2017 jitter_us=230 latency_us=0 elapsed_us=8804458
2026-03-25T16:07:59.196853Z  INFO ThreadId(25) sensor_read sensor="power" seq=43 value=3.5423885152710683 drift_us=2021 jitter_us=402 latency_us=0 elapsed_us=8804501
2026-03-25T16:07:59.196935Z  WARN ThreadId(20) downlink_tx: send timeout/error elapsed_us=8804530
2026-03-25T16:07:59.196967Z  WARN ThreadId(20) downlink_tx: send timeout/error elapsed_us=8804530
2026-03-25T16:07:59.296661Z  INFO ThreadId(20) Task dispatched task="ThermalControl" drift_us=1815
2026-03-25T16:07:59.296713Z  INFO ThreadId(20) sensor_read sensor="thermal" seq=88 value=37.140532024541784 drift_us=1920 jitter_us=141 latency_us=0 elapsed_us=8904361
2026-03-25T16:07:59.347770Z  WARN ThreadId(02) downlink_tx: send timeout/error elapsed_us=8955365
2026-03-25T16:07:59.395657Z  INFO ThreadId(20) Task dispatched task="ThermalControl" drift_us=820
2026-03-25T16:07:59.395666Z ERROR ThreadId(02) JITTER LIMIT VIOLATED (>1ms) sensor="power" jitter_us=1074
2026-03-25T16:07:59.395676Z  INFO ThreadId(02) sensor_read sensor="power" seq=44 value=3.9346000857188166 drift_us=830 jitter_us=1074 latency_us=1 elapsed_us=9003310
2026-03-25T16:07:59.395682Z  INFO ThreadId(25) sensor_read sensor="thermal" seq=89 value=61.1286379317595 drift_us=889 jitter_us=934 latency_us=0 elapsed_us=9003330
2026-03-25T16:07:59.395697Z  WARN ThreadId(20) downlink_tx: send timeout/error elapsed_us=9003332
2026-03-25T16:07:59.395697Z ERROR ThreadId(25) JITTER LIMIT VIOLATED (>1ms) sensor="imu" jitter_us=1228
2026-03-25T16:07:59.395700Z  INFO ThreadId(25) sensor_read sensor="imu" seq=17 value=-0.07102658851934414 drift_us=877 jitter_us=1228 latency_us=0 elapsed_us=9003348
2026-03-25T16:07:59.395702Z  WARN ThreadId(20) downlink_tx: send timeout/error elapsed_us=9003332
2026-03-25T16:07:59.395704Z  WARN ThreadId(20) downlink_tx: send timeout/error elapsed_us=9003332
2026-03-25T16:07:59.401665Z  INFO ThreadId(25) Task dispatched task="DataCompress" drift_us=6834
2026-03-25T16:07:59.423335Z  INFO ThreadId(25) Task dispatched task="HealthMonitor" drift_us=28498
2026-03-25T16:07:59.496429Z  INFO ThreadId(25) Task dispatched task="ThermalControl" drift_us=1591
2026-03-25T16:07:59.496448Z  WARN ThreadId(20) JITTER EXCEEDED 1ms limit sensor="thermal" jitter_us=1797 consecutive_miss=1 limit_us=1000 elapsed_us=9104096
2026-03-25T16:07:59.496461Z  INFO ThreadId(20) sensor_read sensor="thermal" seq=90 value=23.957562184051454 drift_us=1655 jitter_us=1797 latency_us=1 elapsed_us=9104096
2026-03-25T16:07:59.496487Z  WARN ThreadId(02) downlink_tx: send timeout/error elapsed_us=9104113
2026-03-25T16:07:59.596378Z  INFO ThreadId(24) Task dispatched task="ThermalControl" drift_us=1541
2026-03-25T16:07:59.596381Z  INFO ThreadId(25) sensor_read sensor="thermal" seq=91 value=59.40872380344287 drift_us=1584 jitter_us=837 latency_us=0 elapsed_us=9204025
2026-03-25T16:07:59.596402Z ERROR ThreadId(24) JITTER LIMIT VIOLATED (>1ms) sensor="power" jitter_us=1934
2026-03-25T16:07:59.596404Z  INFO ThreadId(24) sensor_read sensor="power" seq=45 value=2.405200638714571 drift_us=1573 jitter_us=1934 latency_us=0 elapsed_us=9204053
2026-03-25T16:07:59.596420Z  WARN ThreadId(20) downlink_tx: send timeout/error elapsed_us=9204052
2026-03-25T16:07:59.596430Z  WARN ThreadId(20) downlink_tx: send timeout/error elapsed_us=9204052
2026-03-25T16:07:59.696899Z  INFO ThreadId(25) Task dispatched task="ThermalControl" drift_us=2063
2026-03-25T16:07:59.696928Z  INFO ThreadId(25) sensor_read sensor="thermal" seq=92 value=59.98669524713045 drift_us=2135 jitter_us=622 latency_us=1 elapsed_us=9304576
2026-03-25T16:07:59.696961Z  WARN ThreadId(25) downlink_tx: send timeout/error elapsed_us=9304594
2026-03-25T16:07:59.796592Z  INFO ThreadId(20) Task dispatched task="ThermalControl" drift_us=1754
2026-03-25T16:07:59.796702Z  INFO ThreadId(24) sensor_read sensor="power" seq=46 value=1.8775526102883573 drift_us=1866 jitter_us=450 latency_us=0 elapsed_us=9404346
2026-03-25T16:07:59.796693Z  INFO ThreadId(22) sensor_read sensor="thermal" seq=93 value=72.4107676029811 drift_us=1854 jitter_us=832 latency_us=0 elapsed_us=9404295
2026-03-25T16:07:59.796763Z  WARN ThreadId(25) downlink_tx: send timeout/error elapsed_us=9404372
2026-03-25T16:07:59.796795Z  WARN ThreadId(25) downlink_tx: send timeout/error elapsed_us=9404372
2026-03-25T16:07:59.896558Z  INFO ThreadId(02) Task dispatched task="ThermalControl" drift_us=1721
2026-03-25T16:07:59.896567Z  INFO ThreadId(25) sensor_read sensor="thermal" seq=94 value=66.06010069878161 drift_us=1770 jitter_us=197 latency_us=0 elapsed_us=9504211
2026-03-25T16:07:59.896581Z ERROR ThreadId(22) JITTER LIMIT VIOLATED (>1ms) sensor="imu" jitter_us=2045
2026-03-25T16:07:59.896587Z  INFO ThreadId(22) sensor_read sensor="imu" seq=18 value=-0.04585766352260108 drift_us=1758 jitter_us=2045 latency_us=0 elapsed_us=9504229
2026-03-25T16:07:59.896617Z  WARN ThreadId(24) downlink_tx: send timeout/error elapsed_us=9504245
2026-03-25T16:07:59.896625Z  WARN ThreadId(24) downlink_tx: send timeout/error elapsed_us=9504245
2026-03-25T16:07:59.902703Z  INFO ThreadId(02) Task dispatched task="DataCompress" drift_us=7875
2026-03-25T16:07:59.996988Z  INFO ThreadId(02) Task dispatched task="ThermalControl" drift_us=2151
2026-03-25T16:07:59.996994Z  INFO ThreadId(20) sensor_read sensor="thermal" seq=95 value=65.17916683036148 drift_us=2197 jitter_us=511 latency_us=0 elapsed_us=9604638
2026-03-25T16:07:59.997012Z  INFO ThreadId(20) sensor_read sensor="power" seq=47 value=0.708726723238971 drift_us=2184 jitter_us=25 latency_us=0 elapsed_us=9604664
2026-03-25T16:07:59.997029Z  WARN ThreadId(02) downlink_tx: send timeout/error elapsed_us=9604663
2026-03-25T16:07:59.997034Z  WARN ThreadId(02) downlink_tx: send timeout/error elapsed_us=9604663
2026-03-25T16:08:00.096880Z  INFO ThreadId(20) sensor_read sensor="thermal" seq=96 value=74.26922949917463 drift_us=2085 jitter_us=539 latency_us=0 elapsed_us=9704526
2026-03-25T16:08:00.096873Z  INFO ThreadId(22) Task dispatched task="ThermalControl" drift_us=2036
2026-03-25T16:08:00.096925Z  WARN ThreadId(24) downlink_tx: send timeout/error elapsed_us=9704553
2026-03-25T16:08:00.197110Z  INFO ThreadId(24) Task dispatched task="ThermalControl" drift_us=2273
2026-03-25T16:08:00.197119Z  INFO ThreadId(22) sensor_read sensor="thermal" seq=97 value=24.32424054903135 drift_us=2321 jitter_us=348 latency_us=0 elapsed_us=9804762
2026-03-25T16:08:00.197137Z  INFO ThreadId(25) sensor_read sensor="power" seq=48 value=3.096134630566287 drift_us=2305 jitter_us=197 latency_us=0 elapsed_us=9804785
2026-03-25T16:08:00.197154Z  WARN ThreadId(24) downlink_tx: send timeout/error elapsed_us=9804787
2026-03-25T16:08:00.197157Z  WARN ThreadId(24) downlink_tx: send timeout/error elapsed_us=9804787
2026-03-25T16:08:00.296746Z  INFO ThreadId(24) Task dispatched task="ThermalControl" drift_us=1908
2026-03-25T16:08:00.296767Z  INFO ThreadId(25) sensor_read sensor="thermal" seq=98 value=73.60058231657034 drift_us=1971 jitter_us=586 latency_us=0 elapsed_us=9904412
2026-03-25T16:08:00.296788Z  WARN ThreadId(24) downlink_tx: send timeout/error elapsed_us=9904421
2026-03-25T16:08:00.397182Z  INFO ThreadId(22) rms_scheduler CPU usage cpu_util_pct=13.246912144779053
2026-03-25T16:08:00.397195Z  INFO ThreadId(25) sensor_read sensor="power" seq=49 value=3.1338939268892037 drift_us=2358 jitter_us=68 latency_us=0 elapsed_us=10004838
2026-03-25T16:08:00.397214Z  INFO ThreadId(22) Task dispatched task="ThermalControl" drift_us=2343
2026-03-25T16:08:00.397222Z  INFO ThreadId(25) sensor_read sensor="imu" seq=19 value=0.08684811664574851 drift_us=2402 jitter_us=237 latency_us=0 elapsed_us=10004873
2026-03-25T16:08:00.397224Z  INFO ThreadId(22) sensor_read sensor="thermal" seq=99 value=37.645999737906216 drift_us=2433 jitter_us=812 latency_us=0 elapsed_us=10004874
2026-03-25T16:08:00.397249Z  WARN ThreadId(20) downlink_tx: send timeout/error elapsed_us=10004873
2026-03-25T16:08:00.397256Z  WARN ThreadId(20) downlink_tx: send timeout/error elapsed_us=10004873
2026-03-25T16:08:00.397259Z  WARN ThreadId(20) downlink_tx: send timeout/error elapsed_us=10004873
2026-03-25T16:08:00.403288Z  INFO ThreadId(25) Task dispatched task="DataCompress" drift_us=8451
2026-03-25T16:08:00.407452Z  WARN ThreadId(25) FAULT INJECTED fault=DelayedSensor severity=2 elapsed_us=10015090
2026-03-25T16:08:00.407473Z  INFO ThreadId(25) satellite state → Fault (fault injection) fault=DelayedSensor elapsed_us=10015090
2026-03-25T16:08:00.425461Z  INFO ThreadId(25) Task dispatched task="HealthMonitor" drift_us=30623
2026-03-25T16:08:00.458180Z  INFO ThreadId(25) fault_pkt sent to GCS — awaiting ResetSensor command elapsed_us=10065814
2026-03-25T16:08:00.496865Z  INFO ThreadId(25) Task dispatched task="ThermalControl" drift_us=2028
2026-03-25T16:08:00.496902Z  INFO ThreadId(22) sensor_read sensor="thermal" seq=100 value=54.12150261250681 drift_us=2107 jitter_us=788 latency_us=0 elapsed_us=10104548
2026-03-25T16:08:00.496909Z  WARN ThreadId(02) downlink_tx: send timeout/error elapsed_us=10104533
2026-03-25T16:08:00.596911Z  INFO ThreadId(25) Task dispatched task="ThermalControl" drift_us=2073
2026-03-25T16:08:00.596919Z  INFO ThreadId(24) sensor_read sensor="thermal" seq=101 value=54.14673886108282 drift_us=2121 jitter_us=340 latency_us=1 elapsed_us=10204562
2026-03-25T16:08:00.596931Z  INFO ThreadId(22) sensor_read sensor="power" seq=50 value=3.830098108482723 drift_us=2099 jitter_us=312 latency_us=0 elapsed_us=10204579
2026-03-25T16:08:00.596966Z  WARN ThreadId(02) downlink_tx: send timeout/error elapsed_us=10204595
2026-03-25T16:08:00.596976Z  WARN ThreadId(02) downlink_tx: send timeout/error elapsed_us=10204595
2026-03-25T16:08:00.659510Z ERROR ThreadId(02) RECOVERY EXCEEDED 200ms — MISSION ABORT recovery_ms=201 elapsed_us=10267148 limit_ms=200
2026-03-25T16:08:00.696981Z  INFO ThreadId(02) Task dispatched task="ThermalControl" drift_us=2143
2026-03-25T16:08:00.697004Z  INFO ThreadId(20) sensor_read sensor="thermal" seq=102 value=69.10512524129925 drift_us=2209 jitter_us=74 latency_us=0 elapsed_us=10304650
2026-03-25T16:08:00.697021Z  WARN ThreadId(22) Satellite in MISSION ABORT - halting non-fault telemetry
2026-03-25T16:08:00.796610Z  INFO ThreadId(22) Task dispatched task="ThermalControl" drift_us=1770
2026-03-25T16:08:00.796652Z  INFO ThreadId(24) sensor_read sensor="power" seq=51 value=4.659838362777602 drift_us=1818 jitter_us=22 latency_us=0 elapsed_us=10404298
2026-03-25T16:08:00.796651Z  INFO ThreadId(02) sensor_read sensor="thermal" seq=103 value=76.8628223340416 drift_us=1835 jitter_us=462 latency_us=0 elapsed_us=10404276
2026-03-25T16:08:00.896227Z  INFO ThreadId(22) Task dispatched task="ThermalControl" drift_us=1388
2026-03-25T16:08:00.896312Z ERROR ThreadId(20) JITTER LIMIT VIOLATED (>1ms) sensor="imu" jitter_us=1559
2026-03-25T16:08:00.896319Z  INFO ThreadId(20) sensor_read sensor="imu" seq=20 value=0.01851086137430813 drift_us=1487 jitter_us=1559 latency_us=1 elapsed_us=10503958
2026-03-25T16:08:00.896300Z  INFO ThreadId(24) sensor_read sensor="thermal" seq=104 value=28.547490643239076 drift_us=1490 jitter_us=29 latency_us=0 elapsed_us=10503931
2026-03-25T16:08:00.902829Z  INFO ThreadId(20) Task dispatched task="DataCompress" drift_us=8001
2026-03-25T16:08:00.996712Z  INFO ThreadId(02) Task dispatched task="ThermalControl" drift_us=1866
2026-03-25T16:08:00.996761Z  INFO ThreadId(20) sensor_read sensor="thermal" seq=105 value=55.785606646325554 drift_us=1942 jitter_us=797 latency_us=0 elapsed_us=10604383
2026-03-25T16:08:00.996790Z  INFO ThreadId(24) sensor_read sensor="power" seq=52 value=2.937430368580407 drift_us=1951 jitter_us=414 latency_us=0 elapsed_us=10604431
2026-03-25T16:08:01.096868Z  INFO ThreadId(02) Task dispatched task="ThermalControl" drift_us=2023
2026-03-25T16:08:01.096929Z  INFO ThreadId(22) sensor_read sensor="thermal" seq=106 value=24.223445485954493 drift_us=2132 jitter_us=262 latency_us=0 elapsed_us=10704573
2026-03-25T16:08:01.196938Z  INFO ThreadId(02) Task dispatched task="ThermalControl" drift_us=2089
2026-03-25T16:08:01.196970Z  INFO ThreadId(22) sensor_read sensor="thermal" seq=107 value=60.860858983322046 drift_us=2155 jitter_us=167 latency_us=0 elapsed_us=10804596
2026-03-25T16:08:01.197001Z  INFO ThreadId(02) sensor_read sensor="power" seq=53 value=1.8537879319140784 drift_us=2170 jitter_us=86 latency_us=0 elapsed_us=10804650
2026-03-25T16:08:01.295629Z  INFO ThreadId(24) Task dispatched task="ThermalControl" drift_us=792
2026-03-25T16:08:01.295705Z  WARN ThreadId(02) JITTER EXCEEDED 1ms limit sensor="thermal" jitter_us=1283 consecutive_miss=1 limit_us=1000 elapsed_us=10903336
2026-03-25T16:08:01.295738Z  INFO ThreadId(02) sensor_read sensor="thermal" seq=108 value=22.045711801239133 drift_us=895 jitter_us=1283 latency_us=0 elapsed_us=10903336
2026-03-25T16:08:01.396751Z  INFO ThreadId(02) Task dispatched task="ThermalControl" drift_us=1907
2026-03-25T16:08:01.396790Z  WARN ThreadId(02) JITTER EXCEEDED 1ms limit sensor="thermal" jitter_us=2354 consecutive_miss=2 limit_us=1000 elapsed_us=11004430
2026-03-25T16:08:01.396799Z  INFO ThreadId(02) sensor_read sensor="thermal" seq=109 value=72.67825015212291 drift_us=1989 jitter_us=2354 latency_us=0 elapsed_us=11004430
2026-03-25T16:08:01.396820Z ERROR ThreadId(02) JITTER LIMIT VIOLATED (>1ms) sensor="imu" jitter_us=1427
2026-03-25T16:08:01.396821Z  INFO ThreadId(02) sensor_read sensor="imu" seq=21 value=-0.012947989114709152 drift_us=1999 jitter_us=1427 latency_us=0 elapsed_us=11004470
2026-03-25T16:08:01.396819Z  INFO ThreadId(24) sensor_read sensor="power" seq=54 value=2.391022966936131 drift_us=1963 jitter_us=426 latency_us=0 elapsed_us=11004443
2026-03-25T16:08:01.403734Z  INFO ThreadId(02) Task dispatched task="DataCompress" drift_us=8903
2026-03-25T16:08:01.426114Z  INFO ThreadId(02) Task dispatched task="HealthMonitor" drift_us=31271
2026-03-25T16:08:01.496941Z  INFO ThreadId(02) Task dispatched task="ThermalControl" drift_us=2098
2026-03-25T16:08:01.497011Z  INFO ThreadId(20) sensor_read sensor="thermal" seq=110 value=53.53754601605178 drift_us=2202 jitter_us=881 latency_us=0 elapsed_us=11104643
2026-03-25T16:08:01.596973Z  INFO ThreadId(22) Task dispatched task="ThermalControl" drift_us=2126
2026-03-25T16:08:01.597046Z  INFO ThreadId(20) sensor_read sensor="thermal" seq=111 value=79.09775738659991 drift_us=2235 jitter_us=180 latency_us=1 elapsed_us=11204676
2026-03-25T16:08:01.597128Z  INFO ThreadId(02) sensor_read sensor="power" seq=55 value=0.785047313915634 drift_us=2278 jitter_us=522 latency_us=0 elapsed_us=11204758
2026-03-25T16:08:01.660572Z  INFO ThreadId(02) Circuit is OPEN (MissionAbort) - stopping fault injector
2026-03-25T16:08:01.660593Z  INFO ThreadId(02) fault_injector final stats total_faults=1 total_recoveries=0 max_recovery_ms=201
2026-03-25T16:08:01.696608Z  INFO ThreadId(02) Task dispatched task="ThermalControl" drift_us=1771
2026-03-25T16:08:01.696639Z  INFO ThreadId(02) sensor_read sensor="thermal" seq=112 value=68.66139637091746 drift_us=1848 jitter_us=420 latency_us=0 elapsed_us=11304289
2026-03-25T16:08:01.796862Z  INFO ThreadId(24) Task dispatched task="ThermalControl" drift_us=2016
2026-03-25T16:08:01.796885Z  INFO ThreadId(02) sensor_read sensor="thermal" seq=113 value=51.02772261760556 drift_us=2080 jitter_us=619 latency_us=0 elapsed_us=11404521
2026-03-25T16:08:01.796913Z  INFO ThreadId(02) sensor_read sensor="power" seq=56 value=4.083892893245351 drift_us=2084 jitter_us=509 latency_us=0 elapsed_us=11404564
2026-03-25T16:08:01.896715Z  INFO ThreadId(22) Task dispatched task="ThermalControl" drift_us=1874
2026-03-25T16:08:01.896719Z  INFO ThreadId(02) sensor_read sensor="thermal" seq=114 value=23.70436943100358 drift_us=1922 jitter_us=390 latency_us=0 elapsed_us=11504363
2026-03-25T16:08:01.896743Z  INFO ThreadId(02) sensor_read sensor="imu" seq=22 value=-0.06132946518678235 drift_us=1923 jitter_us=588 latency_us=0 elapsed_us=11504394
2026-03-25T16:08:01.903021Z  INFO ThreadId(22) Task dispatched task="DataCompress" drift_us=8194
2026-03-25T16:08:01.996143Z  INFO ThreadId(24) Task dispatched task="ThermalControl" drift_us=1306
2026-03-25T16:08:01.996151Z  INFO ThreadId(22) sensor_read sensor="thermal" seq=115 value=26.8022235282779 drift_us=1353 jitter_us=411 latency_us=0 elapsed_us=11603794
2026-03-25T16:08:01.996161Z  INFO ThreadId(02) sensor_read sensor="power" seq=57 value=0.6082962004807618 drift_us=1327 jitter_us=563 latency_us=0 elapsed_us=11603807
2026-03-25T16:08:02.096798Z  WARN ThreadId(22) JITTER EXCEEDED 1ms limit sensor="thermal" jitter_us=1220 consecutive_miss=1 limit_us=1000 elapsed_us=11704445
2026-03-25T16:08:02.096795Z  INFO ThreadId(25) Task dispatched task="ThermalControl" drift_us=1954
2026-03-25T16:08:02.096814Z  INFO ThreadId(22) sensor_read sensor="thermal" seq=116 value=71.91394057139453 drift_us=2004 jitter_us=1220 latency_us=1 elapsed_us=11704445
2026-03-25T16:08:02.196647Z  INFO ThreadId(20) Task dispatched task="ThermalControl" drift_us=1809
2026-03-25T16:08:02.196654Z  INFO ThreadId(02) sensor_read sensor="thermal" seq=117 value=52.14157306876812 drift_us=1856 jitter_us=799 latency_us=1 elapsed_us=11804297
2026-03-25T16:08:02.196666Z ERROR ThreadId(22) JITTER LIMIT VIOLATED (>1ms) sensor="power" jitter_us=1262
2026-03-25T16:08:02.196671Z  INFO ThreadId(22) sensor_read sensor="power" seq=58 value=0.8464164554875687 drift_us=1832 jitter_us=1262 latency_us=0 elapsed_us=11804312
2026-03-25T16:08:02.296942Z  INFO ThreadId(24) Task dispatched task="ThermalControl" drift_us=2106
2026-03-25T16:08:02.296970Z  INFO ThreadId(20) sensor_read sensor="thermal" seq=118 value=37.498483891293894 drift_us=2176 jitter_us=468 latency_us=0 elapsed_us=11904617
2026-03-25T16:08:02.396868Z  INFO ThreadId(20) Task dispatched task="ThermalControl" drift_us=2030
2026-03-25T16:08:02.396875Z  INFO ThreadId(24) sensor_read sensor="power" seq=59 value=2.441857325427988 drift_us=2038 jitter_us=299 latency_us=0 elapsed_us=12004518
2026-03-25T16:08:02.396893Z  INFO ThreadId(24) sensor_read sensor="imu" seq=23 value=0.022223091675894938 drift_us=2073 jitter_us=226 latency_us=0 elapsed_us=12004544
2026-03-25T16:08:02.396896Z  INFO ThreadId(20) sensor_read sensor="thermal" seq=119 value=73.12175961054709 drift_us=2106 jitter_us=390 latency_us=0 elapsed_us=12004547
2026-03-25T16:08:02.402965Z  INFO ThreadId(24) Task dispatched task="DataCompress" drift_us=8138
2026-03-25T16:08:02.424722Z  INFO ThreadId(24) Task dispatched task="HealthMonitor" drift_us=29882
2026-03-25T16:08:02.496511Z  INFO ThreadId(24) Task dispatched task="ThermalControl" drift_us=1675
2026-03-25T16:08:02.496536Z  INFO ThreadId(24) sensor_read sensor="thermal" seq=120 value=61.17045747163384 drift_us=1745 jitter_us=291 latency_us=0 elapsed_us=12104186
2026-03-25T16:08:02.596589Z  INFO ThreadId(24) Task dispatched task="ThermalControl" drift_us=1751
2026-03-25T16:08:02.596593Z  INFO ThreadId(25) sensor_read sensor="thermal" seq=121 value=35.93390941280781 drift_us=1795 jitter_us=411 latency_us=0 elapsed_us=12204236
2026-03-25T16:08:02.596613Z  INFO ThreadId(24) sensor_read sensor="power" seq=60 value=3.609940524098187 drift_us=1784 jitter_us=460 latency_us=0 elapsed_us=12204264
2026-03-25T16:08:02.696642Z  INFO ThreadId(22) Task dispatched task="ThermalControl" drift_us=1803
2026-03-25T16:08:02.696665Z  INFO ThreadId(20) sensor_read sensor="thermal" seq=122 value=37.02633867113836 drift_us=1870 jitter_us=25 latency_us=1 elapsed_us=12304311
2026-03-25T16:08:02.796686Z  INFO ThreadId(20) Task dispatched task="ThermalControl" drift_us=1848
2026-03-25T16:08:02.796716Z  INFO ThreadId(20) sensor_read sensor="power" seq=61 value=0.792761775179282 drift_us=1885 jitter_us=355 latency_us=0 elapsed_us=12404365
2026-03-25T16:08:02.796763Z  INFO ThreadId(22) sensor_read sensor="thermal" seq=123 value=59.51213535179272 drift_us=1968 jitter_us=23 latency_us=1 elapsed_us=12404409
2026-03-25T16:08:02.896816Z  INFO ThreadId(22) Task dispatched task="ThermalControl" drift_us=1979
2026-03-25T16:08:02.896823Z  INFO ThreadId(20) sensor_read sensor="thermal" seq=124 value=28.77556767070419 drift_us=2026 jitter_us=40 latency_us=0 elapsed_us=12504467
2026-03-25T16:08:02.896837Z  INFO ThreadId(24) sensor_read sensor="imu" seq=24 value=0.045185175444808046 drift_us=2014 jitter_us=209 latency_us=0 elapsed_us=12504485
2026-03-25T16:08:02.903681Z  INFO ThreadId(20) Task dispatched task="DataCompress" drift_us=8840
2026-03-25T16:08:02.996548Z  INFO ThreadId(25) Task dispatched task="ThermalControl" drift_us=1710
2026-03-25T16:08:02.996554Z  INFO ThreadId(20) sensor_read sensor="thermal" seq=125 value=27.830285277375086 drift_us=1758 jitter_us=326 latency_us=0 elapsed_us=12604199
2026-03-25T16:08:02.996568Z  INFO ThreadId(22) sensor_read sensor="power" seq=62 value=1.4917865112448818 drift_us=1733 jitter_us=253 latency_us=1 elapsed_us=12604213
2026-03-25T16:08:03.096373Z  INFO ThreadId(24) Task dispatched task="ThermalControl" drift_us=1526
2026-03-25T16:08:03.096462Z  INFO ThreadId(22) sensor_read sensor="thermal" seq=126 value=35.81244975291082 drift_us=1651 jitter_us=161 latency_us=0 elapsed_us=12704092
2026-03-25T16:08:03.196141Z  INFO ThreadId(22) Task dispatched task="ThermalControl" drift_us=1297
2026-03-25T16:08:03.196172Z  INFO ThreadId(24) sensor_read sensor="thermal" seq=127 value=21.65082146826127 drift_us=1367 jitter_us=177 latency_us=0 elapsed_us=12803808
2026-03-25T16:08:03.196201Z  INFO ThreadId(24) sensor_read sensor="power" seq=63 value=4.696176599082319 drift_us=1372 jitter_us=209 latency_us=0 elapsed_us=12803852
2026-03-25T16:08:03.295889Z  INFO ThreadId(25) Task dispatched task="ThermalControl" drift_us=1042
2026-03-25T16:08:03.295944Z  INFO ThreadId(20) sensor_read sensor="thermal" seq=128 value=44.77910711670898 drift_us=1139 jitter_us=56 latency_us=1 elapsed_us=12903580
2026-03-25T16:08:03.396743Z  INFO ThreadId(25) sensor_read sensor="power" seq=64 value=4.944826792549542 drift_us=1909 jitter_us=898 latency_us=0 elapsed_us=13004389
2026-03-25T16:08:03.396738Z  INFO ThreadId(20) Task dispatched task="ThermalControl" drift_us=1897
2026-03-25T16:08:03.396801Z  INFO ThreadId(25) sensor_read sensor="imu" seq=25 value=-0.01370477547764351 drift_us=1981 jitter_us=26 latency_us=0 elapsed_us=13004452
2026-03-25T16:08:03.396869Z  WARN ThreadId(02) JITTER EXCEEDED 1ms limit sensor="thermal" jitter_us=1120 consecutive_miss=1 limit_us=1000 elapsed_us=13004472
2026-03-25T16:08:03.396907Z  INFO ThreadId(02) sensor_read sensor="thermal" seq=129 value=46.53517367860233 drift_us=2031 jitter_us=1120 latency_us=1 elapsed_us=13004472
2026-03-25T16:08:03.402801Z  INFO ThreadId(22) Task dispatched task="DataCompress" drift_us=7966
2026-03-25T16:08:03.424293Z  INFO ThreadId(22) Task dispatched task="HealthMonitor" drift_us=29455
2026-03-25T16:08:03.496885Z  INFO ThreadId(22) Task dispatched task="ThermalControl" drift_us=2048
2026-03-25T16:08:03.496944Z  INFO ThreadId(23) sensor_read sensor="thermal" seq=130 value=22.130428911562152 drift_us=2131 jitter_us=792 latency_us=0 elapsed_us=13104572
2026-03-25T16:08:03.596885Z  INFO ThreadId(22) Task dispatched task="ThermalControl" drift_us=2047
2026-03-25T16:08:03.596912Z  INFO ThreadId(22) sensor_read sensor="power" seq=65 value=3.7463506322552207 drift_us=2081 jitter_us=365 latency_us=0 elapsed_us=13204561
2026-03-25T16:08:03.596935Z  INFO ThreadId(22) sensor_read sensor="thermal" seq=131 value=68.99493966043167 drift_us=2145 jitter_us=86 latency_us=0 elapsed_us=13204586
2026-03-25T16:08:03.696636Z  INFO ThreadId(22) Task dispatched task="ThermalControl" drift_us=1798
2026-03-25T16:08:03.696666Z  WARN ThreadId(22) degraded mode enter/active buffer_fill_pct=0.796875 elapsed_us=13304314
2026-03-25T16:08:03.696672Z  INFO ThreadId(22) sensor_read sensor="thermal" seq=132 value=35.019650250989045 drift_us=1872 jitter_us=287 latency_us=0 elapsed_us=13304313
2026-03-25T16:08:03.796677Z  INFO ThreadId(25) Task dispatched task="ThermalControl" drift_us=1833
2026-03-25T16:08:03.796699Z  WARN ThreadId(22) degraded mode enter/active buffer_fill_pct=0.8125 elapsed_us=13404338
2026-03-25T16:08:03.796715Z  INFO ThreadId(22) sensor_read sensor="thermal" seq=133 value=74.5444139042146 drift_us=1895 jitter_us=296 latency_us=0 elapsed_us=13404336
2026-03-25T16:08:03.796729Z  INFO ThreadId(22) sensor_read sensor="power" seq=66 value=4.807658884441916 drift_us=1900 jitter_us=353 latency_us=1 elapsed_us=13404380
2026-03-25T16:08:03.895893Z  INFO ThreadId(23) Task dispatched task="ThermalControl" drift_us=1055
2026-03-25T16:08:03.895903Z  WARN ThreadId(22) degraded mode enter/active buffer_fill_pct=0.84375 elapsed_us=13503547
2026-03-25T16:08:03.895912Z  INFO ThreadId(22) sensor_read sensor="thermal" seq=134 value=21.83763746937164 drift_us=1105 jitter_us=813 latency_us=0 elapsed_us=13503546
2026-03-25T16:08:03.895920Z  INFO ThreadId(22) sensor_read sensor="imu" seq=26 value=-0.06541109633627601 drift_us=1088 jitter_us=860 latency_us=1 elapsed_us=13503559
2026-03-25T16:08:03.902910Z  INFO ThreadId(02) Task dispatched task="DataCompress" drift_us=8080
2026-03-25T16:08:03.996562Z  WARN ThreadId(22) JITTER EXCEEDED 1ms limit sensor="thermal" jitter_us=1451 consecutive_miss=1 limit_us=1000 elapsed_us=13604207
2026-03-25T16:08:03.996555Z  INFO ThreadId(02) Task dispatched task="ThermalControl" drift_us=1718
2026-03-25T16:08:03.996582Z  WARN ThreadId(22) degraded mode enter/active buffer_fill_pct=0.875 elapsed_us=13604231
2026-03-25T16:08:03.996586Z  INFO ThreadId(22) sensor_read sensor="thermal" seq=135 value=36.35567068273827 drift_us=1766 jitter_us=1451 latency_us=0 elapsed_us=13604207
2026-03-25T16:08:03.996602Z  INFO ThreadId(25) sensor_read sensor="power" seq=67 value=3.529258340065834 drift_us=1764 jitter_us=45 latency_us=0 elapsed_us=13604244
2026-03-25T16:08:04.095989Z  INFO ThreadId(25) Task dispatched task="ThermalControl" drift_us=1152
2026-03-25T16:08:04.096009Z  WARN ThreadId(23) JITTER EXCEEDED 1ms limit sensor="thermal" jitter_us=1211 consecutive_miss=2 limit_us=1000 elapsed_us=13703657
2026-03-25T16:08:04.096017Z  WARN ThreadId(23) degraded mode enter/active buffer_fill_pct=0.90625 elapsed_us=13703668
2026-03-25T16:08:04.096023Z  INFO ThreadId(23) sensor_read sensor="thermal" seq=136 value=70.99803891228034 drift_us=1216 jitter_us=1211 latency_us=0 elapsed_us=13703657
2026-03-25T16:08:04.196742Z  INFO ThreadId(23) Task dispatched task="ThermalControl" drift_us=1905
2026-03-25T16:08:04.196750Z  WARN ThreadId(25) JITTER EXCEEDED 1ms limit sensor="thermal" jitter_us=1285 consecutive_miss=3 limit_us=1000 elapsed_us=13804392
2026-03-25T16:08:04.196772Z  WARN ThreadId(25) degraded mode enter/active buffer_fill_pct=0.921875 elapsed_us=13804420
2026-03-25T16:08:04.196782Z  INFO ThreadId(25) sensor_read sensor="thermal" seq=137 value=71.67034727472155 drift_us=1951 jitter_us=1285 latency_us=1 elapsed_us=13804392
2026-03-25T16:08:04.196804Z  INFO ThreadId(02) sensor_read sensor="power" seq=68 value=3.8181692672499747 drift_us=1954 jitter_us=326 latency_us=0 elapsed_us=13804434
2026-03-25T16:08:04.296710Z  INFO ThreadId(22) Task dispatched task="ThermalControl" drift_us=1872
2026-03-25T16:08:04.296739Z  WARN ThreadId(02) degraded mode enter/active buffer_fill_pct=0.953125 elapsed_us=13904387
2026-03-25T16:08:04.296752Z  INFO ThreadId(02) sensor_read sensor="thermal" seq=138 value=70.26219787925262 drift_us=1945 jitter_us=741 latency_us=0 elapsed_us=13904386
2026-03-25T16:08:04.397044Z  INFO ThreadId(02) Task dispatched task="ThermalControl" drift_us=2206
2026-03-25T16:08:04.397049Z  INFO ThreadId(25) sensor_read sensor="power" seq=69 value=2.5713938434663284 drift_us=2213 jitter_us=69 latency_us=0 elapsed_us=14004693
2026-03-25T16:08:04.397068Z  WARN ThreadId(02) degraded mode enter/active buffer_fill_pct=0.984375 elapsed_us=14004718
2026-03-25T16:08:04.397072Z  INFO ThreadId(02) sensor_read sensor="thermal" seq=139 value=43.426710088102325 drift_us=2277 jitter_us=338 latency_us=0 elapsed_us=14004718
2026-03-25T16:08:04.397080Z ERROR ThreadId(25) JITTER LIMIT VIOLATED (>1ms) sensor="imu" jitter_us=2056
2026-03-25T16:08:04.397082Z  INFO ThreadId(25) sensor_read sensor="imu" seq=27 value=-0.02890442152656232 drift_us=2251 jitter_us=2056 latency_us=0 elapsed_us=14004722
2026-03-25T16:08:04.403668Z  INFO ThreadId(25) Task dispatched task="DataCompress" drift_us=8839
2026-03-25T16:08:04.425961Z  INFO ThreadId(25) Task dispatched task="HealthMonitor" drift_us=31123
2026-03-25T16:08:04.496699Z  INFO ThreadId(23) Task dispatched task="ThermalControl" drift_us=1862
2026-03-25T16:08:04.496706Z  WARN ThreadId(25) Buffer full: dropped packet dropped_sensor=Thermal dropped_seq=140 buffer_fill_pct=1.0 elapsed_us=14104351
2026-03-25T16:08:04.496716Z  WARN ThreadId(25) degraded mode enter/active buffer_fill_pct=1.0 elapsed_us=14104351
2026-03-25T16:08:04.496719Z  INFO ThreadId(25) sensor_read sensor="thermal" seq=140 value=58.28834407458374 drift_us=1909 jitter_us=700 latency_us=0 elapsed_us=14104350
2026-03-25T16:08:04.596905Z  WARN ThreadId(22) Buffer full: dropped packet dropped_sensor=Thermal dropped_seq=141 buffer_fill_pct=1.0 elapsed_us=14204549
2026-03-25T16:08:04.596899Z  INFO ThreadId(25) Task dispatched task="ThermalControl" drift_us=2061
2026-03-25T16:08:04.596924Z  WARN ThreadId(22) degraded mode enter/active buffer_fill_pct=1.0 elapsed_us=14204549
2026-03-25T16:08:04.596926Z  INFO ThreadId(22) sensor_read sensor="thermal" seq=141 value=60.27347803323897 drift_us=2107 jitter_us=566 latency_us=0 elapsed_us=14204548
2026-03-25T16:08:04.596933Z  INFO ThreadId(22) sensor_read sensor="power" seq=70 value=4.161514612579021 drift_us=2082 jitter_us=390 latency_us=0 elapsed_us=14204562
2026-03-25T16:08:04.696957Z  INFO ThreadId(20) Task dispatched task="ThermalControl" drift_us=2119
2026-03-25T16:08:04.696987Z  WARN ThreadId(20) Buffer full: dropped packet dropped_sensor=Thermal dropped_seq=142 buffer_fill_pct=1.0 elapsed_us=14304635
2026-03-25T16:08:04.696996Z  WARN ThreadId(20) degraded mode enter/active buffer_fill_pct=1.0 elapsed_us=14304635
2026-03-25T16:08:04.697000Z  INFO ThreadId(20) sensor_read sensor="thermal" seq=142 value=55.7060953708621 drift_us=2192 jitter_us=113 latency_us=0 elapsed_us=14304633
2026-03-25T16:08:04.796998Z  INFO ThreadId(22) Task dispatched task="ThermalControl" drift_us=2160
2026-03-25T16:08:04.797002Z  WARN ThreadId(20) Buffer full: dropped packet dropped_sensor=Thermal dropped_seq=143 buffer_fill_pct=1.0 elapsed_us=14404646
2026-03-25T16:08:04.797016Z  WARN ThreadId(20) degraded mode enter/active buffer_fill_pct=1.0 elapsed_us=14404646
2026-03-25T16:08:04.797019Z  INFO ThreadId(20) sensor_read sensor="thermal" seq=143 value=63.28863029116754 drift_us=2204 jitter_us=73 latency_us=0 elapsed_us=14404645
2026-03-25T16:08:04.797066Z  INFO ThreadId(25) sensor_read sensor="power" seq=71 value=3.6254593704090126 drift_us=2209 jitter_us=258 latency_us=0 elapsed_us=14404689
2026-03-25T16:08:04.896586Z  INFO ThreadId(20) Task dispatched task="ThermalControl" drift_us=1748
2026-03-25T16:08:04.896594Z  WARN ThreadId(25) Buffer full: dropped packet dropped_sensor=Thermal dropped_seq=144 buffer_fill_pct=1.0 elapsed_us=14504239
2026-03-25T16:08:04.896604Z  WARN ThreadId(25) degraded mode enter/active buffer_fill_pct=1.0 elapsed_us=14504239
2026-03-25T16:08:04.896607Z  INFO ThreadId(25) sensor_read sensor="thermal" seq=144 value=64.5112747322118 drift_us=1796 jitter_us=420 latency_us=1 elapsed_us=14504237
2026-03-25T16:08:04.896623Z ERROR ThreadId(22) JITTER LIMIT VIOLATED (>1ms) sensor="imu" jitter_us=1615
2026-03-25T16:08:04.896629Z  INFO ThreadId(22) sensor_read sensor="imu" seq=28 value=-0.025750242850580432 drift_us=1799 jitter_us=1615 latency_us=0 elapsed_us=14504270
2026-03-25T16:08:04.902723Z  INFO ThreadId(25) Task dispatched task="DataCompress" drift_us=7890
2026-03-25T16:08:04.996959Z  INFO ThreadId(02) Task dispatched task="ThermalControl" drift_us=2121
2026-03-25T16:08:04.996969Z  WARN ThreadId(25) Buffer full: dropped packet dropped_sensor=Thermal dropped_seq=145 buffer_fill_pct=1.0 elapsed_us=14604613
2026-03-25T16:08:04.996981Z  WARN ThreadId(25) degraded mode enter/active buffer_fill_pct=1.0 elapsed_us=14604613
2026-03-25T16:08:04.996984Z  INFO ThreadId(25) sensor_read sensor="thermal" seq=145 value=34.32663440132264 drift_us=2171 jitter_us=783 latency_us=0 elapsed_us=14604612
2026-03-25T16:08:04.996991Z  INFO ThreadId(25) sensor_read sensor="power" seq=72 value=4.013774654885702 drift_us=2149 jitter_us=187 latency_us=0 elapsed_us=14604629
2026-03-25T16:08:05.095873Z  INFO ThreadId(20) Task dispatched task="ThermalControl" drift_us=1031
2026-03-25T16:08:05.095925Z  WARN ThreadId(20) JITTER EXCEEDED 1ms limit sensor="thermal" jitter_us=1413 consecutive_miss=1 limit_us=1000 elapsed_us=14703574
2026-03-25T16:08:05.095933Z  WARN ThreadId(20) Buffer full: dropped packet dropped_sensor=Thermal dropped_seq=146 buffer_fill_pct=1.0 elapsed_us=14703584
2026-03-25T16:08:05.095940Z  WARN ThreadId(20) degraded mode enter/active buffer_fill_pct=1.0 elapsed_us=14703584
2026-03-25T16:08:05.095942Z  INFO ThreadId(20) sensor_read sensor="thermal" seq=146 value=74.63928994041237 drift_us=1133 jitter_us=1413 latency_us=1 elapsed_us=14703574
2026-03-25T16:08:05.197101Z  WARN ThreadId(20) JITTER EXCEEDED 1ms limit sensor="thermal" jitter_us=2210 consecutive_miss=2 limit_us=1000 elapsed_us=14804746
2026-03-25T16:08:05.197096Z  INFO ThreadId(02) Task dispatched task="ThermalControl" drift_us=2257
2026-03-25T16:08:05.197119Z  WARN ThreadId(20) Buffer full: dropped packet dropped_sensor=Thermal dropped_seq=147 buffer_fill_pct=1.0 elapsed_us=14804769
2026-03-25T16:08:05.197118Z  INFO ThreadId(25) sensor_read sensor="power" seq=73 value=4.0990364839767714 drift_us=2281 jitter_us=192 latency_us=1 elapsed_us=14804761
2026-03-25T16:08:05.197127Z  WARN ThreadId(20) degraded mode enter/active buffer_fill_pct=1.0 elapsed_us=14804769
2026-03-25T16:08:05.197128Z  INFO ThreadId(20) sensor_read sensor="thermal" seq=147 value=55.56785259680129 drift_us=2305 jitter_us=2210 latency_us=0 elapsed_us=14804746
2026-03-25T16:08:05.296888Z  INFO ThreadId(23) Task dispatched task="ThermalControl" drift_us=2049
2026-03-25T16:08:05.296892Z  WARN ThreadId(02) JITTER EXCEEDED 1ms limit sensor="thermal" jitter_us=1378 consecutive_miss=3 limit_us=1000 elapsed_us=14904540
2026-03-25T16:08:05.296910Z  WARN ThreadId(02) Buffer full: dropped packet dropped_sensor=Thermal dropped_seq=148 buffer_fill_pct=1.0 elapsed_us=14904560
2026-03-25T16:08:05.296916Z  WARN ThreadId(02) degraded mode enter/active buffer_fill_pct=1.0 elapsed_us=14904560
2026-03-25T16:08:05.296918Z  INFO ThreadId(02) sensor_read sensor="thermal" seq=148 value=40.005944696454236 drift_us=2099 jitter_us=1378 latency_us=0 elapsed_us=14904540
2026-03-25T16:08:05.397190Z  INFO ThreadId(22) Task dispatched task="ThermalControl" drift_us=2351
2026-03-25T16:08:05.397198Z  INFO ThreadId(20) sensor_read sensor="power" seq=74 value=1.7575474033173022 drift_us=2362 jitter_us=51 latency_us=0 elapsed_us=15004842
2026-03-25T16:08:05.397214Z  WARN ThreadId(22) Buffer full: dropped packet dropped_sensor=Thermal dropped_seq=149 buffer_fill_pct=1.0 elapsed_us=15004865
2026-03-25T16:08:05.397218Z  WARN ThreadId(22) degraded mode enter/active buffer_fill_pct=1.0 elapsed_us=15004865
2026-03-25T16:08:05.397220Z  INFO ThreadId(22) sensor_read sensor="thermal" seq=149 value=40.07043363246743 drift_us=2424 jitter_us=531 latency_us=0 elapsed_us=15004865
2026-03-25T16:08:05.397227Z ERROR ThreadId(22) JITTER LIMIT VIOLATED (>1ms) sensor="imu" jitter_us=1056
2026-03-25T16:08:05.397228Z  INFO ThreadId(22) sensor_read sensor="imu" seq=29 value=0.037911875291188835 drift_us=2403 jitter_us=1056 latency_us=0 elapsed_us=15004874
2026-03-25T16:08:05.403744Z  INFO ThreadId(20) Task dispatched task="DataCompress" drift_us=8914
2026-03-25T16:08:05.425675Z  INFO ThreadId(20) Task dispatched task="HealthMonitor" drift_us=30828
2026-03-25T16:08:05.496614Z  INFO ThreadId(20) Task dispatched task="ThermalControl" drift_us=1777
2026-03-25T16:08:05.496653Z  WARN ThreadId(20) Buffer full: dropped packet dropped_sensor=Thermal dropped_seq=150 buffer_fill_pct=1.0 elapsed_us=15104304
2026-03-25T16:08:05.496659Z  WARN ThreadId(20) degraded mode enter/active buffer_fill_pct=1.0 elapsed_us=15104304
2026-03-25T16:08:05.496661Z  INFO ThreadId(20) sensor_read sensor="thermal" seq=150 value=48.74921729913648 drift_us=1862 jitter_us=887 latency_us=0 elapsed_us=15104303
2026-03-25T16:08:05.596654Z  INFO ThreadId(20) Task dispatched task="ThermalControl" drift_us=1813
2026-03-25T16:08:05.596689Z  WARN ThreadId(22) Buffer full: dropped packet dropped_sensor=Thermal dropped_seq=151 buffer_fill_pct=1.0 elapsed_us=15204330
2026-03-25T16:08:05.596714Z  WARN ThreadId(22) degraded mode enter/active buffer_fill_pct=1.0 elapsed_us=15204330
2026-03-25T16:08:05.596722Z  INFO ThreadId(22) sensor_read sensor="thermal" seq=151 value=54.75237840789025 drift_us=1887 jitter_us=587 latency_us=0 elapsed_us=15204328
2026-03-25T16:08:05.596764Z  INFO ThreadId(22) sensor_read sensor="power" seq=75 value=4.949333096010679 drift_us=1861 jitter_us=582 latency_us=0 elapsed_us=15204341
2026-03-25T16:08:05.696272Z  INFO ThreadId(20) Task dispatched task="ThermalControl" drift_us=1429
2026-03-25T16:08:05.696321Z  WARN ThreadId(20) Buffer full: dropped packet dropped_sensor=Thermal dropped_seq=152 buffer_fill_pct=1.0 elapsed_us=15303971
2026-03-25T16:08:05.696329Z  WARN ThreadId(20) degraded mode enter/active buffer_fill_pct=1.0 elapsed_us=15303971
2026-03-25T16:08:05.696332Z  INFO ThreadId(20) sensor_read sensor="thermal" seq=152 value=31.371728993610336 drift_us=1528 jitter_us=384 latency_us=0 elapsed_us=15303969
2026-03-25T16:08:05.746036Z  WARN ThreadId(20) Satellite in MISSION ABORT - halting non-fault telemetry
2026-03-25T16:08:05.796736Z  INFO ThreadId(23) Task dispatched task="ThermalControl" drift_us=1874
2026-03-25T16:08:05.796781Z  WARN ThreadId(22) Buffer full: dropped packet dropped_sensor=Thermal dropped_seq=153 buffer_fill_pct=1.0 elapsed_us=15404415
2026-03-25T16:08:05.796807Z  WARN ThreadId(22) degraded mode enter/active buffer_fill_pct=1.0 elapsed_us=15404415
2026-03-25T16:08:05.796820Z  INFO ThreadId(22) sensor_read sensor="thermal" seq=153 value=24.044793948205175 drift_us=1972 jitter_us=803 latency_us=0 elapsed_us=15404413
2026-03-25T16:08:05.796843Z  INFO ThreadId(22) sensor_read sensor="power" seq=76 value=4.3717343704111356 drift_us=1981 jitter_us=621 latency_us=0 elapsed_us=15404461
2026-03-25T16:08:05.896923Z  INFO ThreadId(20) Task dispatched task="ThermalControl" drift_us=2086
2026-03-25T16:08:05.896933Z  WARN ThreadId(22) Buffer full: dropped packet dropped_sensor=Thermal dropped_seq=154 buffer_fill_pct=1.0 elapsed_us=15504576
2026-03-25T16:08:05.896945Z  WARN ThreadId(22) degraded mode enter/active buffer_fill_pct=1.0 elapsed_us=15504576
2026-03-25T16:08:05.896948Z  INFO ThreadId(22) sensor_read sensor="thermal" seq=154 value=33.91264792249542 drift_us=2134 jitter_us=282 latency_us=0 elapsed_us=15504575
2026-03-25T16:08:05.896956Z  INFO ThreadId(22) sensor_read sensor="imu" seq=30 value=-0.019765829458502623 drift_us=2136 jitter_us=871 latency_us=0 elapsed_us=15504607
2026-03-25T16:08:05.902919Z  INFO ThreadId(20) Task dispatched task="DataCompress" drift_us=8090
2026-03-25T16:08:05.996752Z  INFO ThreadId(23) Task dispatched task="ThermalControl" drift_us=1908
2026-03-25T16:08:05.996808Z  WARN ThreadId(20) Buffer full: dropped packet dropped_sensor=Thermal dropped_seq=155 buffer_fill_pct=1.0 elapsed_us=15604442
2026-03-25T16:08:05.996834Z  WARN ThreadId(20) degraded mode enter/active buffer_fill_pct=1.0 elapsed_us=15604442
2026-03-25T16:08:05.996849Z  INFO ThreadId(20) sensor_read sensor="thermal" seq=155 value=42.11948922506984 drift_us=1999 jitter_us=297 latency_us=0 elapsed_us=15604440
2026-03-25T16:08:05.996877Z  INFO ThreadId(20) sensor_read sensor="power" seq=77 value=4.860402592037238 drift_us=2011 jitter_us=90 latency_us=1 elapsed_us=15604491
2026-03-25T16:08:06.097010Z  INFO ThreadId(22) Task dispatched task="ThermalControl" drift_us=2166
2026-03-25T16:08:06.097060Z  WARN ThreadId(22) Buffer full: dropped packet dropped_sensor=Thermal dropped_seq=156 buffer_fill_pct=1.0 elapsed_us=15704706
2026-03-25T16:08:06.097073Z  WARN ThreadId(22) degraded mode enter/active buffer_fill_pct=1.0 elapsed_us=15704706
2026-03-25T16:08:06.097080Z  INFO ThreadId(22) sensor_read sensor="thermal" seq=156 value=79.27651558202092 drift_us=2263 jitter_us=399 latency_us=0 elapsed_us=15704704
2026-03-25T16:08:06.196509Z  INFO ThreadId(22) Task dispatched task="ThermalControl" drift_us=1672
2026-03-25T16:08:06.196520Z  WARN ThreadId(20) Buffer full: dropped packet dropped_sensor=Thermal dropped_seq=157 buffer_fill_pct=1.0 elapsed_us=15804163
2026-03-25T16:08:06.196530Z  WARN ThreadId(20) degraded mode enter/active buffer_fill_pct=1.0 elapsed_us=15804163
2026-03-25T16:08:06.196534Z  INFO ThreadId(20) sensor_read sensor="thermal" seq=157 value=38.17980830665924 drift_us=1720 jitter_us=807 latency_us=1 elapsed_us=15804161
2026-03-25T16:08:06.196567Z  INFO ThreadId(23) sensor_read sensor="power" seq=78 value=1.9912394269016744 drift_us=1729 jitter_us=312 latency_us=0 elapsed_us=15804209
2026-03-25T16:08:06.296692Z  INFO ThreadId(23) Task dispatched task="ThermalControl" drift_us=1856
2026-03-25T16:08:06.296726Z  WARN ThreadId(23) Buffer full: dropped packet dropped_sensor=Thermal dropped_seq=158 buffer_fill_pct=1.0 elapsed_us=15904374
2026-03-25T16:08:06.296736Z  WARN ThreadId(23) degraded mode enter/active buffer_fill_pct=1.0 elapsed_us=15904374
2026-03-25T16:08:06.296739Z  INFO ThreadId(23) sensor_read sensor="thermal" seq=158 value=71.20890908152964 drift_us=1932 jitter_us=755 latency_us=0 elapsed_us=15904373
2026-03-25T16:08:06.397569Z  INFO ThreadId(25) Task dispatched task="ThermalControl" drift_us=2723
2026-03-25T16:08:06.397587Z ERROR ThreadId(23) JITTER LIMIT VIOLATED (>1ms) sensor="power" jitter_us=1296
2026-03-25T16:08:06.397598Z  INFO ThreadId(23) sensor_read sensor="power" seq=79 value=4.840962979246273 drift_us=2743 jitter_us=1296 latency_us=0 elapsed_us=16005223
2026-03-25T16:08:06.397608Z  WARN ThreadId(25) Buffer full: dropped packet dropped_sensor=Thermal dropped_seq=159 buffer_fill_pct=1.0 elapsed_us=16005258
2026-03-25T16:08:06.397618Z  WARN ThreadId(25) degraded mode enter/active buffer_fill_pct=1.0 elapsed_us=16005258
2026-03-25T16:08:06.397621Z  INFO ThreadId(25) sensor_read sensor="thermal" seq=159 value=28.091048983360455 drift_us=2816 jitter_us=672 latency_us=0 elapsed_us=16005257
2026-03-25T16:08:06.397623Z ERROR ThreadId(23) WATCHDOG: task is STALE — would restart task="uplink_rx" last_seen_s=5 now_s=16
2026-03-25T16:08:06.397691Z  INFO ThreadId(22) sensor_read sensor="imu" seq=31 value=-0.014784793878727776 drift_us=2841 jitter_us=972 latency_us=1 elapsed_us=16005312
2026-03-25T16:08:06.403698Z  INFO ThreadId(23) Task dispatched task="DataCompress" drift_us=8870
2026-03-25T16:08:06.425578Z  INFO ThreadId(23) Task dispatched task="HealthMonitor" drift_us=30742
2026-03-25T16:08:06.496709Z  INFO ThreadId(23) Task dispatched task="ThermalControl" drift_us=1873
2026-03-25T16:08:06.496757Z  WARN ThreadId(20) JITTER EXCEEDED 1ms limit sensor="thermal" jitter_us=1746 consecutive_miss=1 limit_us=1000 elapsed_us=16104395
2026-03-25T16:08:06.496777Z  WARN ThreadId(20) Buffer full: dropped packet dropped_sensor=Thermal dropped_seq=160 buffer_fill_pct=1.0 elapsed_us=16104425
2026-03-25T16:08:06.496794Z  WARN ThreadId(20) degraded mode enter/active buffer_fill_pct=1.0 elapsed_us=16104425
2026-03-25T16:08:06.496799Z  INFO ThreadId(20) sensor_read sensor="thermal" seq=160 value=64.44265759442962 drift_us=1954 jitter_us=1746 latency_us=1 elapsed_us=16104395
2026-03-25T16:08:06.596276Z  INFO ThreadId(20) Task dispatched task="ThermalControl" drift_us=1438
2026-03-25T16:08:06.596283Z  WARN ThreadId(23) Buffer full: dropped packet dropped_sensor=Thermal dropped_seq=161 buffer_fill_pct=1.0 elapsed_us=16203927
2026-03-25T16:08:06.596295Z  WARN ThreadId(23) degraded mode enter/active buffer_fill_pct=1.0 elapsed_us=16203927
2026-03-25T16:08:06.596297Z  INFO ThreadId(23) sensor_read sensor="thermal" seq=161 value=36.24501430524623 drift_us=1484 jitter_us=392 latency_us=0 elapsed_us=16203925
2026-03-25T16:08:06.596307Z ERROR ThreadId(20) JITTER LIMIT VIOLATED (>1ms) sensor="power" jitter_us=2285
2026-03-25T16:08:06.596309Z  INFO ThreadId(20) sensor_read sensor="power" seq=80 value=3.788809471464003 drift_us=1472 jitter_us=2285 latency_us=0 elapsed_us=16203952
2026-03-25T16:08:06.696565Z  INFO ThreadId(02) Task dispatched task="ThermalControl" drift_us=1728
2026-03-25T16:08:06.696586Z  WARN ThreadId(20) Buffer full: dropped packet dropped_sensor=Thermal dropped_seq=162 buffer_fill_pct=1.0 elapsed_us=16304233
2026-03-25T16:08:06.696595Z  WARN ThreadId(20) degraded mode enter/active buffer_fill_pct=1.0 elapsed_us=16304233
2026-03-25T16:08:06.696598Z  INFO ThreadId(20) sensor_read sensor="thermal" seq=162 value=54.16853976968806 drift_us=1790 jitter_us=776 latency_us=1 elapsed_us=16304231
2026-03-25T16:08:06.796862Z  INFO ThreadId(25) Task dispatched task="ThermalControl" drift_us=2022
2026-03-25T16:08:06.796867Z  WARN ThreadId(22) Buffer full: dropped packet dropped_sensor=Thermal dropped_seq=163 buffer_fill_pct=1.0 elapsed_us=16404509
2026-03-25T16:08:06.796880Z  WARN ThreadId(22) degraded mode enter/active buffer_fill_pct=1.0 elapsed_us=16404509
2026-03-25T16:08:06.796882Z  INFO ThreadId(22) sensor_read sensor="thermal" seq=163 value=40.42788851547306 drift_us=2067 jitter_us=29 latency_us=0 elapsed_us=16404508
2026-03-25T16:08:06.796889Z ERROR ThreadId(02) JITTER LIMIT VIOLATED (>1ms) sensor="power" jitter_us=1856
2026-03-25T16:08:06.796895Z  INFO ThreadId(02) sensor_read sensor="power" seq=81 value=1.9644955567083544 drift_us=2057 jitter_us=1856 latency_us=1 elapsed_us=16404537
2026-03-25T16:08:06.896992Z  INFO ThreadId(23) Task dispatched task="ThermalControl" drift_us=2155
2026-03-25T16:08:06.897001Z  WARN ThreadId(22) Buffer full: dropped packet dropped_sensor=Thermal dropped_seq=164 buffer_fill_pct=1.0 elapsed_us=16504645
2026-03-25T16:08:06.897012Z  WARN ThreadId(22) degraded mode enter/active buffer_fill_pct=1.0 elapsed_us=16504645
2026-03-25T16:08:06.897016Z  INFO ThreadId(22) sensor_read sensor="thermal" seq=164 value=54.129413093844256 drift_us=2202 jitter_us=142 latency_us=0 elapsed_us=16504643
2026-03-25T16:08:06.897023Z ERROR ThreadId(22) JITTER LIMIT VIOLATED (>1ms) sensor="imu" jitter_us=1354
2026-03-25T16:08:06.897025Z  INFO ThreadId(22) sensor_read sensor="imu" seq=32 value=0.08812750990490176 drift_us=2192 jitter_us=1354 latency_us=0 elapsed_us=16504663
2026-03-25T16:08:06.903943Z  INFO ThreadId(23) Task dispatched task="DataCompress" drift_us=9116
2026-03-25T16:08:06.995912Z  INFO ThreadId(22) Task dispatched task="ThermalControl" drift_us=1072
2026-03-25T16:08:06.995917Z  WARN ThreadId(23) JITTER EXCEEDED 1ms limit sensor="thermal" jitter_us=1216 consecutive_miss=1 limit_us=1000 elapsed_us=16603562
2026-03-25T16:08:06.995935Z  WARN ThreadId(23) Buffer full: dropped packet dropped_sensor=Thermal dropped_seq=165 buffer_fill_pct=1.0 elapsed_us=16603585
2026-03-25T16:08:06.995941Z  WARN ThreadId(23) degraded mode enter/active buffer_fill_pct=1.0 elapsed_us=16603585
2026-03-25T16:08:06.995943Z  INFO ThreadId(23) sensor_read sensor="thermal" seq=165 value=58.859925263433595 drift_us=1121 jitter_us=1216 latency_us=0 elapsed_us=16603562
2026-03-25T16:08:06.995949Z ERROR ThreadId(22) JITTER LIMIT VIOLATED (>1ms) sensor="power" jitter_us=1523
2026-03-25T16:08:06.995951Z  INFO ThreadId(22) sensor_read sensor="power" seq=82 value=1.2775761375749832 drift_us=1119 jitter_us=1523 latency_us=0 elapsed_us=16603599
2026-03-25T16:08:07.095731Z  INFO ThreadId(20) Task dispatched task="ThermalControl" drift_us=890
2026-03-25T16:08:07.095737Z  WARN ThreadId(02) Buffer full: dropped packet dropped_sensor=Thermal dropped_seq=166 buffer_fill_pct=1.0 elapsed_us=16703384
2026-03-25T16:08:07.095753Z  WARN ThreadId(02) degraded mode enter/active buffer_fill_pct=1.0 elapsed_us=16703384
2026-03-25T16:08:07.095756Z  INFO ThreadId(02) sensor_read sensor="thermal" seq=166 value=31.37570045839244 drift_us=942 jitter_us=902 latency_us=0 elapsed_us=16703383
2026-03-25T16:08:07.196741Z  INFO ThreadId(02) Task dispatched task="ThermalControl" drift_us=1903
2026-03-25T16:08:07.196809Z ERROR ThreadId(23) JITTER LIMIT VIOLATED (>1ms) sensor="power" jitter_us=1793
2026-03-25T16:08:07.196816Z  INFO ThreadId(23) sensor_read sensor="power" seq=83 value=4.661279073603055 drift_us=1974 jitter_us=1793 latency_us=1 elapsed_us=16804454
2026-03-25T16:08:07.196819Z  WARN ThreadId(22) JITTER EXCEEDED 1ms limit sensor="thermal" jitter_us=1238 consecutive_miss=1 limit_us=1000 elapsed_us=16804442
2026-03-25T16:08:07.196848Z  WARN ThreadId(22) Buffer full: dropped packet dropped_sensor=Thermal dropped_seq=167 buffer_fill_pct=1.0 elapsed_us=16804496
2026-03-25T16:08:07.196869Z  WARN ThreadId(22) degraded mode enter/active buffer_fill_pct=1.0 elapsed_us=16804496
2026-03-25T16:08:07.196874Z  INFO ThreadId(22) sensor_read sensor="thermal" seq=167 value=50.99137104751574 drift_us=2001 jitter_us=1238 latency_us=0 elapsed_us=16804442
2026-03-25T16:08:07.295986Z  INFO ThreadId(22) Task dispatched task="ThermalControl" drift_us=1140
2026-03-25T16:08:07.296027Z  WARN ThreadId(25) JITTER EXCEEDED 1ms limit sensor="thermal" jitter_us=1827 consecutive_miss=2 limit_us=1000 elapsed_us=16903674
2026-03-25T16:08:07.296037Z  WARN ThreadId(25) Buffer full: dropped packet dropped_sensor=Thermal dropped_seq=168 buffer_fill_pct=1.0 elapsed_us=16903687
2026-03-25T16:08:07.296042Z  WARN ThreadId(25) degraded mode enter/active buffer_fill_pct=1.0 elapsed_us=16903687
2026-03-25T16:08:07.296046Z  INFO ThreadId(25) sensor_read sensor="thermal" seq=168 value=28.810028050760277 drift_us=1233 jitter_us=1827 latency_us=0 elapsed_us=16903674
2026-03-25T16:08:07.396904Z  INFO ThreadId(22) Task dispatched task="ThermalControl" drift_us=2067
2026-03-25T16:08:07.396914Z  INFO ThreadId(20) sensor_read sensor="power" seq=84 value=4.498083206098322 drift_us=2074 jitter_us=755 latency_us=0 elapsed_us=17004554
2026-03-25T16:08:07.396929Z  WARN ThreadId(22) JITTER EXCEEDED 1ms limit sensor="thermal" jitter_us=1674 consecutive_miss=3 limit_us=1000 elapsed_us=17004580
2026-03-25T16:08:07.396931Z  INFO ThreadId(20) sensor_read sensor="imu" seq=33 value=-0.08338175018556787 drift_us=2111 jitter_us=568 latency_us=0 elapsed_us=17004582
2026-03-25T16:08:07.396933Z  WARN ThreadId(22) Buffer full: dropped packet dropped_sensor=Thermal dropped_seq=169 buffer_fill_pct=1.0 elapsed_us=17004585
2026-03-25T16:08:07.396937Z  WARN ThreadId(22) degraded mode enter/active buffer_fill_pct=1.0 elapsed_us=17004585
2026-03-25T16:08:07.396934Z ERROR ThreadId(25) WATCHDOG: task is STALE — would restart task="uplink_rx" last_seen_s=5 now_s=17
2026-03-25T16:08:07.396939Z  INFO ThreadId(22) sensor_read sensor="thermal" seq=169 value=69.32398187132802 drift_us=2139 jitter_us=1674 latency_us=0 elapsed_us=17004580
2026-03-25T16:08:07.403631Z  INFO ThreadId(22) Task dispatched task="DataCompress" drift_us=8800
2026-03-25T16:08:07.425815Z  INFO ThreadId(22) Task dispatched task="HealthMonitor" drift_us=30976
2026-03-25T16:08:07.496898Z  INFO ThreadId(22) Task dispatched task="ThermalControl" drift_us=2061
2026-03-25T16:08:07.496925Z  WARN ThreadId(22) Buffer full: dropped packet dropped_sensor=Thermal dropped_seq=170 buffer_fill_pct=1.0 elapsed_us=17104575
2026-03-25T16:08:07.496930Z  WARN ThreadId(22) degraded mode enter/active buffer_fill_pct=1.0 elapsed_us=17104575
2026-03-25T16:08:07.496932Z  INFO ThreadId(22) sensor_read sensor="thermal" seq=170 value=70.73869012981875 drift_us=2133 jitter_us=912 latency_us=0 elapsed_us=17104574
2026-03-25T16:08:07.596692Z  INFO ThreadId(22) Task dispatched task="ThermalControl" drift_us=1840
2026-03-25T16:08:07.596691Z  WARN ThreadId(25) Buffer full: dropped packet dropped_sensor=Thermal dropped_seq=171 buffer_fill_pct=1.0 elapsed_us=17204334
2026-03-25T16:08:07.596711Z  WARN ThreadId(25) degraded mode enter/active buffer_fill_pct=1.0 elapsed_us=17204334
2026-03-25T16:08:07.596714Z  INFO ThreadId(25) sensor_read sensor="thermal" seq=171 value=66.99938752715197 drift_us=1891 jitter_us=236 latency_us=0 elapsed_us=17204332
2026-03-25T16:08:07.596723Z  INFO ThreadId(25) sensor_read sensor="power" seq=85 value=1.1279293172751323 drift_us=1887 jitter_us=287 latency_us=0 elapsed_us=17204367
2026-03-25T16:08:07.696955Z  INFO ThreadId(02) Task dispatched task="ThermalControl" drift_us=2115
2026-03-25T16:08:07.696978Z  WARN ThreadId(25) Buffer full: dropped packet dropped_sensor=Thermal dropped_seq=172 buffer_fill_pct=1.0 elapsed_us=17304624
2026-03-25T16:08:07.696988Z  WARN ThreadId(25) degraded mode enter/active buffer_fill_pct=1.0 elapsed_us=17304624
2026-03-25T16:08:07.696994Z  INFO ThreadId(25) sensor_read sensor="thermal" seq=172 value=30.41802536633101 drift_us=2182 jitter_us=533 latency_us=0 elapsed_us=17304623
2026-03-25T16:08:07.795848Z  INFO ThreadId(20) Task dispatched task="ThermalControl" drift_us=1002
2026-03-25T16:08:07.795914Z  INFO ThreadId(25) sensor_read sensor="power" seq=86 value=2.885751718736975 drift_us=1080 jitter_us=620 latency_us=0 elapsed_us=17403560
2026-03-25T16:08:07.795907Z  WARN ThreadId(02) JITTER EXCEEDED 1ms limit sensor="thermal" jitter_us=1374 consecutive_miss=1 limit_us=1000 elapsed_us=17403540
2026-03-25T16:08:07.795942Z  WARN ThreadId(02) Buffer full: dropped packet dropped_sensor=Thermal dropped_seq=173 buffer_fill_pct=1.0 elapsed_us=17403583
2026-03-25T16:08:07.795955Z  WARN ThreadId(02) degraded mode enter/active buffer_fill_pct=1.0 elapsed_us=17403583
2026-03-25T16:08:07.795962Z  INFO ThreadId(02) sensor_read sensor="thermal" seq=173 value=51.77300987074314 drift_us=1099 jitter_us=1374 latency_us=0 elapsed_us=17403540
2026-03-25T16:08:07.896871Z  INFO ThreadId(02) Task dispatched task="ThermalControl" drift_us=2029
2026-03-25T16:08:07.896896Z  WARN ThreadId(23) JITTER EXCEEDED 1ms limit sensor="thermal" jitter_us=2078 consecutive_miss=2 limit_us=1000 elapsed_us=17504535
2026-03-25T16:08:07.896912Z  WARN ThreadId(23) Buffer full: dropped packet dropped_sensor=Thermal dropped_seq=174 buffer_fill_pct=1.0 elapsed_us=17504562
2026-03-25T16:08:07.896921Z  WARN ThreadId(23) degraded mode enter/active buffer_fill_pct=1.0 elapsed_us=17504562
2026-03-25T16:08:07.896925Z  INFO ThreadId(23) sensor_read sensor="thermal" seq=174 value=28.27846624517273 drift_us=2094 jitter_us=2078 latency_us=0 elapsed_us=17504535
2026-03-25T16:08:07.896939Z  INFO ThreadId(23) sensor_read sensor="imu" seq=34 value=-0.08641616952492091 drift_us=2104 jitter_us=74 latency_us=0 elapsed_us=17504575
2026-03-25T16:08:07.902883Z  INFO ThreadId(02) Task dispatched task="DataCompress" drift_us=8055
2026-03-25T16:08:07.996606Z  INFO ThreadId(02) Task dispatched task="ThermalControl" drift_us=1761
2026-03-25T16:08:07.996623Z  WARN ThreadId(20) JITTER EXCEEDED 1ms limit sensor="thermal" jitter_us=1278 consecutive_miss=3 limit_us=1000 elapsed_us=17604252
2026-03-25T16:08:07.996641Z  WARN ThreadId(20) Buffer full: dropped packet dropped_sensor=Thermal dropped_seq=175 buffer_fill_pct=1.0 elapsed_us=17604290
2026-03-25T16:08:07.996648Z  WARN ThreadId(20) degraded mode enter/active buffer_fill_pct=1.0 elapsed_us=17604290
2026-03-25T16:08:07.996650Z  INFO ThreadId(20) sensor_read sensor="thermal" seq=175 value=74.64978721374942 drift_us=1811 jitter_us=1278 latency_us=0 elapsed_us=17604252
2026-03-25T16:08:07.996679Z ERROR ThreadId(23) JITTER LIMIT VIOLATED (>1ms) sensor="power" jitter_us=1565
2026-03-25T16:08:07.996698Z  INFO ThreadId(23) sensor_read sensor="power" seq=87 value=4.4314447795368554 drift_us=1838 jitter_us=1565 latency_us=0 elapsed_us=17604318
2026-03-25T16:08:08.096648Z  INFO ThreadId(20) Task dispatched task="ThermalControl" drift_us=1809
2026-03-25T16:08:08.096677Z  WARN ThreadId(20) Buffer full: dropped packet dropped_sensor=Thermal dropped_seq=176 buffer_fill_pct=1.0 elapsed_us=17704327
2026-03-25T16:08:08.096683Z  WARN ThreadId(20) degraded mode enter/active buffer_fill_pct=1.0 elapsed_us=17704327
2026-03-25T16:08:08.096686Z  INFO ThreadId(20) sensor_read sensor="thermal" seq=176 value=60.68339431709627 drift_us=1885 jitter_us=357 latency_us=0 elapsed_us=17704326
2026-03-25T16:08:08.196760Z  INFO ThreadId(02) Task dispatched task="ThermalControl" drift_us=1901
2026-03-25T16:08:08.196811Z  WARN ThreadId(20) Buffer full: dropped packet dropped_sensor=Thermal dropped_seq=177 buffer_fill_pct=1.0 elapsed_us=17804444
2026-03-25T16:08:08.196837Z  WARN ThreadId(20) degraded mode enter/active buffer_fill_pct=1.0 elapsed_us=17804444
2026-03-25T16:08:08.196850Z  INFO ThreadId(20) sensor_read sensor="thermal" seq=177 value=75.49232244117324 drift_us=2000 jitter_us=41 latency_us=0 elapsed_us=17804441
2026-03-25T16:08:08.196873Z  INFO ThreadId(20) sensor_read sensor="power" seq=88 value=2.5076220869804873 drift_us=1976 jitter_us=620 latency_us=0 elapsed_us=17804456
2026-03-25T16:08:08.295807Z  INFO ThreadId(25) Task dispatched task="ThermalControl" drift_us=953
2026-03-25T16:08:08.295849Z  WARN ThreadId(23) JITTER EXCEEDED 1ms limit sensor="thermal" jitter_us=1065 consecutive_miss=1 limit_us=1000 elapsed_us=17903491
2026-03-25T16:08:08.295876Z  WARN ThreadId(23) Buffer full: dropped packet dropped_sensor=Thermal dropped_seq=178 buffer_fill_pct=1.0 elapsed_us=17903519
2026-03-25T16:08:08.295889Z  WARN ThreadId(23) degraded mode enter/active buffer_fill_pct=1.0 elapsed_us=17903519
2026-03-25T16:08:08.295894Z  INFO ThreadId(23) sensor_read sensor="thermal" seq=178 value=44.37945464031232 drift_us=1050 jitter_us=1065 latency_us=0 elapsed_us=17903491
2026-03-25T16:08:08.396508Z  INFO ThreadId(23) Task dispatched task="ThermalControl" drift_us=1671
2026-03-25T16:08:08.396522Z  INFO ThreadId(01) Simulation timer expired. Shutting down.
2026-03-25T16:08:08.396533Z  WARN ThreadId(23) JITTER EXCEEDED 1ms limit sensor="thermal" jitter_us=1642 consecutive_miss=2 limit_us=1000 elapsed_us=18004183
2026-03-25T16:08:08.396541Z  WARN ThreadId(23) Buffer full: dropped packet dropped_sensor=Thermal dropped_seq=179 buffer_fill_pct=1.0 elapsed_us=18004190
2026-03-25T16:08:08.396546Z  WARN ThreadId(23) degraded mode enter/active buffer_fill_pct=1.0 elapsed_us=18004190
2026-03-25T16:08:08.396549Z  INFO ThreadId(23) sensor_read sensor="thermal" seq=179 value=29.66585419993939 drift_us=1742 jitter_us=1642 latency_us=0 elapsed_us=18004183
2026-03-25T16:08:08.396559Z  INFO ThreadId(23) thermal_sensor: cancelled
2026-03-25T16:08:08.396551Z ERROR ThreadId(25) WATCHDOG: task is STALE — would restart task="uplink_rx" last_seen_s=5 now_s=18
2026-03-25T16:08:08.396561Z  INFO ThreadId(23) thermal_sensor final jitter stats sensor="thermal" p50=410 p99=2211 max=2355
2026-03-25T16:08:08.396581Z  INFO ThreadId(23) sensor_read sensor="power" seq=89 value=1.203538885294261 drift_us=1710 jitter_us=404 latency_us=1 elapsed_us=18004190
2026-03-25T16:08:08.396592Z  INFO ThreadId(23) sensor_read sensor="imu" seq=35 value=0.07521855984763648 drift_us=1744 jitter_us=353 latency_us=0 elapsed_us=18004215
2026-03-25T16:08:08.396648Z  INFO ThreadId(23) downlink_tx final queue latency stats p50=125 p99=51039
2026-03-25T16:08:08.402163Z  INFO ThreadId(01) === SATELLITE SIMULATION COMPLETE === total_thermal_packets=173 total_dropped_packets=69 peak_buffer_fill=64 thermal_jitter_p50_us=410 thermal_jitter_p99_us=2211 thermal_jitter_max_us=2355 downlink_queue_latency_p50_us=125 downlink_queue_latency_p99_us=51039 rms_thermal_violations=0 rms_compress_violations=0 rms_health_violations=0 cpu_util_pct=0.0 total_faults_injected=1 max_recovery_ms=201 mission_aborts=1
